STATE;STATENAME;ST_CASE;VE_TOTAL;VE_FORMS;PVH_INVL;PEDS;PERSONS;PERMVIT;PERNOTMVIT;COUNTY;COUNTYNAME;CITY;CITYNAME;DAY;DAYNAME;MONTH;MONTHNAME;YEAR;DAY_WEEK;DAY_WEEKNAME;HOUR;HOURNAME;MINUTE;MINUTENAME;NHS;NHSNAME;ROUTE;ROUTENAME;TWAY_ID;TWAY_ID2;RUR_URB;RUR_URBNAME;FUNC_SYS;FUNC_SYSNAME;RD_OWNER;RD_OWNERNAME;MILEPT;MILEPTNAME;LATITUDE;LATITUDENAME;LONGITUD;LONGITUDNAME;SP_JUR;SP_JURNAME;HARM_EV;HARM_EVNAME;MAN_COLL;MAN_COLLNAME;RELJCT1;RELJCT1NAME;RELJCT2;RELJCT2NAME;TYP_INT;TYP_INTNAME;WRK_ZONE;WRK_ZONENAME;REL_ROAD;REL_ROADNAME;LGT_COND;LGT_CONDNAME;WEATHER1;WEATHER1NAME;WEATHER2;WEATHER2NAME;WEATHER;WEATHERNAME;SCH_BUS;SCH_BUSNAME;RAIL;RAILNAME;NOT_HOUR;NOT_HOURNAME;NOT_MIN;NOT_MINNAME;ARR_HOUR;ARR_HOURNAME;ARR_MIN;ARR_MINNAME;HOSP_HR;HOSP_HRNAME;HOSP_MN;HOSP_MNNAME;CF1;CF1NAME;CF2;CF2NAME;CF3;CF3NAME;FATALS;DRUNK_DR
43;Puerto Rico;430001;1;1;0;1;1;1;1;72;PUERTO RICO (72);820;RIO GRANDE;3;3;1;January;2018;4;Wednesday;7;7:00am-7:59am;40;40;1;This section IS ON the NHS;1;Interstate;I-3;;1;Rural;1;Interstate;1;State Highway Agency;308;308;888.888;Not Available;8.888.888;Not Available;0;No Special Jurisdiction;8;Pedestrian;0;Not a Collision with Motor Vehicle In-Transport;0;No;1;Non-Junction;1;Not an Intersection;0;None;1;On Roadway;1;Daylight;1;Clear;0;No Additional Atmospheric Conditions;1;Clear;0;No;0;Not Applicable;7;7:00am-7:59am;40;40;7;7:00am-7:59am;45;45;88;Not Applicable (Not Transported);88;Not Applicable (Not Transported);0;None;0;None;0;None;1;0
43;Puerto Rico;430002;1;1;0;1;1;1;1;72;PUERTO RICO (72);360;DORADO;3;3;1;January;2018;4;Wednesday;21;9:00pm-9:59pm;20;20;0;This section IS NOT on the NHS;4;County Road;CR-2;;2;Urban;3;Principal Arterial - Other;2;County Highway Agency;248;248;888.888;Not Available;8.888.888;Not Available;0;No Special Jurisdiction;8;Pedestrian;0;Not a Collision with Motor Vehicle In-Transport;0;No;1;Non-Junction;1;Not an Intersection;0;None;1;On Roadway;2;Dark - Not Lighted;1;Clear;0;No Additional Atmospheric Conditions;1;Clear;0;No;0;Not Applicable;88;Not Applicable (Not Notified);88;Not Applicable (Not Notified);88;Not Applicable;88;Not Applicable;88;Not Applicable (Not Transported);88;Not Applicable (Not Transported);0;None;0;None;0;None;1;0
43;Puerto Rico;430003;2;2;0;0;3;3;0;72;PUERTO RICO (72);820;RIO GRANDE;3;3;1;January;2018;4;Wednesday;23;11:00pm-11:59pm;55;55;1;This section IS ON the NHS;4;County Road;CR-3;;2;Urban;3;Principal Arterial - Other;2;County Highway Agency;232;232;888.888;Not Available;8.888.888;Not Available;0;No Special Jurisdiction;12;Motor Vehicle In-Transport;6;Angle;0;No;1;Non-Junction;1;Not an Intersection;0;None;1;On Roadway;3;Dark - Lighted;1;Clear;0;No Additional Atmospheric Conditions;1;Clear;0;No;0;Not Applicable;23;11:00pm-11:59pm;55;55;12;12:00pm-12:59pm;5;5;88;Not Applicable (Not Transported);88;Not Applicable (Not Transported);0;None;0;None;0;None;1;0
43;Puerto Rico;430004;1;1;0;1;1;1;1;72;PUERTO RICO (72);930;SAN JUAN;5;5;1;January;2018;6;Friday;11;11:00am-11:59am;46;46;0;This section IS NOT on the NHS;4;County Road;CR-MONFORTE ST;;2;Urban;5;Major Collector;2;County Highway Agency;0;None;888.888;Not Available;8.888.888;Not Available;0;No Special Jurisdiction;8;Pedestrian;0;Not a Collision with Motor Vehicle In-Transport;0;No;1;Non-Junction;1;Not an Intersection;0;None;1;On Roadway;1;Daylight;1;Clear;0;No Additional Atmospheric Conditions;1;Clear;0;No;0;Not Applicable;88;Not Applicable (Not Notified);88;Not Applicable (Not Notified);88;Not Applicable;88;Not Applicable;88;Not Applicable (Not Transported);88;Not Applicable (Not Transported);0;None;0;None;0;None;1;0
43;Puerto Rico;430005;1;1;0;1;1;1;1;72;PUERTO RICO (72);30;AGUADILLA;5;5;1;January;2018;6;Friday;23;11:00pm-11:59pm;50;50;1;This section IS ON the NHS;1;Interstate;I-2;;1;Rural;1;Interstate;1;State Highway Agency;1195;1195;888.888;Not Available;8.888.888;Not Available;0;No Special Jurisdiction;8;Pedestrian;0;Not a Collision with Motor Vehicle In-Transport;0;No;1;Non-Junction;1;Not an Intersection;0;None;1;On Roadway;2;Dark - Not Lighted;1;Clear;0;No Additional Atmospheric Conditions;1;Clear;0;No;0;Not Applicable;88;Not Applicable (Not Notified);88;Not Applicable (Not Notified);88;Not Applicable;88;Not Applicable;88;Not Applicable (Not Transported);88;Not Applicable (Not Transported);0;None;0;None;0;None;1;0
43;Puerto Rico;430006;1;1;0;1;1;1;1;72;PUERTO RICO (72);750;PENUELAS, PENUELAS;6;6;1;January;2018;7;Saturday;18;6:00pm-6:59pm;45;45;0;This section IS NOT on the NHS;4;County Road;CR-132;;1;Rural;6;Minor Collector;2;County Highway Agency;89;89;888.888;Not Available;8.888.888;Not Available;0;No Special Jurisdiction;8;Pedestrian;0;Not a Collision with Motor Vehicle In-Transport;0;No;1;Non-Junction;1;Not an Intersection;0;None;1;On Roadway;2;Dark - Not Lighted;1;Clear;0;No Additional Atmospheric Conditions;1;Clear;0;No;0;Not Applicable;88;Not Applicable (Not Notified);88;Not Applicable (Not Notified);88;Not Applicable;88;Not Applicable;88;Not Applicable (Not Transported);88;Not Applicable (Not Transported);0;None;0;None;0;None;1;0
43;Puerto Rico;430007;2;2;0;0;2;2;0;72;PUERTO RICO (72);30;AGUADILLA;7;7;1;January;2018;1;Sunday;0;0:00am-0:59am;5;5;0;This section IS NOT on the NHS;4;County Road;CR-111;;1;Rural;4;Minor Arterial;2;County Highway Agency;20;20;888.888;Not Available;8.888.888;Not Available;0;No Special Jurisdiction;12;Motor Vehicle In-Transport;8;Sideswipe - Opposite Direction;0;No;1;Non-Junction;1;Not an Intersection;0;None;1;On Roadway;2;Dark - Not Lighted;1;Clear;0;No Additional Atmospheric Conditions;1;Clear;0;No;0;Not Applicable;88;Not Applicable (Not Notified);88;Not Applicable (Not Notified);88;Not Applicable;88;Not Applicable;88;Not Applicable (Not Transported);88;Not Applicable (Not Transported);0;None;0;None;0;None;1;0
43;Puerto Rico;430008;1;1;0;1;1;1;1;72;PUERTO RICO (72);600;LOIZA, LOIZA;13;13;1;January;2018;7;Saturday;5;5:00am-5:59am;15;15;0;This section IS NOT on the NHS;4;County Road;CR-187;;1;Rural;4;Minor Arterial;2;County Highway Agency;234;234;888.888;Not Available;8.888.888;Not Available;0;No Special Jurisdiction;8;Pedestrian;0;Not a Collision with Motor Vehicle In-Transport;0;No;1;Non-Junction;1;Not an Intersection;0;None;1;On Roadway;2;Dark - Not Lighted;1;Clear;0;No Additional Atmospheric Conditions;1;Clear;0;No;0;Not Applicable;88;Not Applicable (Not Notified);88;Not Applicable (Not Notified);88;Not Applicable;88;Not Applicable;88;Not Applicable (Not Transported);88;Not Applicable (Not Transported);0;None;0;None;0;None;1;0
43;Puerto Rico;430009;1;1;0;1;1;1;1;72;PUERTO RICO (72);90;ARECIBO;17;17;1;January;2018;4;Wednesday;5;5:00am-5:59am;50;50;0;This section IS NOT on the NHS;4;County Road;CR-PALMA ST;INT PASEO DE DIEGO;2;Urban;5;Major Collector;2;County Highway Agency;0;None;888.888;Not Available;8.888.888;Not Available;0;No Special Jurisdiction;8;Pedestrian;0;Not a Collision with Motor Vehicle In-Transport;1;Yes;2;Intersection;3;T-Intersection;0;None;1;On Roadway;2;Dark - Not Lighted;2;Rain;0;No Additional Atmospheric Conditions;2;Rain;0;No;0;Not Applicable;6;6:00am-6:59am;0;0;6;6:00am-6:59am;10;10;88;Not Applicable (Not Transported);88;Not Applicable (Not Transported);0;None;0;None;0;None;1;0
43;Puerto Rico;430010;1;1;0;1;1;1;1;72;PUERTO RICO (72);430;GUAYAMA;19;19;1;January;2018;6;Friday;6;6:00am-6:59am;0;0;0;This section IS NOT on the NHS;4;County Road;CR-54;;1;Rural;3;Principal Arterial - Other;2;County Highway Agency;15;15;888.888;Not Available;8.888.888;Not Available;0;No Special Jurisdiction;8;Pedestrian;0;Not a Collision with Motor Vehicle In-Transport;0;No;1;Non-Junction;1;Not an Intersection;0;None;1;On Roadway;2;Dark - Not Lighted;1;Clear;0;No Additional Atmospheric Conditions;1;Clear;0;No;0;Not Applicable;88;Not Applicable (Not Notified);88;Not Applicable (Not Notified);88;Not Applicable;88;Not Applicable;88;Not Applicable (Not Transported);88;Not Applicable (Not Transported);0;None;0;None;0;None;1;0
43;Puerto Rico;430011;2;2;0;1;2;2;1;72;PUERTO RICO (72);460;GURABO;21;21;1;January;2018;1;Sunday;2;2:00am-2:59am;20;20;1;This section IS ON the NHS;4;County Road;CR-30;;1;Rural;3;Principal Arterial - Other;2;County Highway Agency;92;92;888.888;Not Available;8.888.888;Not Available;0;No Special Jurisdiction;12;Motor Vehicle In-Transport;1;Front-to-Rear;0;No;1;Non-Junction;1;Not an Intersection;0;None;2;On Shoulder;2;Dark - Not Lighted;1;Clear;0;No Additional Atmospheric Conditions;1;Clear;0;No;0;Not Applicable;99;Unknown;98;Unknown if Notified;99;Unknown EMS Scene Arrival Hour;98;Unknown if Arrived;99;Unknown;98;Unknown if Transported;0;None;0;None;0;None;1;0
43;Puerto Rico;430012;1;1;0;0;2;2;0;72;PUERTO RICO (72);800;RINCON;21;21;1;January;2018;1;Sunday;2;2:00am-2:59am;14;14;0;This section IS NOT on the NHS;4;County Road;CR-115;;1;Rural;4;Minor Arterial;2;County Highway Agency;118;118;888.888;Not Available;8.888.888;Not Available;0;No Special Jurisdiction;42;Tree (Standing Only);0;Not a Collision with Motor Vehicle In-Transport;0;No;1;Non-Junction;1;Not an Intersection;0;None;4;On Roadside;2;Dark - Not Lighted;1;Clear;0;No Additional Atmospheric Conditions;1;Clear;0;No;0;Not Applicable;99;Unknown;98;Unknown if Notified;99;Unknown EMS Scene Arrival Hour;98;Unknown if Arrived;99;Unknown;98;Unknown if Transported;0;None;0;None;0;None;1;0
43;Puerto Rico;430013;2;2;0;0;3;3;0;72;PUERTO RICO (72);550;LAJAS;28;28;1;January;2018;1;Sunday;2;2:00am-2:59am;50;50;0;This section IS NOT on the NHS;4;County Road;CR-116;;1;Rural;3;Principal Arterial - Other;2;County Highway Agency;100;100;888.888;Not Available;8.888.888;Not Available;0;No Special Jurisdiction;12;Motor Vehicle In-Transport;2;Front-to-Front;0;No;1;Non-Junction;1;Not an Intersection;0;None;1;On Roadway;2;Dark - Not Lighted;1;Clear;0;No Additional Atmospheric Conditions;1;Clear;0;No;0;Not Applicable;99;Unknown;98;Unknown if Notified;99;Unknown EMS Scene Arrival Hour;98;Unknown if Arrived;99;Unknown;98;Unknown if Transported;0;None;0;None;0;None;1;0
43;Puerto Rico;430014;1;1;0;1;1;1;1;72;PUERTO RICO (72);450;GUAYNABO;30;30;1;January;2018;3;Tuesday;19;7:00pm-7:59pm;30;30;1;This section IS ON the NHS;4;County Road;CR-20;;2;Urban;2;Principal Arterial - Other Freeways and Expressways;2;County Highway Agency;14;14;888.888;Not Available;8.888.888;Not Available;0;No Special Jurisdiction;8;Pedestrian;0;Not a Collision with Motor Vehicle In-Transport;0;No;1;Non-Junction;1;Not an Intersection;0;None;1;On Roadway;2;Dark - Not Lighted;1;Clear;0;No Additional Atmospheric Conditions;1;Clear;0;No;0;Not Applicable;88;Not Applicable (Not Notified);88;Not Applicable (Not Notified);88;Not Applicable;88;Not Applicable;88;Not Applicable (Not Transported);88;Not Applicable (Not Transported);0;None;0;None;0;None;1;0
43;Puerto Rico;430015;2;2;0;0;2;2;0;72;PUERTO RICO (72);930;SAN JUAN;31;31;1;January;2018;4;Wednesday;14;2:00pm-2:59pm;24;24;0;This section IS NOT on the NHS;4;County Road;CR-CHARDON ST;;2;Urban;5;Major Collector;2;County Highway Agency;0;None;888.888;Not Available;8.888.888;Not Available;0;No Special Jurisdiction;12;Motor Vehicle In-Transport;6;Angle;0;No;1;Non-Junction;1;Not an Intersection;0;None;1;On Roadway;1;Daylight;1;Clear;0;No Additional Atmospheric Conditions;1;Clear;0;No;0;Not Applicable;14;2:00pm-2:59pm;24;24;14;2:00pm-2:59pm;30;30;88;Not Applicable (Not Transported);88;Not Applicable (Not Transported);0;None;0;None;0;None;1;1
43;Puerto Rico;430016;1;1;0;0;1;1;0;72;PUERTO RICO (72);740;PATILLAS;4;4;2;February;2018;1;Sunday;11;11:00am-11:59am;50;50;0;This section IS NOT on the NHS;4;County Road;CR-3;;1;Rural;3;Principal Arterial - Other;2;County Highway Agency;1191;1191;888.888;Not Available;8.888.888;Not Available;0;No Special Jurisdiction;43;Other Fixed Object;0;Not a Collision with Motor Vehicle In-Transport;0;No;1;Non-Junction;1;Not an Intersection;0;None;6;Off Roadway-Location Unknown;1;Daylight;1;Clear;0;No Additional Atmospheric Conditions;1;Clear;0;No;0;Not Applicable;88;Not Applicable (Not Notified);88;Not Applicable (Not Notified);88;Not Applicable;88;Not Applicable;88;Not Applicable (Not Transported);88;Not Applicable (Not Transported);0;None;0;None;0;None;1;1
43;Puerto Rico;430017;1;1;0;0;1;1;0;72;PUERTO RICO (72);930;SAN JUAN;10;10;1;January;2018;4;Wednesday;20;8:00pm-8:59pm;36;36;0;This section IS NOT on the NHS;4;County Road;CR-NEMESIO CANALES ST;;2;Urban;7;Local;2;County Highway Agency;0;None;888.888;Not Available;8.888.888;Not Available;0;No Special Jurisdiction;39;Wall;0;Not a Collision with Motor Vehicle In-Transport;0;No;1;Non-Junction;1;Not an Intersection;0;None;5;Outside Trafficway;3;Dark - Lighted;1;Clear;0;No Additional Atmospheric Conditions;1;Clear;0;No;0;Not Applicable;88;Not Applicable (Not Notified);88;Not Applicable (Not Notified);88;Not Applicable;88;Not Applicable;88;Not Applicable (Not Transported);88;Not Applicable (Not Transported);0;None;0;None;0;None;1;0
43;Puerto Rico;430018;1;1;0;0;3;3;0;72;PUERTO RICO (72);530;JUANA DIAZ;20;20;1;January;2018;7;Saturday;9;9:00am-9:59am;15;15;0;This section IS NOT on the NHS;4;County Road;CR-5522;;1;Rural;7;Local;2;County Highway Agency;0;None;888.888;Not Available;8.888.888;Not Available;0;No Special Jurisdiction;35;Embankment;0;Not a Collision with Motor Vehicle In-Transport;0;No;1;Non-Junction;1;Not an Intersection;0;None;4;On Roadside;1;Daylight;1;Clear;0;No Additional Atmospheric Conditions;1;Clear;0;No;0;Not Applicable;99;Unknown;98;Unknown if Notified;99;Unknown EMS Scene Arrival Hour;98;Unknown if Arrived;99;Unknown;98;Unknown if Transported;0;None;0;None;0;None;1;0
43;Puerto Rico;430019;1;1;0;1;1;1;1;72;PUERTO RICO (72);930;SAN JUAN;2;2;2;February;2018;6;Friday;20;8:00pm-8:59pm;10;10;1;This section IS ON the NHS;4;County Road;CR-1;;2;Urban;3;Principal Arterial - Other;2;County Highway Agency;185;185;888.888;Not Available;8.888.888;Not Available;0;No Special Jurisdiction;8;Pedestrian;0;Not a Collision with Motor Vehicle In-Transport;0;No;1;Non-Junction;1;Not an Intersection;0;None;1;On Roadway;2;Dark - Not Lighted;2;Rain;0;No Additional Atmospheric Conditions;2;Rain;0;No;0;Not Applicable;88;Not Applicable (Not Notified);88;Not Applicable (Not Notified);88;Not Applicable;88;Not Applicable;88;Not Applicable (Not Transported);88;Not Applicable (Not Transported);0;None;0;None;0;None;1;1
43;Puerto Rico;430020;1;1;0;1;1;1;1;72;PUERTO RICO (72);930;SAN JUAN;3;3;2;February;2018;7;Saturday;20;8:00pm-8:59pm;0;0;1;This section IS ON the NHS;4;County Road;CR-1;;2;Urban;3;Principal Arterial - Other;2;County Highway Agency;205;205;888.888;Not Available;8.888.888;Not Available;0;No Special Jurisdiction;8;Pedestrian;0;Not a Collision with Motor Vehicle In-Transport;0;No;1;Non-Junction;1;Not an Intersection;0;None;1;On Roadway;2;Dark - Not Lighted;1;Clear;0;No Additional Atmospheric Conditions;1;Clear;0;No;0;Not Applicable;88;Not Applicable (Not Notified);88;Not Applicable (Not Notified);88;Not Applicable;88;Not Applicable;88;Not Applicable (Not Transported);88;Not Applicable (Not Transported);0;None;0;None;0;None;1;0
43;Puerto Rico;430021;1;1;0;0;1;1;0;72;PUERTO RICO (72);120;BARCELONETA;8;8;2;February;2018;5;Thursday;20;8:00pm-8:59pm;8;8;0;This section IS NOT on the NHS;4;County Road;CR-140;;1;Rural;4;Minor Arterial;2;County Highway Agency;593;593;888.888;Not Available;8.888.888;Not Available;0;No Special Jurisdiction;30;Utility Pole/Light Support;0;Not a Collision with Motor Vehicle In-Transport;0;No;1;Non-Junction;1;Not an Intersection;0;None;4;On Roadside;2;Dark - Not Lighted;2;Rain;0;No Additional Atmospheric Conditions;2;Rain;0;No;0;Not Applicable;88;Not Applicable (Not Notified);88;Not Applicable (Not Notified);88;Not Applicable;88;Not Applicable;88;Not Applicable (Not Transported);88;Not Applicable (Not Transported);0;None;0;None;0;None;1;1
43;Puerto Rico;430022;1;1;0;1;0;0;1;72;PUERTO RICO (72);760;PONCE;9;9;2;February;2018;6;Friday;6;6:00am-6:59am;35;35;0;This section IS NOT on the NHS;4;County Road;CR-FERROCARRIL ST;;1;Rural;6;Minor Collector;2;County Highway Agency;0;None;888.888;Not Available;8.888.888;Not Available;0;No Special Jurisdiction;8;Pedestrian;0;Not a Collision with Motor Vehicle In-Transport;0;No;1;Non-Junction;1;Not an Intersection;0;None;1;On Roadway;1;Daylight;1;Clear;0;No Additional Atmospheric Conditions;1;Clear;0;No;0;Not Applicable;99;Unknown;98;Unknown if Notified;99;Unknown EMS Scene Arrival Hour;98;Unknown if Arrived;99;Unknown;98;Unknown if Transported;0;None;0;None;0;None;1;0
43;Puerto Rico;430023;5;5;0;0;5;5;0;72;PUERTO RICO (72);950;SN SEBASTIAN, SN SEBAST;9;9;2;February;2018;6;Friday;11;11:00am-11:59am;25;25;0;This section IS NOT on the NHS;4;County Road;CR-111;;1;Rural;3;Principal Arterial - Other;2;County Highway Agency;167;167;888.888;Not Available;8.888.888;Not Available;0;No Special Jurisdiction;12;Motor Vehicle In-Transport;6;Angle;0;No;1;Non-Junction;1;Not an Intersection;0;None;1;On Roadway;1;Daylight;1;Clear;0;No Additional Atmospheric Conditions;1;Clear;0;No;0;Not Applicable;99;Unknown;98;Unknown if Notified;99;Unknown EMS Scene Arrival Hour;98;Unknown if Arrived;99;Unknown;98;Unknown if Transported;0;None;0;None;0;None;1;0
43;Puerto Rico;430024;1;1;0;1;1;1;1;72;PUERTO RICO (72);820;RIO GRANDE;9;9;2;February;2018;6;Friday;18;6:00pm-6:59pm;55;55;1;This section IS ON the NHS;1;Interstate;I-3;;1;Rural;1;Interstate;1;State Highway Agency;314;314;888.888;Not Available;8.888.888;Not Available;0;No Special Jurisdiction;8;Pedestrian;0;Not a Collision with Motor Vehicle In-Transport;0;No;1;Non-Junction;1;Not an Intersection;0;None;1;On Roadway;3;Dark - Lighted;1;Clear;0;No Additional Atmospheric Conditions;1;Clear;0;No;0;Not Applicable;88;Not Applicable (Not Notified);88;Not Applicable (Not Notified);88;Not Applicable;88;Not Applicable;88;Not Applicable (Not Transported);88;Not Applicable (Not Transported);0;None;0;None;0;None;1;0
43;Puerto Rico;430025;1;1;0;1;1;1;1;72;PUERTO RICO (72);640;MAUNABO;9;9;2;February;2018;6;Friday;14;2:00pm-2:59pm;0;0;1;This section IS ON the NHS;1;Interstate;I-53;;1;Rural;1;Interstate;1;State Highway Agency;512;512;888.888;Not Available;8.888.888;Not Available;0;No Special Jurisdiction;9;Pedalcyclist;0;Not a Collision with Motor Vehicle In-Transport;0;No;1;Non-Junction;1;Not an Intersection;0;None;1;On Roadway;1;Daylight;1;Clear;0;No Additional Atmospheric Conditions;1;Clear;0;No;0;Not Applicable;88;Not Applicable (Not Notified);88;Not Applicable (Not Notified);88;Not Applicable;88;Not Applicable;88;Not Applicable (Not Transported);88;Not Applicable (Not Transported);0;None;0;None;0;None;1;0
43;Puerto Rico;430026;4;4;0;0;9;9;0;72;PUERTO RICO (72);1060;YAUCO;9;9;2;February;2018;6;Friday;10;10:00am-10:59am;15;15;0;This section IS NOT on the NHS;4;County Road;CR-2;INT SALIDA 200;2;Urban;3;Principal Arterial - Other;2;County Highway Agency;0;None;888.888;Not Available;8.888.888;Not Available;0;No Special Jurisdiction;12;Motor Vehicle In-Transport;1;Front-to-Rear;0;No;1;Non-Junction;1;Not an Intersection;0;None;1;On Roadway;1;Daylight;1;Clear;0;No Additional Atmospheric Conditions;1;Clear;0;No;0;Not Applicable;99;Unknown;98;Unknown if Notified;99;Unknown EMS Scene Arrival Hour;98;Unknown if Arrived;99;Unknown;98;Unknown if Transported;0;None;0;None;0;None;1;0
43;Puerto Rico;430027;1;1;0;1;1;1;1;72;PUERTO RICO (72);40;AGUAS BUENAS;10;10;2;February;2018;7;Saturday;22;10:00pm-10:59pm;11;11;0;This section IS NOT on the NHS;4;County Road;CR-156;;1;Rural;3;Principal Arterial - Other;2;County Highway Agency;523;523;888.888;Not Available;8.888.888;Not Available;0;No Special Jurisdiction;9;Pedalcyclist;0;Not a Collision with Motor Vehicle In-Transport;0;No;1;Non-Junction;1;Not an Intersection;0;None;1;On Roadway;2;Dark - Not Lighted;1;Clear;0;No Additional Atmospheric Conditions;1;Clear;0;No;0;Not Applicable;88;Not Applicable (Not Notified);88;Not Applicable (Not Notified);88;Not Applicable;88;Not Applicable;88;Not Applicable (Not Transported);88;Not Applicable (Not Transported);0;None;0;None;0;None;1;0
43;Puerto Rico;430028;1;1;0;0;2;2;0;72;PUERTO RICO (72);420;GUANICA;11;11;2;February;2018;1;Sunday;1;1:00am-1:59am;40;40;0;This section IS NOT on the NHS;4;County Road;CR-116;;1;Rural;2;Principal Arterial - Other Freeways and Expressways;2;County Highway Agency;225;225;888.888;Not Available;8.888.888;Not Available;0;No Special Jurisdiction;25;Concrete Traffic Barrier;0;Not a Collision with Motor Vehicle In-Transport;0;No;1;Non-Junction;1;Not an Intersection;0;None;3;On Median;2;Dark - Not Lighted;1;Clear;0;No Additional Atmospheric Conditions;1;Clear;0;No;0;Not Applicable;88;Not Applicable (Not Notified);88;Not Applicable (Not Notified);88;Not Applicable;88;Not Applicable;88;Not Applicable (Not Transported);88;Not Applicable (Not Transported);0;None;0;None;0;None;2;1
43;Puerto Rico;430029;2;2;0;0;3;3;0;72;PUERTO RICO (72);960;SANTA ISABEL;14;14;2;February;2018;4;Wednesday;14;2:00pm-2:59pm;1;1;0;This section IS NOT on the NHS;4;County Road;CR-1;;1;Rural;5;Major Collector;2;County Highway Agency;1061;1061;888.888;Not Available;8.888.888;Not Available;0;No Special Jurisdiction;12;Motor Vehicle In-Transport;6;Angle;0;No;1;Non-Junction;1;Not an Intersection;0;None;1;On Roadway;1;Daylight;1;Clear;0;No Additional Atmospheric Conditions;1;Clear;0;No;0;Not Applicable;88;Not Applicable (Not Notified);88;Not Applicable (Not Notified);88;Not Applicable;88;Not Applicable;88;Not Applicable (Not Transported);88;Not Applicable (Not Transported);0;None;0;None;0;None;1;0
43;Puerto Rico;430030;2;2;0;0;2;2;0;72;PUERTO RICO (72);470;HATILLO;27;27;2;February;2018;3;Tuesday;1;1:00am-1:59am;45;45;1;This section IS ON the NHS;1;Interstate;I-2;;2;Urban;1;Interstate;1;State Highway Agency;877;877;888.888;Not Available;8.888.888;Not Available;0;No Special Jurisdiction;12;Motor Vehicle In-Transport;6;Angle;0;No;1;Non-Junction;1;Not an Intersection;0;None;1;On Roadway;2;Dark - Not Lighted;2;Rain;0;No Additional Atmospheric Conditions;2;Rain;0;No;0;Not Applicable;99;Unknown;98;Unknown if Notified;99;Unknown EMS Scene Arrival Hour;98;Unknown if Arrived;99;Unknown;98;Unknown if Transported;0;None;0;None;0;None;1;0
43;Puerto Rico;430031;1;1;0;1;1;1;1;72;PUERTO RICO (72);930;SAN JUAN;11;11;3;March;2018;1;Sunday;22;10:00pm-10:59pm;50;50;1;This section IS ON the NHS;4;County Road;CR-3;;2;Urban;3;Principal Arterial - Other;2;County Highway Agency;42;42;888.888;Not Available;8.888.888;Not Available;0;No Special Jurisdiction;8;Pedestrian;0;Not a Collision with Motor Vehicle In-Transport;0;No;1;Non-Junction;1;Not an Intersection;0;None;1;On Roadway;2;Dark - Not Lighted;1;Clear;0;No Additional Atmospheric Conditions;1;Clear;0;No;0;Not Applicable;88;Not Applicable (Not Notified);88;Not Applicable (Not Notified);88;Not Applicable;88;Not Applicable;88;Not Applicable (Not Transported);88;Not Applicable (Not Transported);0;None;0;None;0;None;1;0
43;Puerto Rico;430032;2;2;0;2;2;2;2;72;PUERTO RICO (72);760;PONCE;19;19;3;March;2018;2;Monday;15;3:00pm-3:59pm;0;0;1;This section IS ON the NHS;1;Interstate;I-2;;2;Urban;1;Interstate;1;State Highway Agency;2233;2233;888.888;Not Available;8.888.888;Not Available;0;No Special Jurisdiction;12;Motor Vehicle In-Transport;1;Front-to-Rear;0;No;1;Non-Junction;1;Not an Intersection;0;None;1;On Roadway;1;Daylight;1;Clear;0;No Additional Atmospheric Conditions;1;Clear;0;No;0;Not Applicable;99;Unknown;98;Unknown if Notified;99;Unknown EMS Scene Arrival Hour;98;Unknown if Arrived;99;Unknown;98;Unknown if Transported;0;None;0;None;0;None;2;0
43;Puerto Rico;430033;1;1;0;1;1;1;1;72;PUERTO RICO (72);930;SAN JUAN;1;1;4;April;2018;1;Sunday;5;5:00am-5:59am;0;0;0;This section IS NOT on the NHS;4;County Road;CR-BARBOSA AVE;INT JOSE DE DIEGO ST;2;Urban;4;Minor Arterial;2;County Highway Agency;0;None;888.888;Not Available;8.888.888;Not Available;0;No Special Jurisdiction;8;Pedestrian;0;Not a Collision with Motor Vehicle In-Transport;0;No;1;Non-Junction;1;Not an Intersection;0;None;1;On Roadway;2;Dark - Not Lighted;2;Rain;0;No Additional Atmospheric Conditions;2;Rain;0;No;0;Not Applicable;88;Not Applicable (Not Notified);88;Not Applicable (Not Notified);88;Not Applicable;88;Not Applicable;88;Not Applicable (Not Transported);88;Not Applicable (Not Transported);0;None;0;None;0;None;1;0
43;Puerto Rico;430034;1;1;0;0;1;1;0;72;PUERTO RICO (72);530;JUANA DIAZ;3;3;4;April;2018;3;Tuesday;15;3:00pm-3:59pm;55;55;0;This section IS NOT on the NHS;4;County Road;CR-14;;1;Rural;4;Minor Arterial;2;County Highway Agency;181;181;888.888;Not Available;8.888.888;Not Available;0;No Special Jurisdiction;38;Fence;0;Not a Collision with Motor Vehicle In-Transport;0;No;1;Non-Junction;1;Not an Intersection;0;None;4;On Roadside;1;Daylight;1;Clear;0;No Additional Atmospheric Conditions;1;Clear;0;No;0;Not Applicable;88;Not Applicable (Not Notified);88;Not Applicable (Not Notified);88;Not Applicable;88;Not Applicable;88;Not Applicable (Not Transported);88;Not Applicable (Not Transported);0;None;0;None;0;None;1;0
43;Puerto Rico;430035;1;1;0;1;1;1;1;72;PUERTO RICO (72);530;JUANA DIAZ;3;3;4;April;2018;3;Tuesday;19;7:00pm-7:59pm;15;15;1;This section IS ON the NHS;4;County Road;CR-149;;2;Urban;3;Principal Arterial - Other;2;County Highway Agency;650;650;888.888;Not Available;8.888.888;Not Available;0;No Special Jurisdiction;8;Pedestrian;0;Not a Collision with Motor Vehicle In-Transport;0;No;1;Non-Junction;1;Not an Intersection;0;None;1;On Roadway;2;Dark - Not Lighted;1;Clear;0;No Additional Atmospheric Conditions;1;Clear;0;No;0;Not Applicable;88;Not Applicable (Not Notified);88;Not Applicable (Not Notified);88;Not Applicable;88;Not Applicable;88;Not Applicable (Not Transported);88;Not Applicable (Not Transported);0;None;0;None;0;None;1;0
43;Puerto Rico;430036;2;2;0;0;3;3;0;72;PUERTO RICO (72);760;PONCE;4;4;4;April;2018;4;Wednesday;3;3:00am-3:59am;19;19;1;This section IS ON the NHS;4;County Road;CR-10;;1;Rural;3;Principal Arterial - Other;2;County Highway Agency;191;191;888.888;Not Available;8.888.888;Not Available;0;No Special Jurisdiction;12;Motor Vehicle In-Transport;2;Front-to-Front;0;No;1;Non-Junction;1;Not an Intersection;0;None;1;On Roadway;2;Dark - Not Lighted;1;Clear;0;No Additional Atmospheric Conditions;1;Clear;0;No;0;Not Applicable;99;Unknown;98;Unknown if Notified;99;Unknown EMS Scene Arrival Hour;98;Unknown if Arrived;99;Unknown;98;Unknown if Transported;0;None;0;None;0;None;1;0
43;Puerto Rico;430037;1;1;0;2;1;1;2;72;PUERTO RICO (72);280;CIDRA;5;5;4;April;2018;5;Thursday;20;8:00pm-8:59pm;30;30;0;This section IS NOT on the NHS;4;County Road;CR-1;;1;Rural;4;Minor Arterial;2;County Highway Agency;488;488;888.888;Not Available;8.888.888;Not Available;0;No Special Jurisdiction;8;Pedestrian;0;Not a Collision with Motor Vehicle In-Transport;0;No;1;Non-Junction;1;Not an Intersection;0;None;1;On Roadway;2;Dark - Not Lighted;1;Clear;0;No Additional Atmospheric Conditions;1;Clear;0;No;0;Not Applicable;88;Not Applicable (Not Notified);88;Not Applicable (Not Notified);88;Not Applicable;88;Not Applicable;88;Not Applicable (Not Transported);88;Not Applicable (Not Transported);0;None;0;None;0;None;2;0
43;Puerto Rico;430038;1;1;0;0;1;1;0;72;PUERTO RICO (72);200;CAROLINA;13;13;4;April;2018;6;Friday;21;9:00pm-9:59pm;20;20;0;This section IS NOT on the NHS;4;County Road;CR-860;;1;Rural;4;Minor Arterial;2;County Highway Agency;6;6;888.888;Not Available;8.888.888;Not Available;0;No Special Jurisdiction;30;Utility Pole/Light Support;0;Not a Collision with Motor Vehicle In-Transport;0;No;1;Non-Junction;1;Not an Intersection;0;None;4;On Roadside;2;Dark - Not Lighted;1;Clear;0;No Additional Atmospheric Conditions;1;Clear;0;No;0;Not Applicable;88;Not Applicable (Not Notified);88;Not Applicable (Not Notified);88;Not Applicable;88;Not Applicable;88;Not Applicable (Not Transported);88;Not Applicable (Not Transported);0;None;0;None;0;None;1;1
43;Puerto Rico;430039;1;1;0;0;1;1;0;72;PUERTO RICO (72);950;SN SEBASTIAN, SN SEBAST;14;14;4;April;2018;7;Saturday;20;8:00pm-8:59pm;35;35;0;This section IS NOT on the NHS;4;County Road;CR-448;;1;Rural;6;Minor Collector;2;County Highway Agency;0;None;888.888;Not Available;8.888.888;Not Available;0;No Special Jurisdiction;30;Utility Pole/Light Support;0;Not a Collision with Motor Vehicle In-Transport;0;No;1;Non-Junction;1;Not an Intersection;0;None;4;On Roadside;2;Dark - Not Lighted;1;Clear;0;No Additional Atmospheric Conditions;1;Clear;0;No;0;Not Applicable;88;Not Applicable (Not Notified);88;Not Applicable (Not Notified);88;Not Applicable;88;Not Applicable;88;Not Applicable (Not Transported);88;Not Applicable (Not Transported);0;None;0;None;0;None;1;0
43;Puerto Rico;430040;2;2;0;0;2;2;0;72;PUERTO RICO (72);200;CAROLINA;15;15;4;April;2018;1;Sunday;0;0:00am-0:59am;37;37;0;This section IS NOT on the NHS;4;County Road;CR-CAMPO RICO AVE;INT 263 ST;2;Urban;4;Minor Arterial;2;County Highway Agency;0;None;888.888;Not Available;8.888.888;Not Available;0;No Special Jurisdiction;12;Motor Vehicle In-Transport;6;Angle;1;Yes;2;Intersection;3;T-Intersection;0;None;1;On Roadway;2;Dark - Not Lighted;1;Clear;0;No Additional Atmospheric Conditions;1;Clear;0;No;0;Not Applicable;0;0:00am-0:59am;37;37;0;0:00am-0:59am;45;45;88;Not Applicable (Not Transported);88;Not Applicable (Not Transported);0;None;0;None;0;None;1;1
43;Puerto Rico;430041;1;1;0;0;1;1;0;72;PUERTO RICO (72);20;AGUADA;22;22;4;April;2018;1;Sunday;4;4:00am-4:59am;20;20;1;This section IS ON the NHS;1;Interstate;I-2;;2;Urban;1;Interstate;1;State Highway Agency;1369;1369;888.888;Not Available;8.888.888;Not Available;0;No Special Jurisdiction;30;Utility Pole/Light Support;0;Not a Collision with Motor Vehicle In-Transport;0;No;1;Non-Junction;1;Not an Intersection;0;None;4;On Roadside;3;Dark - Lighted;1;Clear;0;No Additional Atmospheric Conditions;1;Clear;0;No;0;Not Applicable;88;Not Applicable (Not Notified);88;Not Applicable (Not Notified);88;Not Applicable;88;Not Applicable;88;Not Applicable (Not Transported);88;Not Applicable (Not Transported);0;None;0;None;0;None;1;0
43;Puerto Rico;430043;1;1;0;0;1;1;0;72;PUERTO RICO (72);980;TOA BAJA;15;15;5;May;2018;3;Tuesday;13;1:00pm-1:59pm;39;39;1;This section IS ON the NHS;4;County Road;CR-165;;1;Rural;3;Principal Arterial - Other;2;County Highway Agency;149;149;888.888;Not Available;8.888.888;Not Available;0;No Special Jurisdiction;42;Tree (Standing Only);0;Not a Collision with Motor Vehicle In-Transport;0;No;1;Non-Junction;1;Not an Intersection;0;None;3;On Median;1;Daylight;1;Clear;0;No Additional Atmospheric Conditions;1;Clear;0;No;0;Not Applicable;88;Not Applicable (Not Notified);88;Not Applicable (Not Notified);88;Not Applicable;88;Not Applicable;88;Not Applicable (Not Transported);88;Not Applicable (Not Transported);0;None;0;None;0;None;1;1
43;Puerto Rico;430044;2;2;0;0;3;3;0;72;PUERTO RICO (72);430;GUAYAMA;12;12;1;January;2018;6;Friday;13;1:00pm-1:59pm;0;0;1;This section IS ON the NHS;4;County Road;CR-54;INT RAMAL 54;1;Rural;3;Principal Arterial - Other;2;County Highway Agency;0;None;888.888;Not Available;8.888.888;Not Available;0;No Special Jurisdiction;12;Motor Vehicle In-Transport;2;Front-to-Front;1;Yes;2;Intersection;3;T-Intersection;0;None;1;On Roadway;1;Daylight;1;Clear;0;No Additional Atmospheric Conditions;1;Clear;0;No;0;Not Applicable;99;Unknown;98;Unknown if Notified;99;Unknown EMS Scene Arrival Hour;98;Unknown if Arrived;99;Unknown;98;Unknown if Transported;0;None;0;None;0;None;1;0
43;Puerto Rico;430045;1;1;0;1;1;1;1;72;PUERTO RICO (72);170;CAGUAS;20;20;1;January;2018;7;Saturday;19;7:00pm-7:59pm;0;0;1;This section IS ON the NHS;4;County Road;CR-183;;1;Rural;3;Principal Arterial - Other;2;County Highway Agency;17;17;888.888;Not Available;8.888.888;Not Available;0;No Special Jurisdiction;8;Pedestrian;0;Not a Collision with Motor Vehicle In-Transport;0;No;1;Non-Junction;1;Not an Intersection;0;None;1;On Roadway;2;Dark - Not Lighted;1;Clear;0;No Additional Atmospheric Conditions;1;Clear;0;No;0;Not Applicable;88;Not Applicable (Not Notified);88;Not Applicable (Not Notified);88;Not Applicable;88;Not Applicable;88;Not Applicable (Not Transported);88;Not Applicable (Not Transported);0;None;0;None;0;None;1;0
43;Puerto Rico;430047;1;1;0;1;1;1;1;72;PUERTO RICO (72);1050;YABUCOA;2;2;3;March;2018;6;Friday;16;4:00pm-4:59pm;10;10;0;This section IS NOT on the NHS;4;County Road;CR-902;;1;Rural;6;Minor Collector;2;County Highway Agency;0;None;888.888;Not Available;8.888.888;Not Available;0;No Special Jurisdiction;8;Pedestrian;0;Not a Collision with Motor Vehicle In-Transport;0;No;1;Non-Junction;1;Not an Intersection;0;None;1;On Roadway;1;Daylight;1;Clear;0;No Additional Atmospheric Conditions;1;Clear;0;No;0;Not Applicable;88;Not Applicable (Not Notified);88;Not Applicable (Not Notified);88;Not Applicable;88;Not Applicable;88;Not Applicable (Not Transported);88;Not Applicable (Not Transported);0;None;0;None;0;None;1;0
43;Puerto Rico;430048;1;1;0;0;1;1;0;72;PUERTO RICO (72);500;HUMACAO;11;11;3;March;2018;1;Sunday;18;6:00pm-6:59pm;40;40;0;This section IS NOT on the NHS;4;County Road;CR-924;;1;Rural;6;Minor Collector;2;County Highway Agency;11;11;888.888;Not Available;8.888.888;Not Available;0;No Special Jurisdiction;30;Utility Pole/Light Support;0;Not a Collision with Motor Vehicle In-Transport;0;No;1;Non-Junction;1;Not an Intersection;0;None;4;On Roadside;2;Dark - Not Lighted;1;Clear;0;No Additional Atmospheric Conditions;1;Clear;0;No;0;Not Applicable;88;Not Applicable (Not Notified);88;Not Applicable (Not Notified);88;Not Applicable;88;Not Applicable;88;Not Applicable (Not Transported);88;Not Applicable (Not Transported);0;None;0;None;0;None;1;0
43;Puerto Rico;430049;2;2;0;0;4;4;0;72;PUERTO RICO (72);90;ARECIBO;16;16;3;March;2018;6;Friday;10;10:00am-10:59am;20;20;0;This section IS NOT on the NHS;4;County Road;CR-129;;2;Urban;4;Minor Arterial;2;County Highway Agency;75;75;888.888;Not Available;8.888.888;Not Available;0;No Special Jurisdiction;12;Motor Vehicle In-Transport;1;Front-to-Rear;0;No;1;Non-Junction;1;Not an Intersection;0;None;1;On Roadway;1;Daylight;1;Clear;0;No Additional Atmospheric Conditions;1;Clear;0;No;0;Not Applicable;99;Unknown;98;Unknown if Notified;99;Unknown EMS Scene Arrival Hour;98;Unknown if Arrived;99;Unknown;98;Unknown if Transported;0;None;0;None;0;None;1;0
43;Puerto Rico;430050;1;1;0;1;1;1;1;72;PUERTO RICO (72);930;SAN JUAN;4;4;4;April;2018;4;Wednesday;20;8:00pm-8:59pm;45;45;1;This section IS ON the NHS;4;County Road;CR-1;;2;Urban;3;Principal Arterial - Other;2;County Highway Agency;206;206;888.888;Not Available;8.888.888;Not Available;0;No Special Jurisdiction;8;Pedestrian;0;Not a Collision with Motor Vehicle In-Transport;0;No;1;Non-Junction;1;Not an Intersection;0;None;1;On Roadway;2;Dark - Not Lighted;1;Clear;0;No Additional Atmospheric Conditions;1;Clear;0;No;0;Not Applicable;88;Not Applicable (Not Notified);88;Not Applicable (Not Notified);88;Not Applicable;88;Not Applicable;88;Not Applicable (Not Transported);88;Not Applicable (Not Transported);0;None;0;None;0;None;1;1
43;Puerto Rico;430051;1;1;0;0;1;1;0;72;PUERTO RICO (72);530;JUANA DIAZ;7;7;4;April;2018;7;Saturday;23;11:00pm-11:59pm;40;40;0;This section IS NOT on the NHS;4;County Road;CR-149;;1;Rural;4;Minor Arterial;2;County Highway Agency;685;685;888.888;Not Available;8.888.888;Not Available;0;No Special Jurisdiction;39;Wall;0;Not a Collision with Motor Vehicle In-Transport;0;No;1;Non-Junction;1;Not an Intersection;0;None;5;Outside Trafficway;3;Dark - Lighted;1;Clear;0;No Additional Atmospheric Conditions;1;Clear;0;No;0;Not Applicable;88;Not Applicable (Not Notified);88;Not Applicable (Not Notified);88;Not Applicable;88;Not Applicable;88;Not Applicable (Not Transported);88;Not Applicable (Not Transported);0;None;0;None;0;None;1;0
43;Puerto Rico;430052;1;1;0;0;3;3;0;72;PUERTO RICO (72);820;RIO GRANDE;8;8;4;April;2018;1;Sunday;22;10:00pm-10:59pm;30;30;1;This section IS ON the NHS;1;Interstate;I-3;;2;Urban;1;Interstate;1;State Highway Agency;256;256;888.888;Not Available;8.888.888;Not Available;0;No Special Jurisdiction;30;Utility Pole/Light Support;0;Not a Collision with Motor Vehicle In-Transport;0;No;1;Non-Junction;1;Not an Intersection;0;None;4;On Roadside;3;Dark - Lighted;1;Clear;0;No Additional Atmospheric Conditions;1;Clear;0;No;0;Not Applicable;22;10:00pm-10:59pm;30;30;22;10:00pm-10:59pm;40;40;88;Not Applicable (Not Transported);88;Not Applicable (Not Transported);0;None;0;None;0;None;1;1
43;Puerto Rico;430053;2;2;0;0;2;2;0;72;PUERTO RICO (72);930;SAN JUAN;13;13;4;April;2018;6;Friday;14;2:00pm-2:59pm;0;0;1;This section IS ON the NHS;1;Interstate;I-26;;2;Urban;1;Interstate;1;State Highway Agency;38;38;888.888;Not Available;8.888.888;Not Available;0;No Special Jurisdiction;12;Motor Vehicle In-Transport;1;Front-to-Rear;0;No;1;Non-Junction;1;Not an Intersection;0;None;1;On Roadway;1;Daylight;1;Clear;0;No Additional Atmospheric Conditions;1;Clear;0;No;0;Not Applicable;88;Not Applicable (Not Notified);88;Not Applicable (Not Notified);88;Not Applicable;88;Not Applicable;88;Not Applicable (Not Transported);88;Not Applicable (Not Transported);0;None;0;None;0;None;1;0
43;Puerto Rico;430054;2;2;0;0;2;2;0;72;PUERTO RICO (72);930;SAN JUAN;15;15;4;April;2018;1;Sunday;5;5:00am-5:59am;49;49;0;This section IS NOT on the NHS;4;County Road;CR-SICILIA ST;;2;Urban;5;Major Collector;2;County Highway Agency;0;None;888.888;Not Available;8.888.888;Not Available;0;No Special Jurisdiction;12;Motor Vehicle In-Transport;2;Front-to-Front;0;No;1;Non-Junction;1;Not an Intersection;0;None;1;On Roadway;4;Dawn;1;Clear;0;No Additional Atmospheric Conditions;1;Clear;0;No;0;Not Applicable;99;Unknown;98;Unknown if Notified;99;Unknown EMS Scene Arrival Hour;98;Unknown if Arrived;99;Unknown;98;Unknown if Transported;0;None;0;None;0;None;1;1
43;Puerto Rico;430055;1;1;0;1;1;1;1;72;PUERTO RICO (72);930;SAN JUAN;22;22;4;April;2018;1;Sunday;1;1:00am-1:59am;15;15;1;This section IS ON the NHS;4;County Road;CR-3;INT 4 ST;2;Urban;3;Principal Arterial - Other;2;County Highway Agency;0;None;888.888;Not Available;8.888.888;Not Available;0;No Special Jurisdiction;8;Pedestrian;0;Not a Collision with Motor Vehicle In-Transport;0;No;1;Non-Junction;1;Not an Intersection;0;None;1;On Roadway;2;Dark - Not Lighted;2;Rain;0;No Additional Atmospheric Conditions;2;Rain;0;No;0;Not Applicable;88;Not Applicable (Not Notified);88;Not Applicable (Not Notified);88;Not Applicable;88;Not Applicable;88;Not Applicable (Not Transported);88;Not Applicable (Not Transported);0;None;0;None;0;None;1;1
43;Puerto Rico;430056;1;1;0;0;3;3;0;72;PUERTO RICO (72);170;CAGUAS;29;29;4;April;2018;1;Sunday;17;5:00pm-5:59pm;41;41;1;This section IS ON the NHS;1;Interstate;I-52;;1;Rural;1;Interstate;1;State Highway Agency;263;263;888.888;Not Available;8.888.888;Not Available;0;No Special Jurisdiction;42;Tree (Standing Only);0;Not a Collision with Motor Vehicle In-Transport;0;No;1;Non-Junction;1;Not an Intersection;1;Construction;6;Off Roadway-Location Unknown;1;Daylight;1;Clear;0;No Additional Atmospheric Conditions;1;Clear;0;No;0;Not Applicable;99;Unknown;98;Unknown if Notified;99;Unknown EMS Scene Arrival Hour;98;Unknown if Arrived;99;Unknown;98;Unknown if Transported;0;None;0;None;0;None;1;1
43;Puerto Rico;430057;2;2;0;0;2;2;0;72;PUERTO RICO (72);90;ARECIBO;2;2;5;May;2018;4;Wednesday;22;10:00pm-10:59pm;16;16;1;This section IS ON the NHS;1;Interstate;I-22;;1;Rural;1;Interstate;1;State Highway Agency;625;625;888.888;Not Available;8.888.888;Not Available;0;No Special Jurisdiction;12;Motor Vehicle In-Transport;1;Front-to-Rear;0;No;1;Non-Junction;1;Not an Intersection;0;None;1;On Roadway;2;Dark - Not Lighted;1;Clear;0;No Additional Atmospheric Conditions;1;Clear;0;No;0;Not Applicable;88;Not Applicable (Not Notified);88;Not Applicable (Not Notified);88;Not Applicable;88;Not Applicable;88;Not Applicable (Not Transported);88;Not Applicable (Not Transported);0;None;0;None;0;None;1;0
43;Puerto Rico;430058;4;3;1;0;4;3;1;72;PUERTO RICO (72);170;CAGUAS;6;6;5;May;2018;1;Sunday;7;7:00am-7:59am;0;0;1;This section IS ON the NHS;1;Interstate;I-52;;2;Urban;1;Interstate;1;State Highway Agency;98;98;888.888;Not Available;8.888.888;Not Available;0;No Special Jurisdiction;14;Parked Motor Vehicle;0;Not a Collision with Motor Vehicle In-Transport;0;No;1;Non-Junction;1;Not an Intersection;0;None;6;Off Roadway-Location Unknown;1;Daylight;2;Rain;0;No Additional Atmospheric Conditions;2;Rain;0;No;0;Not Applicable;99;Unknown;98;Unknown if Notified;99;Unknown EMS Scene Arrival Hour;98;Unknown if Arrived;99;Unknown;98;Unknown if Transported;0;None;0;None;0;None;1;0
43;Puerto Rico;430059;2;2;0;0;2;2;0;72;PUERTO RICO (72);140;BAYAMON, BAYAMON;10;10;5;May;2018;5;Thursday;13;1:00pm-1:59pm;0;0;0;This section IS NOT on the NHS;4;County Road;CR-9 ST;INT PUERO AVE;2;Urban;7;Local;2;County Highway Agency;0;None;888.888;Not Available;8.888.888;Not Available;0;No Special Jurisdiction;12;Motor Vehicle In-Transport;6;Angle;0;No;1;Non-Junction;1;Not an Intersection;0;None;1;On Roadway;1;Daylight;1;Clear;0;No Additional Atmospheric Conditions;1;Clear;0;No;0;Not Applicable;99;Unknown;98;Unknown if Notified;99;Unknown EMS Scene Arrival Hour;98;Unknown if Arrived;99;Unknown;98;Unknown if Transported;0;None;0;None;0;None;1;0
43;Puerto Rico;430060;1;1;0;2;1;1;2;72;PUERTO RICO (72);450;GUAYNABO;14;14;5;May;2018;2;Monday;8;8:00am-8:59am;15;15;0;This section IS NOT on the NHS;4;County Road;CR-SAN PATRICIO AVE;INT GONZALEZ GIUSTI AVE;2;Urban;4;Minor Arterial;2;County Highway Agency;0;None;888.888;Not Available;8.888.888;Not Available;0;No Special Jurisdiction;8;Pedestrian;0;Not a Collision with Motor Vehicle In-Transport;1;Yes;2;Intersection;3;T-Intersection;0;None;1;On Roadway;1;Daylight;1;Clear;0;No Additional Atmospheric Conditions;1;Clear;0;No;0;Not Applicable;88;Not Applicable (Not Notified);88;Not Applicable (Not Notified);88;Not Applicable;88;Not Applicable;88;Not Applicable (Not Transported);88;Not Applicable (Not Transported);0;None;0;None;0;None;1;0
43;Puerto Rico;430061;1;1;0;2;1;1;2;72;PUERTO RICO (72);40;AGUAS BUENAS;13;13;1;January;2018;7;Saturday;19;7:00pm-7:59pm;30;30;0;This section IS NOT on the NHS;4;County Road;CR-797;;1;Rural;6;Minor Collector;2;County Highway Agency;32;32;888.888;Not Available;8.888.888;Not Available;0;No Special Jurisdiction;43;Other Fixed Object;0;Not a Collision with Motor Vehicle In-Transport;0;No;1;Non-Junction;1;Not an Intersection;0;None;4;On Roadside;2;Dark - Not Lighted;1;Clear;0;No Additional Atmospheric Conditions;1;Clear;0;No;0;Not Applicable;88;Not Applicable (Not Notified);88;Not Applicable (Not Notified);88;Not Applicable;88;Not Applicable;88;Not Applicable (Not Transported);88;Not Applicable (Not Transported);0;None;0;None;0;None;1;0
43;Puerto Rico;430062;2;2;0;0;2;2;0;72;PUERTO RICO (72);200;CAROLINA;14;14;1;January;2018;1;Sunday;20;8:00pm-8:59pm;50;50;1;This section IS ON the NHS;4;County Road;CR-3;INT PR 857;2;Urban;3;Principal Arterial - Other;2;County Highway Agency;0;None;888.888;Not Available;8.888.888;Not Available;0;No Special Jurisdiction;12;Motor Vehicle In-Transport;8;Sideswipe - Opposite Direction;1;Yes;2;Intersection;3;T-Intersection;0;None;1;On Roadway;3;Dark - Lighted;1;Clear;0;No Additional Atmospheric Conditions;1;Clear;0;No;0;Not Applicable;99;Unknown;98;Unknown if Notified;99;Unknown EMS Scene Arrival Hour;98;Unknown if Arrived;99;Unknown;98;Unknown if Transported;0;None;0;None;0;None;1;1
43;Puerto Rico;430063;1;1;0;1;1;1;1;72;PUERTO RICO (72);200;CAROLINA;18;18;1;January;2018;5;Thursday;5;5:00am-5:59am;36;36;1;This section IS ON the NHS;1;Interstate;I-26;;2;Urban;1;Interstate;1;State Highway Agency;123;123;888.888;Not Available;8.888.888;Not Available;0;No Special Jurisdiction;8;Pedestrian;0;Not a Collision with Motor Vehicle In-Transport;0;No;1;Non-Junction;1;Not an Intersection;0;None;1;On Roadway;2;Dark - Not Lighted;1;Clear;0;No Additional Atmospheric Conditions;1;Clear;0;No;0;Not Applicable;88;Not Applicable (Not Notified);88;Not Applicable (Not Notified);88;Not Applicable;88;Not Applicable;88;Not Applicable (Not Transported);88;Not Applicable (Not Transported);0;None;0;None;0;None;1;0
43;Puerto Rico;430064;1;1;0;2;1;1;2;72;PUERTO RICO (72);190;CANOVANAS, CANOVANAS;26;26;2;February;2018;2;Monday;5;5:00am-5:59am;34;34;1;This section IS ON the NHS;4;County Road;CR-188;;1;Rural;3;Principal Arterial - Other;2;County Highway Agency;21;21;888.888;Not Available;8.888.888;Not Available;0;No Special Jurisdiction;8;Pedestrian;0;Not a Collision with Motor Vehicle In-Transport;0;No;1;Non-Junction;1;Not an Intersection;0;None;1;On Roadway;2;Dark - Not Lighted;2;Rain;0;No Additional Atmospheric Conditions;2;Rain;0;No;0;Not Applicable;88;Not Applicable (Not Notified);88;Not Applicable (Not Notified);88;Not Applicable;88;Not Applicable;88;Not Applicable (Not Transported);88;Not Applicable (Not Transported);0;None;0;None;0;None;1;0
43;Puerto Rico;430065;2;2;0;0;2;2;0;72;PUERTO RICO (72);930;SAN JUAN;20;20;4;April;2018;6;Friday;8;8:00am-8:59am;17;17;1;This section IS ON the NHS;4;County Road;CR-17;;2;Urban;3;Principal Arterial - Other;2;County Highway Agency;76;76;888.888;Not Available;8.888.888;Not Available;0;No Special Jurisdiction;12;Motor Vehicle In-Transport;7;Sideswipe - Same Direction;0;No;1;Non-Junction;1;Not an Intersection;0;None;1;On Roadway;1;Daylight;1;Clear;0;No Additional Atmospheric Conditions;1;Clear;0;No;0;Not Applicable;88;Not Applicable (Not Notified);88;Not Applicable (Not Notified);88;Not Applicable;88;Not Applicable;88;Not Applicable (Not Transported);88;Not Applicable (Not Transported);0;None;0;None;0;None;1;0
43;Puerto Rico;430066;2;2;0;0;3;3;0;72;PUERTO RICO (72);930;SAN JUAN;10;10;5;May;2018;5;Thursday;1;1:00am-1:59am;50;50;1;This section IS ON the NHS;1;Interstate;I-18;;2;Urban;1;Interstate;1;State Highway Agency;0;None;888.888;Not Available;8.888.888;Not Available;0;No Special Jurisdiction;12;Motor Vehicle In-Transport;1;Front-to-Rear;0;No;1;Non-Junction;1;Not an Intersection;0;None;1;On Roadway;3;Dark - Lighted;1;Clear;0;No Additional Atmospheric Conditions;1;Clear;0;No;0;Not Applicable;99;Unknown;98;Unknown if Notified;99;Unknown EMS Scene Arrival Hour;98;Unknown if Arrived;99;Unknown;98;Unknown if Transported;0;None;0;None;0;None;1;0
43;Puerto Rico;430067;1;1;0;1;1;1;1;72;PUERTO RICO (72);900;SALINAS, SALINAS;17;17;5;May;2018;5;Thursday;0;0:00am-0:59am;19;19;0;This section IS NOT on the NHS;4;County Road;CR-3;;2;Urban;4;Minor Arterial;2;County Highway Agency;1537;1537;888.888;Not Available;8.888.888;Not Available;0;No Special Jurisdiction;8;Pedestrian;0;Not a Collision with Motor Vehicle In-Transport;0;No;1;Non-Junction;1;Not an Intersection;0;None;1;On Roadway;2;Dark - Not Lighted;1;Clear;0;No Additional Atmospheric Conditions;1;Clear;0;No;0;Not Applicable;88;Not Applicable (Not Notified);88;Not Applicable (Not Notified);88;Not Applicable;88;Not Applicable;88;Not Applicable (Not Transported);88;Not Applicable (Not Transported);0;None;0;None;0;None;1;0
43;Puerto Rico;430068;1;1;0;1;1;1;1;72;PUERTO RICO (72);380;FAJARDO, FAJARDO;20;20;5;May;2018;1;Sunday;19;7:00pm-7:59pm;40;40;1;This section IS ON the NHS;4;County Road;CR-195;;2;Urban;3;Principal Arterial - Other;2;County Highway Agency;17;17;888.888;Not Available;8.888.888;Not Available;0;No Special Jurisdiction;8;Pedestrian;0;Not a Collision with Motor Vehicle In-Transport;0;No;1;Non-Junction;1;Not an Intersection;0;None;1;On Roadway;3;Dark - Lighted;1;Clear;0;No Additional Atmospheric Conditions;1;Clear;0;No;0;Not Applicable;19;7:00pm-7:59pm;50;50;20;8:00pm-8:59pm;0;0;88;Not Applicable (Not Transported);88;Not Applicable (Not Transported);0;None;0;None;0;None;1;0
43;Puerto Rico;430069;1;1;0;1;1;1;1;72;PUERTO RICO (72);200;CAROLINA;20;20;5;May;2018;1;Sunday;23;11:00pm-11:59pm;56;56;1;This section IS ON the NHS;4;County Road;CR-3;;2;Urban;3;Principal Arterial - Other;2;County Highway Agency;87;87;888.888;Not Available;8.888.888;Not Available;0;No Special Jurisdiction;8;Pedestrian;0;Not a Collision with Motor Vehicle In-Transport;0;No;1;Non-Junction;1;Not an Intersection;0;None;1;On Roadway;2;Dark - Not Lighted;1;Clear;0;No Additional Atmospheric Conditions;1;Clear;0;No;0;Not Applicable;0;0:00am-0:59am;1;1;0;0:00am-0:59am;9;9;88;Not Applicable (Not Transported);88;Not Applicable (Not Transported);0;None;0;None;0;None;1;0
43;Puerto Rico;430070;3;3;0;0;6;6;0;72;PUERTO RICO (72);90;ARECIBO;21;21;5;May;2018;2;Monday;22;10:00pm-10:59pm;0;0;1;This section IS ON the NHS;4;County Road;CR-2;;2;Urban;3;Principal Arterial - Other;2;County Highway Agency;671;671;888.888;Not Available;8.888.888;Not Available;0;No Special Jurisdiction;12;Motor Vehicle In-Transport;6;Angle;0;No;1;Non-Junction;1;Not an Intersection;0;None;1;On Roadway;3;Dark - Lighted;1;Clear;0;No Additional Atmospheric Conditions;1;Clear;0;No;0;Not Applicable;99;Unknown;98;Unknown if Notified;99;Unknown EMS Scene Arrival Hour;98;Unknown if Arrived;99;Unknown;98;Unknown if Transported;0;None;0;None;0;None;2;0
43;Puerto Rico;430071;1;1;0;0;1;1;0;72;PUERTO RICO (72);980;TOA BAJA;25;25;5;May;2018;6;Friday;21;9:00pm-9:59pm;58;58;0;This section IS NOT on the NHS;4;County Road;CR-854;;1;Rural;4;Minor Arterial;2;County Highway Agency;40;40;888.888;Not Available;8.888.888;Not Available;0;No Special Jurisdiction;25;Concrete Traffic Barrier;0;Not a Collision with Motor Vehicle In-Transport;0;No;1;Non-Junction;1;Not an Intersection;0;None;4;On Roadside;2;Dark - Not Lighted;1;Clear;0;No Additional Atmospheric Conditions;1;Clear;0;No;0;Not Applicable;88;Not Applicable (Not Notified);88;Not Applicable (Not Notified);88;Not Applicable;88;Not Applicable;88;Not Applicable (Not Transported);88;Not Applicable (Not Transported);0;None;0;None;0;None;1;1
43;Puerto Rico;430072;1;1;0;0;1;1;0;72;PUERTO RICO (72);800;RINCON;27;27;5;May;2018;1;Sunday;21;9:00pm-9:59pm;1;1;0;This section IS NOT on the NHS;4;County Road;CR-412;;1;Rural;6;Minor Collector;2;County Highway Agency;7;7;888.888;Not Available;8.888.888;Not Available;0;No Special Jurisdiction;35;Embankment;0;Not a Collision with Motor Vehicle In-Transport;0;No;1;Non-Junction;1;Not an Intersection;0;None;4;On Roadside;3;Dark - Lighted;1;Clear;0;No Additional Atmospheric Conditions;1;Clear;0;No;0;Not Applicable;88;Not Applicable (Not Notified);88;Not Applicable (Not Notified);88;Not Applicable;88;Not Applicable;88;Not Applicable (Not Transported);88;Not Applicable (Not Transported);0;None;0;None;0;None;1;1
43;Puerto Rico;430073;1;1;0;1;1;1;1;72;PUERTO RICO (72);140;BAYAMON, BAYAMON;4;4;6;June;2018;2;Monday;3;3:00am-3:59am;20;20;0;This section IS NOT on the NHS;4;County Road;CR-862;;2;Urban;5;Major Collector;2;County Highway Agency;24;24;888.888;Not Available;8.888.888;Not Available;0;No Special Jurisdiction;8;Pedestrian;0;Not a Collision with Motor Vehicle In-Transport;0;No;1;Non-Junction;1;Not an Intersection;0;None;1;On Roadway;2;Dark - Not Lighted;1;Clear;0;No Additional Atmospheric Conditions;1;Clear;0;No;0;Not Applicable;3;3:00am-3:59am;20;20;3;3:00am-3:59am;27;27;88;Not Applicable (Not Transported);88;Not Applicable (Not Transported);0;None;0;None;0;None;1;0
43;Puerto Rico;430074;1;1;0;0;1;1;0;72;PUERTO RICO (72);950;SN SEBASTIAN, SN SEBAST;13;13;3;March;2018;3;Tuesday;10;10:00am-10:59am;39;39;1;This section IS ON the NHS;4;County Road;CR-111;;1;Rural;3;Principal Arterial - Other;2;County Highway Agency;239;239;888.888;Not Available;8.888.888;Not Available;0;No Special Jurisdiction;1;Rollover/Overturn;0;Not a Collision with Motor Vehicle In-Transport;0;No;1;Non-Junction;1;Not an Intersection;0;None;5;Outside Trafficway;1;Daylight;1;Clear;0;No Additional Atmospheric Conditions;1;Clear;0;No;0;Not Applicable;88;Not Applicable (Not Notified);88;Not Applicable (Not Notified);88;Not Applicable;88;Not Applicable;88;Not Applicable (Not Transported);88;Not Applicable (Not Transported);0;None;0;None;0;None;1;1
43;Puerto Rico;430075;1;1;0;1;1;1;1;72;PUERTO RICO (72);550;LAJAS;28;28;3;March;2018;4;Wednesday;7;7:00am-7:59am;41;41;1;This section IS ON the NHS;4;County Road;CR-116;;1;Rural;3;Principal Arterial - Other;2;County Highway Agency;36;36;888.888;Not Available;8.888.888;Not Available;0;No Special Jurisdiction;8;Pedestrian;0;Not a Collision with Motor Vehicle In-Transport;0;No;1;Non-Junction;1;Not an Intersection;0;None;1;On Roadway;1;Daylight;1;Clear;0;No Additional Atmospheric Conditions;1;Clear;0;No;0;Not Applicable;88;Not Applicable (Not Notified);88;Not Applicable (Not Notified);88;Not Applicable;88;Not Applicable;88;Not Applicable (Not Transported);88;Not Applicable (Not Transported);0;None;0;None;0;None;1;0
43;Puerto Rico;430076;2;1;1;1;2;1;2;72;PUERTO RICO (72);170;CAGUAS;24;24;4;April;2018;3;Tuesday;21;9:00pm-9:59pm;40;40;1;This section IS ON the NHS;1;Interstate;I-52;;2;Urban;1;Interstate;1;State Highway Agency;168;168;888.888;Not Available;8.888.888;Not Available;0;No Special Jurisdiction;14;Parked Motor Vehicle;0;Not a Collision with Motor Vehicle In-Transport;0;No;1;Non-Junction;1;Not an Intersection;0;None;2;On Shoulder;3;Dark - Lighted;1;Clear;0;No Additional Atmospheric Conditions;1;Clear;0;No;0;Not Applicable;99;Unknown;98;Unknown if Notified;99;Unknown EMS Scene Arrival Hour;98;Unknown if Arrived;99;Unknown;98;Unknown if Transported;23;Indication of a Stalled/Disabled Vehicle;0;None;0;None;1;0
43;Puerto Rico;430077;1;1;0;0;1;1;0;72;PUERTO RICO (72);650;MAYAGUEZ;2;2;5;May;2018;4;Wednesday;10;10:00am-10:59am;20;20;0;This section IS NOT on the NHS;4;County Road;CR-CAMINO BECHARA;;1;Rural;7;Local;2;County Highway Agency;0;None;888.888;Not Available;8.888.888;Not Available;0;No Special Jurisdiction;42;Tree (Standing Only);0;Not a Collision with Motor Vehicle In-Transport;0;No;1;Non-Junction;1;Not an Intersection;0;None;5;Outside Trafficway;1;Daylight;1;Clear;0;No Additional Atmospheric Conditions;1;Clear;0;No;0;Not Applicable;88;Not Applicable (Not Notified);88;Not Applicable (Not Notified);88;Not Applicable;88;Not Applicable;88;Not Applicable (Not Transported);88;Not Applicable (Not Transported);0;None;0;None;0;None;1;0
43;Puerto Rico;430078;2;2;0;0;2;2;0;72;PUERTO RICO (72);980;TOA BAJA;12;12;1;January;2018;6;Friday;22;10:00pm-10:59pm;30;30;0;This section IS NOT on the NHS;4;County Road;CR-872;INT VAZQUEZ ST;1;Rural;6;Minor Collector;2;County Highway Agency;0;None;888.888;Not Available;8.888.888;Not Available;0;No Special Jurisdiction;12;Motor Vehicle In-Transport;8;Sideswipe - Opposite Direction;1;Yes;2;Intersection;3;T-Intersection;0;None;1;On Roadway;3;Dark - Lighted;1;Clear;0;No Additional Atmospheric Conditions;1;Clear;0;No;0;Not Applicable;88;Not Applicable (Not Notified);88;Not Applicable (Not Notified);88;Not Applicable;88;Not Applicable;88;Not Applicable (Not Transported);88;Not Applicable (Not Transported);0;None;0;None;0;None;1;1
43;Puerto Rico;430079;2;2;0;0;3;3;0;72;PUERTO RICO (72);230;CAYEY;14;14;1;January;2018;1;Sunday;20;8:00pm-8:59pm;55;55;0;This section IS NOT on the NHS;4;County Road;CR-1;;1;Rural;4;Minor Arterial;2;County Highway Agency;534;534;888.888;Not Available;8.888.888;Not Available;0;No Special Jurisdiction;12;Motor Vehicle In-Transport;2;Front-to-Front;0;No;1;Non-Junction;1;Not an Intersection;0;None;1;On Roadway;2;Dark - Not Lighted;1;Clear;0;No Additional Atmospheric Conditions;1;Clear;0;No;0;Not Applicable;99;Unknown;98;Unknown if Notified;99;Unknown EMS Scene Arrival Hour;98;Unknown if Arrived;99;Unknown;98;Unknown if Transported;0;None;0;None;0;None;1;1
43;Puerto Rico;430080;1;1;0;1;1;1;1;72;PUERTO RICO (72);450;GUAYNABO;19;19;1;January;2018;6;Friday;4;4:00am-4:59am;40;40;0;This section IS NOT on the NHS;4;County Road;CR-8834;;1;Rural;7;Local;2;County Highway Agency;0;None;888.888;Not Available;8.888.888;Not Available;0;No Special Jurisdiction;8;Pedestrian;0;Not a Collision with Motor Vehicle In-Transport;0;No;1;Non-Junction;1;Not an Intersection;0;None;1;On Roadway;2;Dark - Not Lighted;1;Clear;0;No Additional Atmospheric Conditions;1;Clear;0;No;0;Not Applicable;88;Not Applicable (Not Notified);88;Not Applicable (Not Notified);88;Not Applicable;88;Not Applicable;88;Not Applicable (Not Transported);88;Not Applicable (Not Transported);0;None;0;None;0;None;1;0
43;Puerto Rico;430081;2;2;0;0;4;4;0;72;PUERTO RICO (72);1010;VEGA ALTA;31;31;1;January;2018;4;Wednesday;17;5:00pm-5:59pm;15;15;1;This section IS ON the NHS;4;County Road;CR-2;;1;Rural;3;Principal Arterial - Other;2;County Highway Agency;323;323;888.888;Not Available;8.888.888;Not Available;0;No Special Jurisdiction;12;Motor Vehicle In-Transport;1;Front-to-Rear;0;No;1;Non-Junction;1;Not an Intersection;0;None;1;On Roadway;1;Daylight;1;Clear;0;No Additional Atmospheric Conditions;1;Clear;0;No;0;Not Applicable;99;Unknown;98;Unknown if Notified;99;Unknown EMS Scene Arrival Hour;98;Unknown if Arrived;99;Unknown;98;Unknown if Transported;0;None;0;None;0;None;1;1
43;Puerto Rico;430082;1;1;0;1;1;1;1;72;PUERTO RICO (72);220;CATANO, CATANO;9;9;2;February;2018;6;Friday;21;9:00pm-9:59pm;15;15;1;This section IS ON the NHS;4;County Road;CR-5;;2;Urban;3;Principal Arterial - Other;2;County Highway Agency;0;None;888.888;Not Available;8.888.888;Not Available;0;No Special Jurisdiction;8;Pedestrian;0;Not a Collision with Motor Vehicle In-Transport;0;No;1;Non-Junction;1;Not an Intersection;0;None;1;On Roadway;3;Dark - Lighted;2;Rain;0;No Additional Atmospheric Conditions;2;Rain;0;No;0;Not Applicable;88;Not Applicable (Not Notified);88;Not Applicable (Not Notified);88;Not Applicable;88;Not Applicable;88;Not Applicable (Not Transported);88;Not Applicable (Not Transported);0;None;0;None;0;None;1;0
43;Puerto Rico;430083;2;2;0;0;7;7;0;72;PUERTO RICO (72);290;COAMO;18;18;2;February;2018;1;Sunday;21;9:00pm-9:59pm;36;36;0;This section IS NOT on the NHS;4;County Road;CR-150;INT PR-138;2;Urban;4;Minor Arterial;2;County Highway Agency;0;None;888.888;Not Available;8.888.888;Not Available;0;No Special Jurisdiction;12;Motor Vehicle In-Transport;6;Angle;0;No;1;Non-Junction;1;Not an Intersection;0;None;1;On Roadway;3;Dark - Lighted;1;Clear;0;No Additional Atmospheric Conditions;1;Clear;0;No;0;Not Applicable;88;Not Applicable (Not Notified);88;Not Applicable (Not Notified);88;Not Applicable;88;Not Applicable;88;Not Applicable (Not Transported);88;Not Applicable (Not Transported);0;None;0;None;0;None;1;0
43;Puerto Rico;430084;2;2;0;0;5;5;0;72;PUERTO RICO (72);450;GUAYNABO;9;9;3;March;2018;6;Friday;6;6:00am-6:59am;7;7;1;This section IS ON the NHS;4;County Road;CR-20;;2;Urban;3;Principal Arterial - Other;2;County Highway Agency;44;44;888.888;Not Available;8.888.888;Not Available;0;No Special Jurisdiction;12;Motor Vehicle In-Transport;1;Front-to-Rear;0;No;1;Non-Junction;1;Not an Intersection;0;None;1;On Roadway;1;Daylight;1;Clear;0;No Additional Atmospheric Conditions;1;Clear;0;No;0;Not Applicable;88;Not Applicable (Not Notified);88;Not Applicable (Not Notified);88;Not Applicable;88;Not Applicable;88;Not Applicable (Not Transported);88;Not Applicable (Not Transported);0;None;0;None;0;None;1;0
43;Puerto Rico;430085;1;1;0;0;1;1;0;72;PUERTO RICO (72);540;JUNCOS;12;12;3;March;2018;2;Monday;7;7:00am-7:59am;10;10;0;This section IS NOT on the NHS;4;County Road;CR-934;;1;Rural;6;Minor Collector;2;County Highway Agency;6;6;888.888;Not Available;8.888.888;Not Available;0;No Special Jurisdiction;25;Concrete Traffic Barrier;0;Not a Collision with Motor Vehicle In-Transport;0;No;1;Non-Junction;1;Not an Intersection;0;None;4;On Roadside;1;Daylight;1;Clear;0;No Additional Atmospheric Conditions;1;Clear;0;No;0;Not Applicable;88;Not Applicable (Not Notified);88;Not Applicable (Not Notified);88;Not Applicable;88;Not Applicable;88;Not Applicable (Not Transported);88;Not Applicable (Not Transported);0;None;0;None;0;None;1;0
43;Puerto Rico;430086;1;1;0;0;1;1;0;72;PUERTO RICO (72);680;MOROVIS;17;17;3;March;2018;7;Saturday;7;7:00am-7:59am;30;30;0;This section IS NOT on the NHS;4;County Road;CR-155;;1;Rural;4;Minor Arterial;2;County Highway Agency;403;403;888.888;Not Available;8.888.888;Not Available;0;No Special Jurisdiction;7;Other Non-Collision;0;Not a Collision with Motor Vehicle In-Transport;0;No;1;Non-Junction;1;Not an Intersection;0;None;5;Outside Trafficway;1;Daylight;1;Clear;0;No Additional Atmospheric Conditions;1;Clear;0;No;0;Not Applicable;88;Not Applicable (Not Notified);88;Not Applicable (Not Notified);88;Not Applicable;88;Not Applicable;88;Not Applicable (Not Transported);88;Not Applicable (Not Transported);0;None;0;None;0;None;1;1
43;Puerto Rico;430087;2;2;0;0;7;7;0;72;PUERTO RICO (72);270;CIALES;24;24;3;March;2018;7;Saturday;19;7:00pm-7:59pm;45;45;1;This section IS ON the NHS;4;County Road;CR-149;;1;Rural;3;Principal Arterial - Other;2;County Highway Agency;108;108;888.888;Not Available;8.888.888;Not Available;0;No Special Jurisdiction;12;Motor Vehicle In-Transport;8;Sideswipe - Opposite Direction;0;No;1;Non-Junction;1;Not an Intersection;0;None;1;On Roadway;2;Dark - Not Lighted;1;Clear;0;No Additional Atmospheric Conditions;1;Clear;0;No;0;Not Applicable;99;Unknown;98;Unknown if Notified;99;Unknown EMS Scene Arrival Hour;98;Unknown if Arrived;99;Unknown;98;Unknown if Transported;0;None;0;None;0;None;1;1
43;Puerto Rico;430088;2;2;0;0;3;3;0;72;PUERTO RICO (72);20;AGUADA;28;28;3;March;2018;4;Wednesday;9;9:00am-9:59am;22;22;1;This section IS ON the NHS;4;County Road;CR-110;;1;Rural;3;Principal Arterial - Other;2;County Highway Agency;249;249;888.888;Not Available;8.888.888;Not Available;0;No Special Jurisdiction;12;Motor Vehicle In-Transport;6;Angle;0;No;1;Non-Junction;1;Not an Intersection;0;None;1;On Roadway;1;Daylight;1;Clear;0;No Additional Atmospheric Conditions;1;Clear;0;No;0;Not Applicable;99;Unknown;98;Unknown if Notified;99;Unknown EMS Scene Arrival Hour;98;Unknown if Arrived;99;Unknown;98;Unknown if Transported;0;None;0;None;0;None;1;0
43;Puerto Rico;430089;1;1;0;1;1;1;1;72;PUERTO RICO (72);760;PONCE;29;29;3;March;2018;5;Thursday;19;7:00pm-7:59pm;30;30;0;This section IS NOT on the NHS;4;County Road;CR-MAYOR CANTERAS ST;;2;Urban;5;Major Collector;2;County Highway Agency;0;None;888.888;Not Available;8.888.888;Not Available;0;No Special Jurisdiction;8;Pedestrian;0;Not a Collision with Motor Vehicle In-Transport;0;No;1;Non-Junction;1;Not an Intersection;0;None;1;On Roadway;2;Dark - Not Lighted;1;Clear;0;No Additional Atmospheric Conditions;1;Clear;0;No;0;Not Applicable;88;Not Applicable (Not Notified);88;Not Applicable (Not Notified);88;Not Applicable;88;Not Applicable;88;Not Applicable (Not Transported);88;Not Applicable (Not Transported);0;None;0;None;0;None;1;0
43;Puerto Rico;430090;1;1;0;1;1;1;1;72;PUERTO RICO (72);700;NARANJITO;11;11;4;April;2018;4;Wednesday;22;10:00pm-10:59pm;0;0;1;This section IS ON the NHS;4;County Road;CR-5;;1;Rural;3;Principal Arterial - Other;2;County Highway Agency;242;242;888.888;Not Available;8.888.888;Not Available;0;No Special Jurisdiction;8;Pedestrian;0;Not a Collision with Motor Vehicle In-Transport;0;No;1;Non-Junction;1;Not an Intersection;0;None;1;On Roadway;2;Dark - Not Lighted;1;Clear;0;No Additional Atmospheric Conditions;1;Clear;0;No;0;Not Applicable;88;Not Applicable (Not Notified);88;Not Applicable (Not Notified);88;Not Applicable;88;Not Applicable;88;Not Applicable (Not Transported);88;Not Applicable (Not Transported);0;None;0;None;0;None;1;0
43;Puerto Rico;430091;5;5;0;0;6;6;0;72;PUERTO RICO (72);760;PONCE;20;20;4;April;2018;6;Friday;12;12:00pm-12:59pm;30;30;1;This section IS ON the NHS;4;County Road;CR-10;;2;Urban;3;Principal Arterial - Other;2;County Highway Agency;178;178;888.888;Not Available;8.888.888;Not Available;0;No Special Jurisdiction;12;Motor Vehicle In-Transport;6;Angle;0;No;1;Non-Junction;1;Not an Intersection;0;None;1;On Roadway;1;Daylight;1;Clear;0;No Additional Atmospheric Conditions;1;Clear;0;No;0;Not Applicable;99;Unknown;98;Unknown if Notified;99;Unknown EMS Scene Arrival Hour;98;Unknown if Arrived;99;Unknown;98;Unknown if Transported;0;None;0;None;0;None;1;0
43;Puerto Rico;430092;2;2;0;0;2;2;0;72;PUERTO RICO (72);740;PATILLAS;5;5;5;May;2018;7;Saturday;6;6:00am-6:59am;4;4;1;This section IS ON the NHS;4;County Road;CR-3;;1;Rural;3;Principal Arterial - Other;2;County Highway Agency;1192;1192;888.888;Not Available;8.888.888;Not Available;0;No Special Jurisdiction;12;Motor Vehicle In-Transport;8;Sideswipe - Opposite Direction;0;No;1;Non-Junction;1;Not an Intersection;0;None;1;On Roadway;1;Daylight;1;Clear;0;No Additional Atmospheric Conditions;1;Clear;0;No;0;Not Applicable;99;Unknown;98;Unknown if Notified;99;Unknown EMS Scene Arrival Hour;98;Unknown if Arrived;99;Unknown;98;Unknown if Transported;0;None;0;None;0;None;1;1
43;Puerto Rico;430093;1;1;0;1;1;1;1;72;PUERTO RICO (72);170;CAGUAS;10;10;5;May;2018;5;Thursday;20;8:00pm-8:59pm;0;0;0;This section IS NOT on the NHS;4;County Road;CR-1;;2;Urban;5;Major Collector;2;County Highway Agency;482;482;888.888;Not Available;8.888.888;Not Available;0;No Special Jurisdiction;8;Pedestrian;0;Not a Collision with Motor Vehicle In-Transport;0;No;1;Non-Junction;1;Not an Intersection;0;None;1;On Roadway;2;Dark - Not Lighted;1;Clear;0;No Additional Atmospheric Conditions;1;Clear;0;No;0;Not Applicable;88;Not Applicable (Not Notified);88;Not Applicable (Not Notified);88;Not Applicable;88;Not Applicable;88;Not Applicable (Not Transported);88;Not Applicable (Not Transported);0;None;0;None;0;None;1;0
43;Puerto Rico;430094;1;1;0;3;1;1;3;72;PUERTO RICO (72);760;PONCE;13;13;5;May;2018;1;Sunday;8;8:00am-8:59am;45;45;0;This section IS NOT on the NHS;4;County Road;CR-10;;2;Urban;3;Principal Arterial - Other;2;County Highway Agency;25;25;888.888;Not Available;8.888.888;Not Available;0;No Special Jurisdiction;9;Pedalcyclist;0;Not a Collision with Motor Vehicle In-Transport;0;No;1;Non-Junction;1;Not an Intersection;0;None;2;On Shoulder;1;Daylight;1;Clear;0;No Additional Atmospheric Conditions;1;Clear;0;No;0;Not Applicable;88;Not Applicable (Not Notified);88;Not Applicable (Not Notified);88;Not Applicable;88;Not Applicable;88;Not Applicable (Not Transported);88;Not Applicable (Not Transported);0;None;0;None;0;None;1;1
43;Puerto Rico;430095;1;1;0;0;1;1;0;72;PUERTO RICO (72);820;RIO GRANDE;13;13;5;May;2018;1;Sunday;19;7:00pm-7:59pm;16;16;1;This section IS ON the NHS;1;Interstate;I-3;;2;Urban;1;Interstate;1;State Highway Agency;278;278;888.888;Not Available;8.888.888;Not Available;0;No Special Jurisdiction;25;Concrete Traffic Barrier;0;Not a Collision with Motor Vehicle In-Transport;0;No;1;Non-Junction;1;Not an Intersection;0;None;3;On Median;2;Dark - Not Lighted;1;Clear;0;No Additional Atmospheric Conditions;1;Clear;0;No;0;Not Applicable;19;7:00pm-7:59pm;16;16;19;7:00pm-7:59pm;25;25;88;Not Applicable (Not Transported);88;Not Applicable (Not Transported);0;None;0;None;0;None;1;1
43;Puerto Rico;430096;1;1;0;1;1;1;1;72;PUERTO RICO (72);520;JAYUYA;13;13;5;May;2018;1;Sunday;19;7:00pm-7:59pm;50;50;0;This section IS NOT on the NHS;4;County Road;CR-144;;2;Urban;6;Minor Collector;2;County Highway Agency;94;94;888.888;Not Available;8.888.888;Not Available;0;No Special Jurisdiction;8;Pedestrian;0;Not a Collision with Motor Vehicle In-Transport;0;No;1;Non-Junction;1;Not an Intersection;0;None;1;On Roadway;2;Dark - Not Lighted;1;Clear;0;No Additional Atmospheric Conditions;1;Clear;0;No;0;Not Applicable;88;Not Applicable (Not Notified);88;Not Applicable (Not Notified);88;Not Applicable;88;Not Applicable;88;Not Applicable (Not Transported);88;Not Applicable (Not Transported);0;None;0;None;0;None;1;0
43;Puerto Rico;430097;3;3;0;0;4;4;0;72;PUERTO RICO (72);540;JUNCOS;20;20;5;May;2018;1;Sunday;2;2:00am-2:59am;40;40;1;This section IS ON the NHS;4;County Road;CR-30;;1;Rural;3;Principal Arterial - Other;2;County Highway Agency;164;164;888.888;Not Available;8.888.888;Not Available;0;No Special Jurisdiction;12;Motor Vehicle In-Transport;1;Front-to-Rear;0;No;1;Non-Junction;1;Not an Intersection;0;None;1;On Roadway;2;Dark - Not Lighted;2;Rain;0;No Additional Atmospheric Conditions;2;Rain;0;No;0;Not Applicable;2;2:00am-2:59am;50;50;3;3:00am-3:59am;10;10;88;Not Applicable (Not Transported);88;Not Applicable (Not Transported);0;None;0;None;0;None;1;1
43;Puerto Rico;430098;1;1;0;1;1;1;1;72;PUERTO RICO (72);170;CAGUAS;20;20;5;May;2018;1;Sunday;5;5:00am-5:59am;34;34;0;This section IS NOT on the NHS;4;County Road;CR-1;;1;Rural;5;Major Collector;2;County Highway Agency;482;482;888.888;Not Available;8.888.888;Not Available;0;No Special Jurisdiction;8;Pedestrian;0;Not a Collision with Motor Vehicle In-Transport;0;No;1;Non-Junction;1;Not an Intersection;0;None;1;On Roadway;4;Dawn;1;Clear;0;No Additional Atmospheric Conditions;1;Clear;0;No;0;Not Applicable;88;Not Applicable (Not Notified);88;Not Applicable (Not Notified);88;Not Applicable;88;Not Applicable;88;Not Applicable (Not Transported);88;Not Applicable (Not Transported);0;None;0;None;0;None;1;0
43;Puerto Rico;430099;2;2;0;0;3;3;0;72;PUERTO RICO (72);170;CAGUAS;26;26;5;May;2018;7;Saturday;0;0:00am-0:59am;30;30;0;This section IS NOT on the NHS;4;County Road;CR-172;;2;Urban;3;Principal Arterial - Other;2;County Highway Agency;252;252;888.888;Not Available;8.888.888;Not Available;0;No Special Jurisdiction;12;Motor Vehicle In-Transport;2;Front-to-Front;0;No;1;Non-Junction;1;Not an Intersection;0;None;1;On Roadway;2;Dark - Not Lighted;1;Clear;0;No Additional Atmospheric Conditions;1;Clear;0;No;0;Not Applicable;99;Unknown;98;Unknown if Notified;99;Unknown EMS Scene Arrival Hour;98;Unknown if Arrived;99;Unknown;98;Unknown if Transported;0;None;0;None;0;None;2;1
43;Puerto Rico;430100;1;1;0;1;1;1;1;72;PUERTO RICO (72);930;SAN JUAN;26;26;5;May;2018;7;Saturday;23;11:00pm-11:59pm;20;20;1;This section IS ON the NHS;1;Interstate;I-26;;2;Urban;1;Interstate;1;State Highway Agency;46;46;888.888;Not Available;8.888.888;Not Available;0;No Special Jurisdiction;8;Pedestrian;0;Not a Collision with Motor Vehicle In-Transport;0;No;1;Non-Junction;1;Not an Intersection;0;None;1;On Roadway;2;Dark - Not Lighted;1;Clear;0;No Additional Atmospheric Conditions;1;Clear;0;No;0;Not Applicable;88;Not Applicable (Not Notified);88;Not Applicable (Not Notified);88;Not Applicable;88;Not Applicable;88;Not Applicable (Not Transported);88;Not Applicable (Not Transported);0;None;0;None;0;None;1;0
43;Puerto Rico;430101;2;2;0;0;2;2;0;72;PUERTO RICO (72);170;CAGUAS;27;27;5;May;2018;1;Sunday;0;0:00am-0:59am;20;20;0;This section IS NOT on the NHS;4;County Road;CR-1;;1;Rural;5;Major Collector;2;County Highway Agency;475;475;888.888;Not Available;8.888.888;Not Available;0;No Special Jurisdiction;12;Motor Vehicle In-Transport;2;Front-to-Front;0;No;1;Non-Junction;1;Not an Intersection;0;None;1;On Roadway;3;Dark - Lighted;1;Clear;0;No Additional Atmospheric Conditions;1;Clear;0;No;0;Not Applicable;88;Not Applicable (Not Notified);88;Not Applicable (Not Notified);88;Not Applicable;88;Not Applicable;88;Not Applicable (Not Transported);88;Not Applicable (Not Transported);0;None;0;None;0;None;1;2
43;Puerto Rico;430102;1;1;0;1;1;1;1;72;PUERTO RICO (72);200;CAROLINA;16;16;1;January;2018;3;Tuesday;18;6:00pm-6:59pm;39;39;0;This section IS NOT on the NHS;4;County Road;CR-MONSERRATE AVE;;2;Urban;5;Major Collector;2;County Highway Agency;0;None;888.888;Not Available;8.888.888;Not Available;0;No Special Jurisdiction;8;Pedestrian;0;Not a Collision with Motor Vehicle In-Transport;0;No;1;Non-Junction;1;Not an Intersection;0;None;1;On Roadway;1;Daylight;1;Clear;0;No Additional Atmospheric Conditions;1;Clear;0;No;0;Not Applicable;88;Not Applicable (Not Notified);88;Not Applicable (Not Notified);88;Not Applicable;88;Not Applicable;88;Not Applicable (Not Transported);88;Not Applicable (Not Transported);0;None;0;None;0;None;1;0
43;Puerto Rico;430103;1;1;0;1;2;2;1;72;PUERTO RICO (72);360;DORADO;8;8;2;February;2018;5;Thursday;22;10:00pm-10:59pm;0;0;1;This section IS ON the NHS;1;Interstate;I-22;;1;Rural;1;Interstate;1;State Highway Agency;269;269;888.888;Not Available;8.888.888;Not Available;0;No Special Jurisdiction;8;Pedestrian;0;Not a Collision with Motor Vehicle In-Transport;0;No;1;Non-Junction;1;Not an Intersection;0;None;1;On Roadway;2;Dark - Not Lighted;2;Rain;0;No Additional Atmospheric Conditions;2;Rain;0;No;0;Not Applicable;99;Unknown;98;Unknown if Notified;99;Unknown EMS Scene Arrival Hour;98;Unknown if Arrived;99;Unknown;98;Unknown if Transported;0;None;0;None;0;None;1;0
43;Puerto Rico;430104;2;2;0;0;3;3;0;72;PUERTO RICO (72);590;LAS PIEDRAS;18;18;2;February;2018;1;Sunday;0;0:00am-0:59am;47;47;0;This section IS NOT on the NHS;4;County Road;CR-183;;1;Rural;4;Minor Arterial;2;County Highway Agency;224;224;888.888;Not Available;8.888.888;Not Available;0;No Special Jurisdiction;12;Motor Vehicle In-Transport;8;Sideswipe - Opposite Direction;0;No;1;Non-Junction;1;Not an Intersection;0;None;1;On Roadway;3;Dark - Lighted;1;Clear;0;No Additional Atmospheric Conditions;1;Clear;0;No;0;Not Applicable;88;Not Applicable (Not Notified);88;Not Applicable (Not Notified);88;Not Applicable;88;Not Applicable;88;Not Applicable (Not Transported);88;Not Applicable (Not Transported);0;None;0;None;0;None;1;2
43;Puerto Rico;430105;2;2;0;0;3;3;0;72;PUERTO RICO (72);430;GUAYAMA;21;21;2;February;2018;4;Wednesday;14;2:00pm-2:59pm;0;0;0;This section IS NOT on the NHS;4;County Road;CR-179;;1;Rural;4;Minor Arterial;2;County Highway Agency;180;180;888.888;Not Available;8.888.888;Not Available;0;No Special Jurisdiction;12;Motor Vehicle In-Transport;2;Front-to-Front;0;No;1;Non-Junction;1;Not an Intersection;0;None;1;On Roadway;1;Daylight;2;Rain;0;No Additional Atmospheric Conditions;2;Rain;0;No;0;Not Applicable;88;Not Applicable (Not Notified);88;Not Applicable (Not Notified);88;Not Applicable;88;Not Applicable;88;Not Applicable (Not Transported);88;Not Applicable (Not Transported);0;None;0;None;0;None;1;1
43;Puerto Rico;430106;3;3;0;0;4;4;0;72;PUERTO RICO (72);190;CANOVANAS, CANOVANAS;25;25;3;March;2018;1;Sunday;19;7:00pm-7:59pm;12;12;1;This section IS ON the NHS;1;Interstate;I-66;;1;Rural;1;Interstate;1;State Highway Agency;95;95;888.888;Not Available;8.888.888;Not Available;0;No Special Jurisdiction;11;Live Animal;0;Not a Collision with Motor Vehicle In-Transport;0;No;1;Non-Junction;1;Not an Intersection;0;None;1;On Roadway;2;Dark - Not Lighted;2;Rain;0;No Additional Atmospheric Conditions;2;Rain;0;No;0;Not Applicable;19;7:00pm-7:59pm;12;12;19;7:00pm-7:59pm;20;20;88;Not Applicable (Not Transported);88;Not Applicable (Not Transported);0;None;0;None;0;None;1;0
43;Puerto Rico;430108;1;1;0;1;1;1;1;72;PUERTO RICO (72);1020;VEGA BAJA;24;24;4;April;2018;3;Tuesday;13;1:00pm-1:59pm;15;15;1;This section IS ON the NHS;4;County Road;CR-2;;2;Urban;3;Principal Arterial - Other;2;County Highway Agency;386;386;888.888;Not Available;8.888.888;Not Available;0;No Special Jurisdiction;8;Pedestrian;0;Not a Collision with Motor Vehicle In-Transport;0;No;1;Non-Junction;1;Not an Intersection;0;None;1;On Roadway;1;Daylight;1;Clear;0;No Additional Atmospheric Conditions;1;Clear;0;No;0;Not Applicable;88;Not Applicable (Not Notified);88;Not Applicable (Not Notified);88;Not Applicable;88;Not Applicable;88;Not Applicable (Not Transported);88;Not Applicable (Not Transported);0;None;0;None;0;None;1;0
43;Puerto Rico;430109;2;2;0;0;5;5;0;72;PUERTO RICO (72);590;LAS PIEDRAS;12;12;5;May;2018;7;Saturday;6;6:00am-6:59am;40;40;1;This section IS ON the NHS;4;County Road;CR-30;;1;Rural;3;Principal Arterial - Other;2;County Highway Agency;192;192;888.888;Not Available;8.888.888;Not Available;0;No Special Jurisdiction;25;Concrete Traffic Barrier;0;Not a Collision with Motor Vehicle In-Transport;0;No;1;Non-Junction;1;Not an Intersection;0;None;3;On Median;1;Daylight;2;Rain;0;No Additional Atmospheric Conditions;2;Rain;0;No;0;Not Applicable;99;Unknown;98;Unknown if Notified;99;Unknown EMS Scene Arrival Hour;98;Unknown if Arrived;99;Unknown;98;Unknown if Transported;0;None;0;None;0;None;1;0
43;Puerto Rico;430110;1;1;0;1;1;1;1;72;PUERTO RICO (72);690;NAGUABO;19;19;5;May;2018;7;Saturday;19;7:00pm-7:59pm;15;15;0;This section IS NOT on the NHS;4;County Road;CR-31;;1;Rural;4;Minor Arterial;2;County Highway Agency;13;13;888.888;Not Available;8.888.888;Not Available;0;No Special Jurisdiction;8;Pedestrian;0;Not a Collision with Motor Vehicle In-Transport;0;No;1;Non-Junction;1;Not an Intersection;0;None;1;On Roadway;2;Dark - Not Lighted;1;Clear;0;No Additional Atmospheric Conditions;1;Clear;0;No;0;Not Applicable;88;Not Applicable (Not Notified);88;Not Applicable (Not Notified);88;Not Applicable;88;Not Applicable;88;Not Applicable (Not Transported);88;Not Applicable (Not Transported);0;None;0;None;0;None;1;0
43;Puerto Rico;430111;1;1;0;1;1;1;1;72;PUERTO RICO (72);530;JUANA DIAZ;2;2;6;June;2018;7;Saturday;1;1:00am-1:59am;46;46;0;This section IS NOT on the NHS;4;County Road;CR-552;;1;Rural;6;Minor Collector;2;County Highway Agency;20;20;888.888;Not Available;8.888.888;Not Available;0;No Special Jurisdiction;8;Pedestrian;0;Not a Collision with Motor Vehicle In-Transport;0;No;1;Non-Junction;1;Not an Intersection;0;None;1;On Roadway;2;Dark - Not Lighted;1;Clear;0;No Additional Atmospheric Conditions;1;Clear;0;No;0;Not Applicable;88;Not Applicable (Not Notified);88;Not Applicable (Not Notified);88;Not Applicable;88;Not Applicable;88;Not Applicable (Not Transported);88;Not Applicable (Not Transported);0;None;0;None;0;None;1;0
43;Puerto Rico;430112;2;2;0;0;5;5;0;72;PUERTO RICO (72);760;PONCE;3;3;6;June;2018;1;Sunday;2;2:00am-2:59am;22;22;0;This section IS NOT on the NHS;4;County Road;CR-123;;1;Rural;4;Minor Arterial;2;County Highway Agency;79;79;888.888;Not Available;8.888.888;Not Available;0;No Special Jurisdiction;12;Motor Vehicle In-Transport;2;Front-to-Front;0;No;1;Non-Junction;1;Not an Intersection;0;None;1;On Roadway;2;Dark - Not Lighted;1;Clear;0;No Additional Atmospheric Conditions;1;Clear;0;No;0;Not Applicable;99;Unknown;98;Unknown if Notified;99;Unknown EMS Scene Arrival Hour;98;Unknown if Arrived;99;Unknown;98;Unknown if Transported;0;None;0;None;0;None;1;1
43;Puerto Rico;430113;1;1;0;1;1;1;1;72;PUERTO RICO (72);930;SAN JUAN;4;4;6;June;2018;2;Monday;4;4:00am-4:59am;47;47;0;This section IS NOT on the NHS;4;County Road;CR-LABRA ST;;2;Urban;5;Major Collector;2;County Highway Agency;0;None;888.888;Not Available;8.888.888;Not Available;0;No Special Jurisdiction;8;Pedestrian;0;Not a Collision with Motor Vehicle In-Transport;0;No;1;Non-Junction;1;Not an Intersection;0;None;1;On Roadway;2;Dark - Not Lighted;1;Clear;0;No Additional Atmospheric Conditions;1;Clear;0;No;0;Not Applicable;88;Not Applicable (Not Notified);88;Not Applicable (Not Notified);88;Not Applicable;88;Not Applicable;88;Not Applicable (Not Transported);88;Not Applicable (Not Transported);0;None;0;None;0;None;1;0
43;Puerto Rico;430114;1;1;0;0;1;1;0;72;PUERTO RICO (72);140;BAYAMON, BAYAMON;4;4;6;June;2018;2;Monday;10;10:00am-10:59am;0;0;0;This section IS NOT on the NHS;4;County Road;CR-BETANCES AVE;;2;Urban;5;Major Collector;2;County Highway Agency;0;None;888.888;Not Available;8.888.888;Not Available;0;No Special Jurisdiction;30;Utility Pole/Light Support;0;Not a Collision with Motor Vehicle In-Transport;0;No;1;Non-Junction;1;Not an Intersection;0;None;4;On Roadside;1;Daylight;1;Clear;0;No Additional Atmospheric Conditions;1;Clear;0;No;0;Not Applicable;88;Not Applicable (Not Notified);88;Not Applicable (Not Notified);88;Not Applicable;88;Not Applicable;88;Not Applicable (Not Transported);88;Not Applicable (Not Transported);0;None;0;None;0;None;1;1
43;Puerto Rico;430115;1;1;0;1;1;1;1;72;PUERTO RICO (72);1040;VILLALBA;6;6;6;June;2018;4;Wednesday;19;7:00pm-7:59pm;20;20;1;This section IS ON the NHS;4;County Road;CR-149;;1;Rural;3;Principal Arterial - Other;2;County Highway Agency;560;560;888.888;Not Available;8.888.888;Not Available;0;No Special Jurisdiction;8;Pedestrian;0;Not a Collision with Motor Vehicle In-Transport;0;No;1;Non-Junction;1;Not an Intersection;0;None;1;On Roadway;2;Dark - Not Lighted;1;Clear;0;No Additional Atmospheric Conditions;1;Clear;0;No;0;Not Applicable;88;Not Applicable (Not Notified);88;Not Applicable (Not Notified);88;Not Applicable;88;Not Applicable;88;Not Applicable (Not Transported);88;Not Applicable (Not Transported);0;None;0;None;0;None;1;0
43;Puerto Rico;430116;1;1;0;0;2;2;0;72;PUERTO RICO (72);130;BARRANQUITAS;7;7;6;June;2018;5;Thursday;9;9:00am-9:59am;45;45;0;This section IS NOT on the NHS;4;County Road;CR-152;;1;Rural;4;Minor Arterial;2;County Highway Agency;6;6;888.888;Not Available;8.888.888;Not Available;0;No Special Jurisdiction;30;Utility Pole/Light Support;0;Not a Collision with Motor Vehicle In-Transport;0;No;1;Non-Junction;1;Not an Intersection;0;None;4;On Roadside;1;Daylight;1;Clear;0;No Additional Atmospheric Conditions;1;Clear;0;No;0;Not Applicable;9;9:00am-9:59am;50;50;9;9:00am-9:59am;58;58;88;Not Applicable (Not Transported);88;Not Applicable (Not Transported);0;None;0;None;0;None;1;0
43;Puerto Rico;430117;1;1;0;0;1;1;0;72;PUERTO RICO (72);40;AGUAS BUENAS;11;11;6;June;2018;2;Monday;13;1:00pm-1:59pm;40;40;0;This section IS NOT on the NHS;4;County Road;CR-173;;1;Rural;4;Minor Arterial;2;County Highway Agency;214;214;888.888;Not Available;8.888.888;Not Available;0;No Special Jurisdiction;30;Utility Pole/Light Support;0;Not a Collision with Motor Vehicle In-Transport;0;No;1;Non-Junction;1;Not an Intersection;0;None;4;On Roadside;1;Daylight;1;Clear;0;No Additional Atmospheric Conditions;1;Clear;0;No;0;Not Applicable;88;Not Applicable (Not Notified);88;Not Applicable (Not Notified);88;Not Applicable;88;Not Applicable;88;Not Applicable (Not Transported);88;Not Applicable (Not Transported);0;None;0;None;0;None;1;0
43;Puerto Rico;430118;1;1;0;1;1;1;1;72;PUERTO RICO (72);930;SAN JUAN;12;12;6;June;2018;3;Tuesday;19;7:00pm-7:59pm;0;0;1;This section IS ON the NHS;4;County Road;CR-177;;2;Urban;3;Principal Arterial - Other;2;County Highway Agency;65;65;888.888;Not Available;8.888.888;Not Available;0;No Special Jurisdiction;8;Pedestrian;0;Not a Collision with Motor Vehicle In-Transport;0;No;1;Non-Junction;1;Not an Intersection;0;None;1;On Roadway;2;Dark - Not Lighted;1;Clear;0;No Additional Atmospheric Conditions;1;Clear;0;No;0;Not Applicable;19;7:00pm-7:59pm;50;50;20;8:00pm-8:59pm;0;0;88;Not Applicable (Not Transported);88;Not Applicable (Not Transported);0;None;0;None;0;None;1;0
43;Puerto Rico;430119;1;1;0;1;1;1;1;72;PUERTO RICO (72);650;MAYAGUEZ;13;13;6;June;2018;4;Wednesday;5;5:00am-5:59am;50;50;1;This section IS ON the NHS;1;Interstate;I-2;;2;Urban;1;Interstate;1;State Highway Agency;1557;1557;888.888;Not Available;8.888.888;Not Available;0;No Special Jurisdiction;8;Pedestrian;0;Not a Collision with Motor Vehicle In-Transport;0;No;1;Non-Junction;1;Not an Intersection;0;None;1;On Roadway;2;Dark - Not Lighted;1;Clear;0;No Additional Atmospheric Conditions;1;Clear;0;No;0;Not Applicable;88;Not Applicable (Not Notified);88;Not Applicable (Not Notified);88;Not Applicable;88;Not Applicable;88;Not Applicable (Not Transported);88;Not Applicable (Not Transported);0;None;0;None;0;None;1;1
43;Puerto Rico;430120;1;1;0;0;1;1;0;72;PUERTO RICO (72);280;CIDRA;14;14;6;June;2018;5;Thursday;21;9:00pm-9:59pm;13;13;0;This section IS NOT on the NHS;4;County Road;CR-787;;1;Rural;4;Minor Arterial;2;County Highway Agency;10;10;888.888;Not Available;8.888.888;Not Available;0;No Special Jurisdiction;35;Embankment;0;Not a Collision with Motor Vehicle In-Transport;0;No;1;Non-Junction;1;Not an Intersection;0;None;4;On Roadside;3;Dark - Lighted;1;Clear;0;No Additional Atmospheric Conditions;1;Clear;0;No;0;Not Applicable;88;Not Applicable (Not Notified);88;Not Applicable (Not Notified);88;Not Applicable;88;Not Applicable;88;Not Applicable (Not Transported);88;Not Applicable (Not Transported);0;None;0;None;0;None;1;1
43;Puerto Rico;430121;2;2;0;0;2;2;0;72;PUERTO RICO (72);540;JUNCOS;15;15;6;June;2018;6;Friday;3;3:00am-3:59am;3;3;1;This section IS ON the NHS;4;County Road;CR-30;;2;Urban;3;Principal Arterial - Other;2;County Highway Agency;125;125;888.888;Not Available;8.888.888;Not Available;0;No Special Jurisdiction;12;Motor Vehicle In-Transport;1;Front-to-Rear;0;No;1;Non-Junction;1;Not an Intersection;0;None;1;On Roadway;2;Dark - Not Lighted;1;Clear;0;No Additional Atmospheric Conditions;1;Clear;0;No;0;Not Applicable;88;Not Applicable (Not Notified);88;Not Applicable (Not Notified);88;Not Applicable;88;Not Applicable;88;Not Applicable (Not Transported);88;Not Applicable (Not Transported);0;None;0;None;0;None;1;1
43;Puerto Rico;430122;2;2;0;0;2;2;0;72;PUERTO RICO (72);500;HUMACAO;16;16;6;June;2018;7;Saturday;0;0:00am-0:59am;10;10;0;This section IS NOT on the NHS;4;County Road;CR-NICANOR VAZQUEZ AVE;;1;Rural;6;Minor Collector;2;County Highway Agency;0;None;888.888;Not Available;8.888.888;Not Available;0;No Special Jurisdiction;12;Motor Vehicle In-Transport;2;Front-to-Front;0;No;1;Non-Junction;1;Not an Intersection;0;None;1;On Roadway;2;Dark - Not Lighted;1;Clear;0;No Additional Atmospheric Conditions;1;Clear;0;No;0;Not Applicable;88;Not Applicable (Not Notified);88;Not Applicable (Not Notified);88;Not Applicable;88;Not Applicable;88;Not Applicable (Not Transported);88;Not Applicable (Not Transported);0;None;0;None;0;None;1;1
43;Puerto Rico;430123;1;1;0;1;1;1;1;72;PUERTO RICO (72);920;SAN GERMAN;16;16;6;June;2018;7;Saturday;21;9:00pm-9:59pm;45;45;0;This section IS NOT on the NHS;4;County Road;CR-102;;1;Rural;4;Minor Arterial;2;County Highway Agency;331;331;888.888;Not Available;8.888.888;Not Available;0;No Special Jurisdiction;8;Pedestrian;0;Not a Collision with Motor Vehicle In-Transport;0;No;1;Non-Junction;1;Not an Intersection;0;None;1;On Roadway;3;Dark - Lighted;1;Clear;0;No Additional Atmospheric Conditions;1;Clear;0;No;0;Not Applicable;88;Not Applicable (Not Notified);88;Not Applicable (Not Notified);88;Not Applicable;88;Not Applicable;88;Not Applicable (Not Transported);88;Not Applicable (Not Transported);0;None;0;None;0;None;1;0
43;Puerto Rico;430124;1;1;0;0;4;4;0;72;PUERTO RICO (72);610;LUQUILLO;17;17;6;June;2018;1;Sunday;22;10:00pm-10:59pm;2;2;1;This section IS ON the NHS;1;Interstate;I-3;;2;Urban;1;Interstate;1;State Highway Agency;357;357;888.888;Not Available;8.888.888;Not Available;0;No Special Jurisdiction;11;Live Animal;0;Not a Collision with Motor Vehicle In-Transport;0;No;1;Non-Junction;1;Not an Intersection;0;None;1;On Roadway;2;Dark - Not Lighted;1;Clear;0;No Additional Atmospheric Conditions;1;Clear;0;No;0;Not Applicable;99;Unknown;98;Unknown if Notified;99;Unknown EMS Scene Arrival Hour;98;Unknown if Arrived;99;Unknown;98;Unknown if Transported;0;None;0;None;0;None;1;1
43;Puerto Rico;430125;1;1;0;1;2;2;1;72;PUERTO RICO (72);430;GUAYAMA;17;17;6;June;2018;1;Sunday;19;7:00pm-7:59pm;0;0;0;This section IS NOT on the NHS;4;County Road;CR-3;;1;Rural;4;Minor Arterial;2;County Highway Agency;1501;1501;888.888;Not Available;8.888.888;Not Available;0;No Special Jurisdiction;9;Pedalcyclist;0;Not a Collision with Motor Vehicle In-Transport;0;No;1;Non-Junction;1;Not an Intersection;0;None;1;On Roadway;2;Dark - Not Lighted;1;Clear;0;No Additional Atmospheric Conditions;1;Clear;0;No;0;Not Applicable;99;Unknown;98;Unknown if Notified;99;Unknown EMS Scene Arrival Hour;98;Unknown if Arrived;99;Unknown;98;Unknown if Transported;0;None;0;None;0;None;1;0
43;Puerto Rico;430126;2;2;0;0;2;2;0;72;PUERTO RICO (72);1020;VEGA BAJA;19;19;6;June;2018;3;Tuesday;7;7:00am-7:59am;51;51;1;This section IS ON the NHS;4;County Road;CR-137;;1;Rural;3;Principal Arterial - Other;2;County Highway Agency;75;75;888.888;Not Available;8.888.888;Not Available;0;No Special Jurisdiction;12;Motor Vehicle In-Transport;2;Front-to-Front;0;No;1;Non-Junction;1;Not an Intersection;0;None;1;On Roadway;1;Daylight;1;Clear;0;No Additional Atmospheric Conditions;1;Clear;0;No;0;Not Applicable;99;Unknown;98;Unknown if Notified;99;Unknown EMS Scene Arrival Hour;98;Unknown if Arrived;99;Unknown;98;Unknown if Transported;0;None;0;None;0;None;1;0
43;Puerto Rico;430127;1;1;0;0;1;1;0;72;PUERTO RICO (72);900;SALINAS, SALINAS;20;20;6;June;2018;4;Wednesday;10;10:00am-10:59am;25;25;1;This section IS ON the NHS;1;Interstate;I-52;;1;Rural;1;Interstate;1;State Highway Agency;479;479;888.888;Not Available;8.888.888;Not Available;0;No Special Jurisdiction;25;Concrete Traffic Barrier;0;Not a Collision with Motor Vehicle In-Transport;0;No;1;Non-Junction;1;Not an Intersection;0;None;4;On Roadside;1;Daylight;1;Clear;0;No Additional Atmospheric Conditions;1;Clear;0;No;0;Not Applicable;88;Not Applicable (Not Notified);88;Not Applicable (Not Notified);88;Not Applicable;88;Not Applicable;88;Not Applicable (Not Transported);88;Not Applicable (Not Transported);0;None;0;None;0;None;1;0
43;Puerto Rico;430128;1;1;0;0;2;2;0;72;PUERTO RICO (72);900;SALINAS, SALINAS;22;22;6;June;2018;6;Friday;22;10:00pm-10:59pm;30;30;1;This section IS ON the NHS;1;Interstate;I-52;;1;Rural;1;Interstate;1;State Highway Agency;700;700;888.888;Not Available;8.888.888;Not Available;0;No Special Jurisdiction;25;Concrete Traffic Barrier;0;Not a Collision with Motor Vehicle In-Transport;0;No;1;Non-Junction;1;Not an Intersection;0;None;4;On Roadside;2;Dark - Not Lighted;1;Clear;0;No Additional Atmospheric Conditions;1;Clear;0;No;0;Not Applicable;22;10:00pm-10:59pm;30;30;22;10:00pm-10:59pm;35;35;88;Not Applicable (Not Transported);88;Not Applicable (Not Transported);0;None;0;None;0;None;2;0
43;Puerto Rico;430129;2;2;0;0;2;2;0;72;PUERTO RICO (72);670;MOCA;23;23;6;June;2018;7;Saturday;22;10:00pm-10:59pm;9;9;1;This section IS ON the NHS;4;County Road;CR-111;;1;Rural;3;Principal Arterial - Other;2;County Highway Agency;76;76;888.888;Not Available;8.888.888;Not Available;0;No Special Jurisdiction;12;Motor Vehicle In-Transport;1;Front-to-Rear;0;No;1;Non-Junction;1;Not an Intersection;0;None;1;On Roadway;2;Dark - Not Lighted;1;Clear;0;No Additional Atmospheric Conditions;1;Clear;0;No;0;Not Applicable;99;Unknown;98;Unknown if Notified;99;Unknown EMS Scene Arrival Hour;98;Unknown if Arrived;99;Unknown;98;Unknown if Transported;0;None;0;None;0;None;1;1
43;Puerto Rico;430130;1;1;0;0;2;2;0;72;PUERTO RICO (72);690;NAGUABO;23;23;6;June;2018;7;Saturday;8;8:00am-8:59am;15;15;0;This section IS NOT on the NHS;4;County Road;CR-971;;1;Rural;6;Minor Collector;2;County Highway Agency;29;29;888.888;Not Available;8.888.888;Not Available;0;No Special Jurisdiction;42;Tree (Standing Only);0;Not a Collision with Motor Vehicle In-Transport;0;No;1;Non-Junction;1;Not an Intersection;0;None;6;Off Roadway-Location Unknown;1;Daylight;2;Rain;0;No Additional Atmospheric Conditions;2;Rain;0;No;0;Not Applicable;99;Unknown;98;Unknown if Notified;99;Unknown EMS Scene Arrival Hour;98;Unknown if Arrived;99;Unknown;98;Unknown if Transported;0;None;0;None;0;None;1;0
43;Puerto Rico;430131;2;2;0;0;2;2;0;72;PUERTO RICO (72);170;CAGUAS;24;24;6;June;2018;1;Sunday;21;9:00pm-9:59pm;30;30;1;This section IS ON the NHS;4;County Road;CR-1;;1;Rural;3;Principal Arterial - Other;2;County Highway Agency;319;319;888.888;Not Available;8.888.888;Not Available;0;No Special Jurisdiction;25;Concrete Traffic Barrier;0;Not a Collision with Motor Vehicle In-Transport;0;No;1;Non-Junction;1;Not an Intersection;0;None;4;On Roadside;3;Dark - Lighted;1;Clear;0;No Additional Atmospheric Conditions;1;Clear;0;No;0;Not Applicable;88;Not Applicable (Not Notified);88;Not Applicable (Not Notified);88;Not Applicable;88;Not Applicable;88;Not Applicable (Not Transported);88;Not Applicable (Not Transported);0;None;0;None;0;None;1;1
43;Puerto Rico;430132;2;2;0;0;4;4;0;72;PUERTO RICO (72);450;GUAYNABO;25;25;6;June;2018;2;Monday;0;0:00am-0:59am;30;30;1;This section IS ON the NHS;4;County Road;CR-2;;2;Urban;3;Principal Arterial - Other;2;County Highway Agency;78;78;888.888;Not Available;8.888.888;Not Available;0;No Special Jurisdiction;12;Motor Vehicle In-Transport;6;Angle;0;No;1;Non-Junction;1;Not an Intersection;0;None;1;On Roadway;2;Dark - Not Lighted;2;Rain;0;No Additional Atmospheric Conditions;2;Rain;0;No;0;Not Applicable;88;Not Applicable (Not Notified);88;Not Applicable (Not Notified);88;Not Applicable;88;Not Applicable;88;Not Applicable (Not Transported);88;Not Applicable (Not Transported);0;None;0;None;0;None;1;1
43;Puerto Rico;430133;1;1;0;1;1;1;1;72;PUERTO RICO (72);930;SAN JUAN;25;25;6;June;2018;2;Monday;20;8:00pm-8:59pm;50;50;1;This section IS ON the NHS;4;County Road;CR-8;;2;Urban;3;Principal Arterial - Other;2;County Highway Agency;5;5;888.888;Not Available;8.888.888;Not Available;0;No Special Jurisdiction;8;Pedestrian;0;Not a Collision with Motor Vehicle In-Transport;0;No;1;Non-Junction;1;Not an Intersection;0;None;1;On Roadway;2;Dark - Not Lighted;1;Clear;0;No Additional Atmospheric Conditions;1;Clear;0;No;0;Not Applicable;88;Not Applicable (Not Notified);88;Not Applicable (Not Notified);88;Not Applicable;88;Not Applicable;88;Not Applicable (Not Transported);88;Not Applicable (Not Transported);0;None;0;None;0;None;1;0
43;Puerto Rico;430134;2;2;0;0;2;2;0;72;PUERTO RICO (72);430;GUAYAMA;29;29;6;June;2018;6;Friday;21;9:00pm-9:59pm;25;25;0;This section IS NOT on the NHS;4;County Road;CR-3;INT PR 710;1;Rural;4;Minor Arterial;2;County Highway Agency;1430;1430;888.888;Not Available;8.888.888;Not Available;0;No Special Jurisdiction;12;Motor Vehicle In-Transport;6;Angle;1;Yes;2;Intersection;3;T-Intersection;0;None;1;On Roadway;2;Dark - Not Lighted;1;Clear;0;No Additional Atmospheric Conditions;1;Clear;0;No;0;Not Applicable;99;Unknown;98;Unknown if Notified;99;Unknown EMS Scene Arrival Hour;98;Unknown if Arrived;99;Unknown;98;Unknown if Transported;0;None;0;None;0;None;1;1
43;Puerto Rico;430135;1;1;0;1;1;1;1;72;PUERTO RICO (72);680;MOROVIS;30;30;6;June;2018;7;Saturday;16;4:00pm-4:59pm;30;30;0;This section IS NOT on the NHS;4;County Road;CR-JUAN RIVERA ST FR 3 73;;2;Urban;5;Major Collector;2;County Highway Agency;0;None;888.888;Not Available;8.888.888;Not Available;0;No Special Jurisdiction;8;Pedestrian;0;Not a Collision with Motor Vehicle In-Transport;0;No;1;Non-Junction;1;Not an Intersection;0;None;2;On Shoulder;1;Daylight;1;Clear;0;No Additional Atmospheric Conditions;1;Clear;0;No;0;Not Applicable;88;Not Applicable (Not Notified);88;Not Applicable (Not Notified);88;Not Applicable;88;Not Applicable;88;Not Applicable (Not Transported);88;Not Applicable (Not Transported);0;None;0;None;0;None;1;0
43;Puerto Rico;430136;4;4;0;0;5;5;0;72;PUERTO RICO (72);220;CATANO, CATANO;30;30;6;June;2018;7;Saturday;17;5:00pm-5:59pm;39;39;1;This section IS ON the NHS;4;County Road;CR-165;INT PR 869;1;Rural;3;Principal Arterial - Other;2;County Highway Agency;0;None;888.888;Not Available;8.888.888;Not Available;0;No Special Jurisdiction;12;Motor Vehicle In-Transport;6;Angle;1;Yes;2;Intersection;3;T-Intersection;0;None;1;On Roadway;1;Daylight;1;Clear;0;No Additional Atmospheric Conditions;1;Clear;0;No;0;Not Applicable;99;Unknown;98;Unknown if Notified;99;Unknown EMS Scene Arrival Hour;98;Unknown if Arrived;99;Unknown;98;Unknown if Transported;0;None;0;None;0;None;1;0
43;Puerto Rico;430137;1;1;0;0;1;1;0;72;PUERTO RICO (72);1020;VEGA BAJA;1;1;7;July;2018;1;Sunday;3;3:00am-3:59am;59;59;0;This section IS NOT on the NHS;4;County Road;CR-689;;1;Rural;6;Minor Collector;2;County Highway Agency;0;None;888.888;Not Available;8.888.888;Not Available;0;No Special Jurisdiction;30;Utility Pole/Light Support;0;Not a Collision with Motor Vehicle In-Transport;0;No;1;Non-Junction;1;Not an Intersection;0;None;4;On Roadside;2;Dark - Not Lighted;1;Clear;0;No Additional Atmospheric Conditions;1;Clear;0;No;0;Not Applicable;88;Not Applicable (Not Notified);88;Not Applicable (Not Notified);88;Not Applicable;88;Not Applicable;88;Not Applicable (Not Transported);88;Not Applicable (Not Transported);0;None;0;None;0;None;1;1
43;Puerto Rico;430138;1;1;0;1;1;1;1;72;PUERTO RICO (72);930;SAN JUAN;1;1;7;July;2018;1;Sunday;1;1:00am-1:59am;25;25;0;This section IS NOT on the NHS;4;County Road;CR-844;;2;Urban;5;Major Collector;2;County Highway Agency;0;None;888.888;Not Available;8.888.888;Not Available;0;No Special Jurisdiction;8;Pedestrian;0;Not a Collision with Motor Vehicle In-Transport;0;No;1;Non-Junction;1;Not an Intersection;0;None;1;On Roadway;2;Dark - Not Lighted;1;Clear;0;No Additional Atmospheric Conditions;1;Clear;0;No;0;Not Applicable;88;Not Applicable (Not Notified);88;Not Applicable (Not Notified);88;Not Applicable;88;Not Applicable;88;Not Applicable (Not Transported);88;Not Applicable (Not Transported);0;None;0;None;0;None;1;0
43;Puerto Rico;430139;1;1;0;0;1;1;0;72;PUERTO RICO (72);900;SALINAS, SALINAS;1;1;7;July;2018;1;Sunday;6;6:00am-6:59am;0;0;1;This section IS ON the NHS;1;Interstate;I-53;;1;Rural;1;Interstate;1;State Highway Agency;914;914;888.888;Not Available;8.888.888;Not Available;0;No Special Jurisdiction;25;Concrete Traffic Barrier;0;Not a Collision with Motor Vehicle In-Transport;0;No;1;Non-Junction;1;Not an Intersection;0;None;4;On Roadside;4;Dawn;1;Clear;0;No Additional Atmospheric Conditions;1;Clear;0;No;0;Not Applicable;88;Not Applicable (Not Notified);88;Not Applicable (Not Notified);88;Not Applicable;88;Not Applicable;88;Not Applicable (Not Transported);88;Not Applicable (Not Transported);0;None;0;None;0;None;1;1
43;Puerto Rico;430140;1;1;0;1;1;1;1;72;PUERTO RICO (72);980;TOA BAJA;3;3;7;July;2018;3;Tuesday;22;10:00pm-10:59pm;30;30;1;This section IS ON the NHS;1;Interstate;I-22;;1;Rural;1;Interstate;1;State Highway Agency;169;169;888.888;Not Available;8.888.888;Not Available;0;No Special Jurisdiction;9;Pedalcyclist;0;Not a Collision with Motor Vehicle In-Transport;0;No;1;Non-Junction;1;Not an Intersection;0;None;1;On Roadway;2;Dark - Not Lighted;1;Clear;0;No Additional Atmospheric Conditions;1;Clear;0;No;0;Not Applicable;88;Not Applicable (Not Notified);88;Not Applicable (Not Notified);88;Not Applicable;88;Not Applicable;88;Not Applicable (Not Transported);88;Not Applicable (Not Transported);0;None;0;None;0;None;1;0
43;Puerto Rico;430141;2;2;0;0;3;3;0;72;PUERTO RICO (72);690;NAGUABO;7;7;7;July;2018;7;Saturday;19;7:00pm-7:59pm;55;55;0;This section IS NOT on the NHS;4;County Road;CR-31;;1;Rural;4;Minor Arterial;2;County Highway Agency;141;141;888.888;Not Available;8.888.888;Not Available;0;No Special Jurisdiction;12;Motor Vehicle In-Transport;2;Front-to-Front;0;No;1;Non-Junction;1;Not an Intersection;0;None;1;On Roadway;2;Dark - Not Lighted;1;Clear;0;No Additional Atmospheric Conditions;1;Clear;0;No;0;Not Applicable;99;Unknown;98;Unknown if Notified;99;Unknown EMS Scene Arrival Hour;98;Unknown if Arrived;99;Unknown;98;Unknown if Transported;0;None;0;None;0;None;2;1
43;Puerto Rico;430142;1;1;0;0;1;1;0;72;PUERTO RICO (72);460;GURABO;8;8;7;July;2018;1;Sunday;3;3:00am-3:59am;40;40;1;This section IS ON the NHS;4;County Road;CR-30;;1;Rural;3;Principal Arterial - Other;2;County Highway Agency;85;85;888.888;Not Available;8.888.888;Not Available;0;No Special Jurisdiction;1;Rollover/Overturn;0;Not a Collision with Motor Vehicle In-Transport;0;No;1;Non-Junction;1;Not an Intersection;0;None;1;On Roadway;2;Dark - Not Lighted;1;Clear;0;No Additional Atmospheric Conditions;1;Clear;0;No;0;Not Applicable;88;Not Applicable (Not Notified);88;Not Applicable (Not Notified);88;Not Applicable;88;Not Applicable;88;Not Applicable (Not Transported);88;Not Applicable (Not Transported);0;None;0;None;0;None;1;1
43;Puerto Rico;430143;2;2;0;0;3;3;0;72;PUERTO RICO (72);450;GUAYNABO;8;8;7;July;2018;1;Sunday;13;1:00pm-1:59pm;47;47;0;This section IS NOT on the NHS;4;County Road;CR-836;;1;Rural;7;Local;2;County Highway Agency;23;23;888.888;Not Available;8.888.888;Not Available;0;No Special Jurisdiction;12;Motor Vehicle In-Transport;2;Front-to-Front;0;No;1;Non-Junction;1;Not an Intersection;0;None;1;On Roadway;1;Daylight;1;Clear;0;No Additional Atmospheric Conditions;1;Clear;0;No;0;Not Applicable;99;Unknown;98;Unknown if Notified;99;Unknown EMS Scene Arrival Hour;98;Unknown if Arrived;99;Unknown;98;Unknown if Transported;0;None;0;None;0;None;1;0
43;Puerto Rico;430144;1;1;0;0;1;1;0;72;PUERTO RICO (72);930;SAN JUAN;12;12;7;July;2018;5;Thursday;3;3:00am-3:59am;2;2;1;This section IS ON the NHS;1;Interstate;I-52;;2;Urban;1;Interstate;1;State Highway Agency;47;47;888.888;Not Available;8.888.888;Not Available;0;No Special Jurisdiction;42;Tree (Standing Only);0;Not a Collision with Motor Vehicle In-Transport;0;No;1;Non-Junction;1;Not an Intersection;0;None;6;Off Roadway-Location Unknown;2;Dark - Not Lighted;1;Clear;0;No Additional Atmospheric Conditions;1;Clear;0;No;0;Not Applicable;3;3:00am-3:59am;15;15;4;4:00am-4:59am;0;0;88;Not Applicable (Not Transported);88;Not Applicable (Not Transported);0;None;0;None;0;None;1;1
43;Puerto Rico;430145;2;2;0;0;3;3;0;72;PUERTO RICO (72);140;BAYAMON, BAYAMON;15;15;7;July;2018;1;Sunday;20;8:00pm-8:59pm;27;27;0;This section IS NOT on the NHS;4;County Road;CR-174;INT LOMAS VERDES AVE;1;Rural;4;Minor Arterial;2;County Highway Agency;0;None;888.888;Not Available;8.888.888;Not Available;0;No Special Jurisdiction;12;Motor Vehicle In-Transport;6;Angle;1;Yes;2;Intersection;3;T-Intersection;0;None;1;On Roadway;3;Dark - Lighted;1;Clear;0;No Additional Atmospheric Conditions;1;Clear;0;No;0;Not Applicable;99;Unknown;98;Unknown if Notified;99;Unknown EMS Scene Arrival Hour;98;Unknown if Arrived;99;Unknown;98;Unknown if Transported;0;None;0;None;0;None;1;1
43;Puerto Rico;430146;1;1;0;0;1;1;0;72;PUERTO RICO (72);170;CAGUAS;16;16;7;July;2018;2;Monday;16;4:00pm-4:59pm;40;40;0;This section IS NOT on the NHS;4;County Road;CR-LUIS MUNOZ MARIN AVE;;2;Urban;5;Major Collector;2;County Highway Agency;0;None;888.888;Not Available;8.888.888;Not Available;0;No Special Jurisdiction;30;Utility Pole/Light Support;0;Not a Collision with Motor Vehicle In-Transport;0;No;1;Non-Junction;1;Not an Intersection;0;None;4;On Roadside;1;Daylight;1;Clear;0;No Additional Atmospheric Conditions;1;Clear;0;No;0;Not Applicable;88;Not Applicable (Not Notified);88;Not Applicable (Not Notified);88;Not Applicable;88;Not Applicable;88;Not Applicable (Not Transported);88;Not Applicable (Not Transported);0;None;0;None;0;None;1;1
43;Puerto Rico;430147;1;1;0;1;1;1;1;72;PUERTO RICO (72);930;SAN JUAN;17;17;7;July;2018;3;Tuesday;20;8:00pm-8:59pm;30;30;1;This section IS ON the NHS;4;County Road;CR-3;;2;Urban;3;Principal Arterial - Other;2;County Highway Agency;0;None;888.888;Not Available;8.888.888;Not Available;0;No Special Jurisdiction;8;Pedestrian;0;Not a Collision with Motor Vehicle In-Transport;0;No;1;Non-Junction;1;Not an Intersection;0;None;1;On Roadway;2;Dark - Not Lighted;1;Clear;0;No Additional Atmospheric Conditions;1;Clear;0;No;0;Not Applicable;88;Not Applicable (Not Notified);88;Not Applicable (Not Notified);88;Not Applicable;88;Not Applicable;88;Not Applicable (Not Transported);88;Not Applicable (Not Transported);0;None;0;None;0;None;1;0
43;Puerto Rico;430148;2;2;0;0;2;2;0;72;PUERTO RICO (72);170;CAGUAS;21;21;7;July;2018;7;Saturday;4;4:00am-4:59am;0;0;1;This section IS ON the NHS;4;County Road;CR-172;;2;Urban;3;Principal Arterial - Other;2;County Highway Agency;256;256;888.888;Not Available;8.888.888;Not Available;0;No Special Jurisdiction;12;Motor Vehicle In-Transport;6;Angle;0;No;1;Non-Junction;1;Not an Intersection;0;None;1;On Roadway;2;Dark - Not Lighted;1;Clear;0;No Additional Atmospheric Conditions;1;Clear;0;No;0;Not Applicable;88;Not Applicable (Not Notified);88;Not Applicable (Not Notified);88;Not Applicable;88;Not Applicable;88;Not Applicable (Not Transported);88;Not Applicable (Not Transported);0;None;0;None;0;None;1;2
43;Puerto Rico;430149;1;1;0;0;1;1;0;72;PUERTO RICO (72);200;CAROLINA;22;22;7;July;2018;1;Sunday;1;1:00am-1:59am;30;30;1;This section IS ON the NHS;4;County Road;CR-3;;2;Urban;3;Principal Arterial - Other;2;County Highway Agency;67;67;888.888;Not Available;8.888.888;Not Available;0;No Special Jurisdiction;30;Utility Pole/Light Support;0;Not a Collision with Motor Vehicle In-Transport;0;No;1;Non-Junction;1;Not an Intersection;0;None;4;On Roadside;2;Dark - Not Lighted;1;Clear;0;No Additional Atmospheric Conditions;1;Clear;0;No;0;Not Applicable;1;1:00am-1:59am;35;35;1;1:00am-1:59am;45;45;88;Not Applicable (Not Transported);88;Not Applicable (Not Transported);0;None;0;None;0;None;1;0
43;Puerto Rico;430150;1;1;0;1;2;2;1;72;PUERTO RICO (72);930;SAN JUAN;22;22;7;July;2018;1;Sunday;4;4:00am-4:59am;40;40;1;This section IS ON the NHS;4;County Road;CR-181;;2;Urban;3;Principal Arterial - Other;2;County Highway Agency;681;681;888.888;Not Available;8.888.888;Not Available;0;No Special Jurisdiction;8;Pedestrian;0;Not a Collision with Motor Vehicle In-Transport;0;No;1;Non-Junction;1;Not an Intersection;0;None;1;On Roadway;2;Dark - Not Lighted;1;Clear;0;No Additional Atmospheric Conditions;1;Clear;0;No;0;Not Applicable;4;4:00am-4:59am;40;40;4;4:00am-4:59am;50;50;88;Not Applicable (Not Transported);88;Not Applicable (Not Transported);0;None;0;None;0;None;1;1
43;Puerto Rico;430151;2;2;0;0;4;4;0;72;PUERTO RICO (72);20;AGUADA;24;24;7;July;2018;3;Tuesday;17;5:00pm-5:59pm;30;30;1;This section IS ON the NHS;1;Interstate;I-2;;2;Urban;1;Interstate;1;State Highway Agency;1377;1377;888.888;Not Available;8.888.888;Not Available;0;No Special Jurisdiction;12;Motor Vehicle In-Transport;6;Angle;0;No;1;Non-Junction;1;Not an Intersection;0;None;1;On Roadway;1;Daylight;2;Rain;0;No Additional Atmospheric Conditions;2;Rain;0;No;0;Not Applicable;99;Unknown;98;Unknown if Notified;99;Unknown EMS Scene Arrival Hour;98;Unknown if Arrived;99;Unknown;98;Unknown if Transported;0;None;0;None;0;None;2;0
43;Puerto Rico;430152;1;1;0;1;1;1;1;72;PUERTO RICO (72);930;SAN JUAN;28;28;7;July;2018;7;Saturday;19;7:00pm-7:59pm;55;55;0;This section IS NOT on the NHS;4;County Road;CR-FERNANDEZ JUNCOS AVE;;2;Urban;5;Major Collector;2;County Highway Agency;17;17;888.888;Not Available;8.888.888;Not Available;0;No Special Jurisdiction;8;Pedestrian;0;Not a Collision with Motor Vehicle In-Transport;0;No;1;Non-Junction;1;Not an Intersection;0;None;1;On Roadway;3;Dark - Lighted;1;Clear;0;No Additional Atmospheric Conditions;1;Clear;0;No;0;Not Applicable;88;Not Applicable (Not Notified);88;Not Applicable (Not Notified);88;Not Applicable;88;Not Applicable;88;Not Applicable (Not Transported);88;Not Applicable (Not Transported);0;None;0;None;0;None;1;0
43;Puerto Rico;430153;1;1;0;0;2;2;0;72;PUERTO RICO (72);980;TOA BAJA;17;17;2;February;2018;7;Saturday;4;4:00am-4:59am;30;30;0;This section IS NOT on the NHS;4;County Road;CR-SABANA SECA AVE;;2;Urban;5;Major Collector;2;County Highway Agency;0;None;888.888;Not Available;8.888.888;Not Available;0;No Special Jurisdiction;30;Utility Pole/Light Support;0;Not a Collision with Motor Vehicle In-Transport;0;No;1;Non-Junction;1;Not an Intersection;0;None;4;On Roadside;2;Dark - Not Lighted;1;Clear;0;No Additional Atmospheric Conditions;1;Clear;0;No;0;Not Applicable;88;Not Applicable (Not Notified);88;Not Applicable (Not Notified);88;Not Applicable;88;Not Applicable;88;Not Applicable (Not Transported);88;Not Applicable (Not Transported);0;None;0;None;0;None;1;1
43;Puerto Rico;430154;2;2;0;0;2;2;0;72;PUERTO RICO (72);930;SAN JUAN;10;10;7;July;2018;3;Tuesday;19;7:00pm-7:59pm;45;45;1;This section IS ON the NHS;4;County Road;CR-181;INT PR-17;2;Urban;3;Principal Arterial - Other;2;County Highway Agency;0;None;888.888;Not Available;8.888.888;Not Available;0;No Special Jurisdiction;12;Motor Vehicle In-Transport;1;Front-to-Rear;0;No;1;Non-Junction;1;Not an Intersection;0;None;2;On Shoulder;2;Dark - Not Lighted;1;Clear;0;No Additional Atmospheric Conditions;1;Clear;0;No;0;Not Applicable;7;7:00am-7:59am;50;50;7;7:00am-7:59am;55;55;88;Not Applicable (Not Transported);88;Not Applicable (Not Transported);0;None;0;None;0;None;1;1
43;Puerto Rico;430155;2;2;0;0;2;2;0;72;PUERTO RICO (72);930;SAN JUAN;29;29;7;July;2018;1;Sunday;22;10:00pm-10:59pm;16;16;1;This section IS ON the NHS;4;County Road;CR-26;;2;Urban;3;Principal Arterial - Other;2;County Highway Agency;7;7;888.888;Not Available;8.888.888;Not Available;0;No Special Jurisdiction;12;Motor Vehicle In-Transport;7;Sideswipe - Same Direction;0;No;1;Non-Junction;1;Not an Intersection;0;None;1;On Roadway;2;Dark - Not Lighted;1;Clear;0;No Additional Atmospheric Conditions;1;Clear;0;No;0;Not Applicable;88;Not Applicable (Not Notified);88;Not Applicable (Not Notified);88;Not Applicable;88;Not Applicable;88;Not Applicable (Not Transported);88;Not Applicable (Not Transported);0;None;0;None;0;None;1;0
43;Puerto Rico;430156;1;1;0;0;2;2;0;72;PUERTO RICO (72);930;SAN JUAN;2;2;8;August;2018;5;Thursday;19;7:00pm-7:59pm;25;25;1;This section IS ON the NHS;1;Interstate;I-18;SALIDA PR 17;2;Urban;1;Interstate;1;State Highway Agency;0;None;888.888;Not Available;8.888.888;Not Available;0;No Special Jurisdiction;5;Fell/Jumped from Vehicle;0;Not a Collision with Motor Vehicle In-Transport;0;No;1;Non-Junction;1;Not an Intersection;0;None;1;On Roadway;1;Daylight;1;Clear;0;No Additional Atmospheric Conditions;1;Clear;0;No;0;Not Applicable;19;7:00pm-7:59pm;26;26;19;7:00pm-7:59pm;28;28;88;Not Applicable (Not Transported);88;Not Applicable (Not Transported);0;None;0;None;0;None;1;0
43;Puerto Rico;430157;1;1;0;0;1;1;0;72;PUERTO RICO (72);180;CAMUY;7;7;8;August;2018;3;Tuesday;1;1:00am-1:59am;57;57;0;This section IS NOT on the NHS;4;County Road;CR-485;;1;Rural;6;Minor Collector;2;County Highway Agency;22;22;888.888;Not Available;8.888.888;Not Available;0;No Special Jurisdiction;38;Fence;0;Not a Collision with Motor Vehicle In-Transport;0;No;1;Non-Junction;1;Not an Intersection;0;None;6;Off Roadway-Location Unknown;2;Dark - Not Lighted;1;Clear;0;No Additional Atmospheric Conditions;1;Clear;0;No;0;Not Applicable;88;Not Applicable (Not Notified);88;Not Applicable (Not Notified);88;Not Applicable;88;Not Applicable;88;Not Applicable (Not Transported);88;Not Applicable (Not Transported);0;None;0;None;0;None;1;1
43;Puerto Rico;430158;1;1;0;1;1;1;1;72;PUERTO RICO (72);140;BAYAMON, BAYAMON;15;15;1;January;2018;2;Monday;5;5:00am-5:59am;30;30;0;This section IS NOT on the NHS;4;County Road;CR-COLECTORA CENTRAL AVE;;2;Urban;5;Major Collector;2;County Highway Agency;0;None;888.888;Not Available;8.888.888;Not Available;0;No Special Jurisdiction;8;Pedestrian;0;Not a Collision with Motor Vehicle In-Transport;0;No;1;Non-Junction;1;Not an Intersection;0;None;6;Off Roadway-Location Unknown;3;Dark - Lighted;1;Clear;0;No Additional Atmospheric Conditions;1;Clear;0;No;0;Not Applicable;88;Not Applicable (Not Notified);88;Not Applicable (Not Notified);88;Not Applicable;88;Not Applicable;88;Not Applicable (Not Transported);88;Not Applicable (Not Transported);0;None;0;None;0;None;1;0
43;Puerto Rico;430159;1;1;0;0;1;1;0;72;PUERTO RICO (72);130;BARRANQUITAS;8;8;7;July;2018;1;Sunday;9;9:00am-9:59am;0;0;0;This section IS NOT on the NHS;4;County Road;CR-7720;;2;Urban;7;Local;2;County Highway Agency;16;16;888.888;Not Available;8.888.888;Not Available;0;No Special Jurisdiction;7;Other Non-Collision;0;Not a Collision with Motor Vehicle In-Transport;0;No;1;Non-Junction;1;Not an Intersection;0;None;5;Outside Trafficway;1;Daylight;1;Clear;0;No Additional Atmospheric Conditions;1;Clear;0;No;0;Not Applicable;88;Not Applicable (Not Notified);88;Not Applicable (Not Notified);88;Not Applicable;88;Not Applicable;88;Not Applicable (Not Transported);88;Not Applicable (Not Transported);0;None;0;None;0;None;1;1
43;Puerto Rico;430160;3;2;1;0;3;2;1;72;PUERTO RICO (72);360;DORADO;19;19;7;July;2018;5;Thursday;12;12:00pm-12:59pm;20;20;0;This section IS NOT on the NHS;4;County Road;CR-696;;1;Rural;4;Minor Arterial;2;County Highway Agency;0;None;888.888;Not Available;8.888.888;Not Available;0;No Special Jurisdiction;14;Parked Motor Vehicle;0;Not a Collision with Motor Vehicle In-Transport;0;No;1;Non-Junction;1;Not an Intersection;0;None;6;Off Roadway-Location Unknown;1;Daylight;2;Rain;0;No Additional Atmospheric Conditions;2;Rain;0;No;0;Not Applicable;99;Unknown;98;Unknown if Notified;99;Unknown EMS Scene Arrival Hour;98;Unknown if Arrived;99;Unknown;98;Unknown if Transported;0;None;0;None;0;None;1;1
43;Puerto Rico;430161;1;1;0;0;1;1;0;72;PUERTO RICO (72);200;CAROLINA;25;25;7;July;2018;4;Wednesday;21;9:00pm-9:59pm;40;40;0;This section IS NOT on the NHS;4;County Road;CR-ROBERTO CLEMENTE AVE;;2;Urban;4;Minor Arterial;2;County Highway Agency;0;None;888.888;Not Available;8.888.888;Not Available;0;No Special Jurisdiction;25;Concrete Traffic Barrier;0;Not a Collision with Motor Vehicle In-Transport;0;No;1;Non-Junction;1;Not an Intersection;0;None;3;On Median;3;Dark - Lighted;1;Clear;0;No Additional Atmospheric Conditions;1;Clear;0;No;0;Not Applicable;88;Not Applicable (Not Notified);88;Not Applicable (Not Notified);88;Not Applicable;88;Not Applicable;88;Not Applicable (Not Transported);88;Not Applicable (Not Transported);0;None;0;None;0;None;1;1
43;Puerto Rico;430162;1;1;0;0;1;1;0;72;PUERTO RICO (72);140;BAYAMON, BAYAMON;3;3;8;August;2018;6;Friday;1;1:00am-1:59am;27;27;0;This section IS NOT on the NHS;4;County Road;CR-174;INT PR 177;2;Urban;4;Minor Arterial;2;County Highway Agency;0;None;888.888;Not Available;8.888.888;Not Available;0;No Special Jurisdiction;30;Utility Pole/Light Support;0;Not a Collision with Motor Vehicle In-Transport;0;No;1;Non-Junction;1;Not an Intersection;0;None;3;On Median;3;Dark - Lighted;1;Clear;0;No Additional Atmospheric Conditions;1;Clear;0;No;0;Not Applicable;88;Not Applicable (Not Notified);88;Not Applicable (Not Notified);88;Not Applicable;88;Not Applicable;88;Not Applicable (Not Transported);88;Not Applicable (Not Transported);0;None;0;None;0;None;1;1
43;Puerto Rico;430163;4;4;0;0;7;7;0;72;PUERTO RICO (72);930;SAN JUAN;4;4;8;August;2018;7;Saturday;21;9:00pm-9:59pm;5;5;1;This section IS ON the NHS;4;County Road;CR-3;;2;Urban;3;Principal Arterial - Other;2;County Highway Agency;40;40;888.888;Not Available;8.888.888;Not Available;0;No Special Jurisdiction;12;Motor Vehicle In-Transport;1;Front-to-Rear;0;No;1;Non-Junction;1;Not an Intersection;0;None;1;On Roadway;3;Dark - Lighted;1;Clear;0;No Additional Atmospheric Conditions;1;Clear;0;No;0;Not Applicable;99;Unknown;98;Unknown if Notified;99;Unknown EMS Scene Arrival Hour;98;Unknown if Arrived;99;Unknown;98;Unknown if Transported;0;None;0;None;0;None;1;1
43;Puerto Rico;430164;1;1;0;1;1;1;1;72;PUERTO RICO (72);380;FAJARDO, FAJARDO;26;26;8;August;2018;1;Sunday;20;8:00pm-8:59pm;17;17;1;This section IS ON the NHS;1;Interstate;I-3;;2;Urban;1;Interstate;1;State Highway Agency;459;459;888.888;Not Available;8.888.888;Not Available;0;No Special Jurisdiction;8;Pedestrian;0;Not a Collision with Motor Vehicle In-Transport;0;No;1;Non-Junction;1;Not an Intersection;0;None;1;On Roadway;2;Dark - Not Lighted;1;Clear;0;No Additional Atmospheric Conditions;1;Clear;0;No;0;Not Applicable;88;Not Applicable (Not Notified);88;Not Applicable (Not Notified);88;Not Applicable;88;Not Applicable;88;Not Applicable (Not Transported);88;Not Applicable (Not Transported);0;None;0;None;0;None;1;0
43;Puerto Rico;430165;1;1;0;0;1;1;0;72;PUERTO RICO (72);70;ANASCO;21;21;7;July;2018;7;Saturday;2;2:00am-2:59am;0;0;0;This section IS NOT on the NHS;4;County Road;CR-405;;2;Urban;7;Local;2;County Highway Agency;16;16;888.888;Not Available;8.888.888;Not Available;0;No Special Jurisdiction;39;Wall;0;Not a Collision with Motor Vehicle In-Transport;0;No;1;Non-Junction;1;Not an Intersection;0;None;6;Off Roadway-Location Unknown;3;Dark - Lighted;1;Clear;0;No Additional Atmospheric Conditions;1;Clear;0;No;0;Not Applicable;88;Not Applicable (Not Notified);88;Not Applicable (Not Notified);88;Not Applicable;88;Not Applicable;88;Not Applicable (Not Transported);88;Not Applicable (Not Transported);0;None;0;None;0;None;1;1
43;Puerto Rico;430166;1;1;0;1;1;1;1;72;PUERTO RICO (72);490;HORMIGUEROS;1;1;8;August;2018;4;Wednesday;20;8:00pm-8:59pm;49;49;1;This section IS ON the NHS;1;Interstate;I-2;;2;Urban;1;Interstate;1;State Highway Agency;1644;1644;888.888;Not Available;8.888.888;Not Available;0;No Special Jurisdiction;8;Pedestrian;0;Not a Collision with Motor Vehicle In-Transport;0;No;1;Non-Junction;1;Not an Intersection;0;None;1;On Roadway;2;Dark - Not Lighted;1;Clear;0;No Additional Atmospheric Conditions;1;Clear;0;No;0;Not Applicable;88;Not Applicable (Not Notified);88;Not Applicable (Not Notified);88;Not Applicable;88;Not Applicable;88;Not Applicable (Not Transported);88;Not Applicable (Not Transported);0;None;0;None;0;None;1;0
43;Puerto Rico;430167;1;1;0;1;1;1;1;72;PUERTO RICO (72);930;SAN JUAN;25;25;8;August;2018;7;Saturday;4;4:00am-4:59am;45;45;0;This section IS NOT on the NHS;4;County Road;CR-MOLUCA ST RES 810 A;;2;Urban;4;Minor Arterial;2;County Highway Agency;0;None;888.888;Not Available;8.888.888;Not Available;0;No Special Jurisdiction;8;Pedestrian;0;Not a Collision with Motor Vehicle In-Transport;0;No;1;Non-Junction;1;Not an Intersection;0;None;1;On Roadway;4;Dawn;1;Clear;0;No Additional Atmospheric Conditions;1;Clear;0;No;0;Not Applicable;88;Not Applicable (Not Notified);88;Not Applicable (Not Notified);88;Not Applicable;88;Not Applicable;88;Not Applicable (Not Transported);88;Not Applicable (Not Transported);0;None;0;None;0;None;1;0
43;Puerto Rico;430168;2;2;0;0;2;2;0;72;PUERTO RICO (72);70;ANASCO;1;1;9;September;2018;7;Saturday;6;6:00am-6:59am;10;10;1;This section IS ON the NHS;1;Interstate;I-2;INT PR 402;1;Rural;1;Interstate;1;State Highway Agency;0;None;888.888;Not Available;8.888.888;Not Available;0;No Special Jurisdiction;12;Motor Vehicle In-Transport;6;Angle;1;Yes;2;Intersection;3;T-Intersection;0;None;1;On Roadway;4;Dawn;1;Clear;0;No Additional Atmospheric Conditions;1;Clear;0;No;0;Not Applicable;99;Unknown;98;Unknown if Notified;99;Unknown EMS Scene Arrival Hour;98;Unknown if Arrived;99;Unknown;98;Unknown if Transported;0;None;0;None;0;None;1;0
43;Puerto Rico;430169;1;1;0;1;1;1;1;72;PUERTO RICO (72);470;HATILLO;5;5;9;September;2018;4;Wednesday;16;4:00pm-4:59pm;40;40;1;This section IS ON the NHS;1;Interstate;I-2;;2;Urban;1;Interstate;1;State Highway Agency;853;853;888.888;Not Available;8.888.888;Not Available;0;No Special Jurisdiction;43;Other Fixed Object;0;Not a Collision with Motor Vehicle In-Transport;0;No;1;Non-Junction;1;Not an Intersection;0;None;6;Off Roadway-Location Unknown;1;Daylight;1;Clear;0;No Additional Atmospheric Conditions;1;Clear;0;No;0;Not Applicable;88;Not Applicable (Not Notified);88;Not Applicable (Not Notified);88;Not Applicable;88;Not Applicable;88;Not Applicable (Not Transported);88;Not Applicable (Not Transported);0;None;0;None;0;None;1;0
43;Puerto Rico;430170;1;1;0;1;1;1;1;72;PUERTO RICO (72);920;SAN GERMAN;8;8;9;September;2018;7;Saturday;6;6:00am-6:59am;35;35;1;This section IS ON the NHS;1;Interstate;I-2;;1;Rural;1;Interstate;1;State Highway Agency;1722;1722;888.888;Not Available;8.888.888;Not Available;0;No Special Jurisdiction;8;Pedestrian;0;Not a Collision with Motor Vehicle In-Transport;0;No;1;Non-Junction;1;Not an Intersection;0;None;4;On Roadside;1;Daylight;1;Clear;0;No Additional Atmospheric Conditions;1;Clear;0;No;0;Not Applicable;88;Not Applicable (Not Notified);88;Not Applicable (Not Notified);88;Not Applicable;88;Not Applicable;88;Not Applicable (Not Transported);88;Not Applicable (Not Transported);0;None;0;None;0;None;1;0
43;Puerto Rico;430171;1;1;0;0;1;1;0;72;PUERTO RICO (72);950;SN SEBASTIAN, SN SEBAST;22;22;9;September;2018;7;Saturday;21;9:00pm-9:59pm;30;30;0;This section IS NOT on the NHS;4;County Road;CR-433;;1;Rural;6;Minor Collector;2;County Highway Agency;7;7;888.888;Not Available;8.888.888;Not Available;0;No Special Jurisdiction;42;Tree (Standing Only);0;Not a Collision with Motor Vehicle In-Transport;0;No;1;Non-Junction;1;Not an Intersection;0;None;6;Off Roadway-Location Unknown;2;Dark - Not Lighted;1;Clear;0;No Additional Atmospheric Conditions;1;Clear;0;No;0;Not Applicable;21;9:00pm-9:59pm;47;47;22;10:00pm-10:59pm;0;0;88;Not Applicable (Not Transported);88;Not Applicable (Not Transported);0;None;0;None;0;None;1;1
43;Puerto Rico;430172;1;1;0;0;1;1;0;72;PUERTO RICO (72);790;QUEBRADILLAS;30;30;9;September;2018;1;Sunday;2;2:00am-2:59am;25;25;0;This section IS NOT on the NHS;4;County Road;CR-113;;1;Rural;6;Minor Collector;2;County Highway Agency;115;115;888.888;Not Available;8.888.888;Not Available;0;No Special Jurisdiction;42;Tree (Standing Only);0;Not a Collision with Motor Vehicle In-Transport;0;No;1;Non-Junction;1;Not an Intersection;0;None;6;Off Roadway-Location Unknown;2;Dark - Not Lighted;1;Clear;0;No Additional Atmospheric Conditions;1;Clear;0;No;0;Not Applicable;88;Not Applicable (Not Notified);88;Not Applicable (Not Notified);88;Not Applicable;88;Not Applicable;88;Not Applicable (Not Transported);88;Not Applicable (Not Transported);0;None;0;None;0;None;1;1
43;Puerto Rico;430173;2;2;0;0;5;5;0;72;PUERTO RICO (72);230;CAYEY;25;25;2;February;2018;1;Sunday;18;6:00pm-6:59pm;0;0;1;This section IS ON the NHS;1;Interstate;I-52;;1;Rural;1;Interstate;1;State Highway Agency;424;424;888.888;Not Available;8.888.888;Not Available;0;No Special Jurisdiction;12;Motor Vehicle In-Transport;1;Front-to-Rear;0;No;1;Non-Junction;1;Not an Intersection;0;None;1;On Roadway;1;Daylight;2;Rain;0;No Additional Atmospheric Conditions;2;Rain;0;No;0;Not Applicable;88;Not Applicable (Not Notified);88;Not Applicable (Not Notified);88;Not Applicable;88;Not Applicable;88;Not Applicable (Not Transported);88;Not Applicable (Not Transported);0;None;0;None;0;None;1;0
43;Puerto Rico;430174;2;2;0;0;3;3;0;72;PUERTO RICO (72);170;CAGUAS;12;12;8;August;2018;1;Sunday;1;1:00am-1:59am;50;50;0;This section IS NOT on the NHS;4;County Road;CR-PINO AVE;;2;Urban;4;Minor Arterial;2;County Highway Agency;0;None;888.888;Not Available;8.888.888;Not Available;0;No Special Jurisdiction;12;Motor Vehicle In-Transport;2;Front-to-Front;0;No;1;Non-Junction;1;Not an Intersection;0;None;1;On Roadway;3;Dark - Lighted;1;Clear;0;No Additional Atmospheric Conditions;1;Clear;0;No;0;Not Applicable;1;1:00am-1:59am;57;57;2;2:00am-2:59am;5;5;88;Not Applicable (Not Transported);88;Not Applicable (Not Transported);0;None;0;None;0;None;1;1
43;Puerto Rico;430175;2;2;0;0;2;2;0;72;PUERTO RICO (72);140;BAYAMON, BAYAMON;9;9;2;February;2018;6;Friday;20;8:00pm-8:59pm;20;20;1;This section IS ON the NHS;4;County Road;CR-2;INT PR-8855;2;Urban;3;Principal Arterial - Other;2;County Highway Agency;0;None;888.888;Not Available;8.888.888;Not Available;0;No Special Jurisdiction;12;Motor Vehicle In-Transport;6;Angle;1;Yes;2;Intersection;3;T-Intersection;0;None;1;On Roadway;2;Dark - Not Lighted;1;Clear;0;No Additional Atmospheric Conditions;1;Clear;0;No;0;Not Applicable;88;Not Applicable (Not Notified);88;Not Applicable (Not Notified);88;Not Applicable;88;Not Applicable;88;Not Applicable (Not Transported);88;Not Applicable (Not Transported);0;None;0;None;0;None;1;0
43;Puerto Rico;430176;1;1;0;0;3;3;0;72;PUERTO RICO (72);380;FAJARDO, FAJARDO;17;17;2;February;2018;7;Saturday;5;5:00am-5:59am;46;46;0;This section IS NOT on the NHS;4;County Road;CR-194;;1;Rural;4;Minor Arterial;2;County Highway Agency;0;None;888.888;Not Available;8.888.888;Not Available;0;No Special Jurisdiction;30;Utility Pole/Light Support;0;Not a Collision with Motor Vehicle In-Transport;0;No;1;Non-Junction;1;Not an Intersection;0;None;4;On Roadside;3;Dark - Lighted;1;Clear;0;No Additional Atmospheric Conditions;1;Clear;0;No;0;Not Applicable;99;Unknown;98;Unknown if Notified;99;Unknown EMS Scene Arrival Hour;98;Unknown if Arrived;99;Unknown;98;Unknown if Transported;0;None;0;None;0;None;1;0
43;Puerto Rico;430177;1;1;0;1;1;1;1;72;PUERTO RICO (72);120;BARCELONETA;29;29;3;March;2018;5;Thursday;18;6:00pm-6:59pm;40;40;1;This section IS ON the NHS;4;County Road;CR-140;;1;Rural;3;Principal Arterial - Other;2;County Highway Agency;643;643;888.888;Not Available;8.888.888;Not Available;0;No Special Jurisdiction;8;Pedestrian;0;Not a Collision with Motor Vehicle In-Transport;0;No;1;Non-Junction;1;Not an Intersection;0;None;1;On Roadway;2;Dark - Not Lighted;1;Clear;0;No Additional Atmospheric Conditions;1;Clear;0;No;0;Not Applicable;88;Not Applicable (Not Notified);88;Not Applicable (Not Notified);88;Not Applicable;88;Not Applicable;88;Not Applicable (Not Transported);88;Not Applicable (Not Transported);0;None;0;None;0;None;1;0
43;Puerto Rico;430178;1;1;0;1;1;1;1;72;PUERTO RICO (72);930;SAN JUAN;9;9;6;June;2018;7;Saturday;1;1:00am-1:59am;3;3;0;This section IS NOT on the NHS;4;County Road;CR-KALAF ST;;2;Urban;7;Local;2;County Highway Agency;0;None;888.888;Not Available;8.888.888;Not Available;0;No Special Jurisdiction;8;Pedestrian;0;Not a Collision with Motor Vehicle In-Transport;0;No;1;Non-Junction;1;Not an Intersection;0;None;1;On Roadway;2;Dark - Not Lighted;1;Clear;0;No Additional Atmospheric Conditions;1;Clear;0;No;0;Not Applicable;88;Not Applicable (Not Notified);88;Not Applicable (Not Notified);88;Not Applicable;88;Not Applicable;88;Not Applicable (Not Transported);88;Not Applicable (Not Transported);0;None;0;None;0;None;1;1
43;Puerto Rico;430179;1;1;0;1;1;1;1;72;PUERTO RICO (72);140;BAYAMON, BAYAMON;5;5;8;August;2018;1;Sunday;5;5:00am-5:59am;40;40;0;This section IS NOT on the NHS;4;County Road;CR-174;;1;Rural;4;Minor Arterial;2;County Highway Agency;0;None;888.888;Not Available;8.888.888;Not Available;0;No Special Jurisdiction;8;Pedestrian;0;Not a Collision with Motor Vehicle In-Transport;0;No;1;Non-Junction;1;Not an Intersection;0;None;1;On Roadway;4;Dawn;2;Rain;0;No Additional Atmospheric Conditions;2;Rain;0;No;0;Not Applicable;88;Not Applicable (Not Notified);88;Not Applicable (Not Notified);88;Not Applicable;88;Not Applicable;88;Not Applicable (Not Transported);88;Not Applicable (Not Transported);0;None;0;None;0;None;1;0
43;Puerto Rico;430180;2;2;0;0;2;2;0;72;PUERTO RICO (72);190;CANOVANAS, CANOVANAS;17;17;8;August;2018;6;Friday;2;2:00am-2:59am;38;38;1;This section IS ON the NHS;4;County Road;CR-3;;2;Urban;3;Principal Arterial - Other;2;County Highway Agency;174;174;888.888;Not Available;8.888.888;Not Available;0;No Special Jurisdiction;12;Motor Vehicle In-Transport;2;Front-to-Front;0;No;1;Non-Junction;1;Not an Intersection;0;None;1;On Roadway;2;Dark - Not Lighted;1;Clear;0;No Additional Atmospheric Conditions;1;Clear;0;No;0;Not Applicable;88;Not Applicable (Not Notified);88;Not Applicable (Not Notified);88;Not Applicable;88;Not Applicable;88;Not Applicable (Not Transported);88;Not Applicable (Not Transported);0;None;0;None;0;None;1;0
43;Puerto Rico;430181;2;2;0;0;3;3;0;72;PUERTO RICO (72);760;PONCE;18;18;8;August;2018;7;Saturday;0;0:00am-0:59am;45;45;1;This section IS ON the NHS;4;County Road;CR-12;;1;Rural;3;Principal Arterial - Other;2;County Highway Agency;52;52;888.888;Not Available;8.888.888;Not Available;0;No Special Jurisdiction;12;Motor Vehicle In-Transport;2;Front-to-Front;0;No;1;Non-Junction;1;Not an Intersection;0;None;1;On Roadway;2;Dark - Not Lighted;1;Clear;0;No Additional Atmospheric Conditions;1;Clear;0;No;0;Not Applicable;99;Unknown;98;Unknown if Notified;99;Unknown EMS Scene Arrival Hour;98;Unknown if Arrived;99;Unknown;98;Unknown if Transported;0;None;0;None;0;None;1;1
43;Puerto Rico;430182;1;1;0;0;2;2;0;72;PUERTO RICO (72);550;LAJAS;19;19;8;August;2018;1;Sunday;1;1:00am-1:59am;55;55;0;This section IS NOT on the NHS;4;County Road;CR-116;INT PR 122;1;Rural;4;Minor Arterial;2;County Highway Agency;10;10;888.888;Not Available;8.888.888;Not Available;0;No Special Jurisdiction;43;Other Fixed Object;0;Not a Collision with Motor Vehicle In-Transport;0;No;1;Non-Junction;1;Not an Intersection;0;None;6;Off Roadway-Location Unknown;2;Dark - Not Lighted;1;Clear;0;No Additional Atmospheric Conditions;1;Clear;0;No;0;Not Applicable;88;Not Applicable (Not Notified);88;Not Applicable (Not Notified);88;Not Applicable;88;Not Applicable;88;Not Applicable (Not Transported);88;Not Applicable (Not Transported);0;None;0;None;0;None;1;1
43;Puerto Rico;430183;1;1;0;1;1;1;1;72;PUERTO RICO (72);530;JUANA DIAZ;3;3;9;September;2018;2;Monday;7;7:00am-7:59am;45;45;0;This section IS NOT on the NHS;4;County Road;CR-14;;1;Rural;4;Minor Arterial;2;County Highway Agency;129;129;888.888;Not Available;8.888.888;Not Available;0;No Special Jurisdiction;8;Pedestrian;0;Not a Collision with Motor Vehicle In-Transport;0;No;1;Non-Junction;1;Not an Intersection;0;None;1;On Roadway;1;Daylight;1;Clear;0;No Additional Atmospheric Conditions;1;Clear;0;No;0;Not Applicable;88;Not Applicable (Not Notified);88;Not Applicable (Not Notified);88;Not Applicable;88;Not Applicable;88;Not Applicable (Not Transported);88;Not Applicable (Not Transported);0;None;0;None;0;None;1;0
43;Puerto Rico;430184;6;2;4;0;2;2;0;72;PUERTO RICO (72);140;BAYAMON, BAYAMON;5;5;9;September;2018;4;Wednesday;14;2:00pm-2:59pm;39;39;0;This section IS NOT on the NHS;4;County Road;CR-SANTA JUANITA AVE;;2;Urban;4;Minor Arterial;2;County Highway Agency;0;None;888.888;Not Available;8.888.888;Not Available;0;No Special Jurisdiction;12;Motor Vehicle In-Transport;6;Angle;0;No;1;Non-Junction;1;Not an Intersection;0;None;1;On Roadway;1;Daylight;1;Clear;0;No Additional Atmospheric Conditions;1;Clear;0;No;0;Not Applicable;88;Not Applicable (Not Notified);88;Not Applicable (Not Notified);88;Not Applicable;88;Not Applicable;88;Not Applicable (Not Transported);88;Not Applicable (Not Transported);0;None;0;None;0;None;1;0
43;Puerto Rico;430185;2;2;0;0;2;2;0;72;PUERTO RICO (72);590;LAS PIEDRAS;8;8;9;September;2018;7;Saturday;19;7:00pm-7:59pm;23;23;0;This section IS NOT on the NHS;4;County Road;CR-198;;1;Rural;6;Minor Collector;2;County Highway Agency;48;48;888.888;Not Available;8.888.888;Not Available;0;No Special Jurisdiction;12;Motor Vehicle In-Transport;8;Sideswipe - Opposite Direction;0;No;1;Non-Junction;1;Not an Intersection;0;None;1;On Roadway;3;Dark - Lighted;1;Clear;0;No Additional Atmospheric Conditions;1;Clear;0;No;0;Not Applicable;88;Not Applicable (Not Notified);88;Not Applicable (Not Notified);88;Not Applicable;88;Not Applicable;88;Not Applicable (Not Transported);88;Not Applicable (Not Transported);0;None;0;None;0;None;1;1
43;Puerto Rico;430186;1;1;0;0;1;1;0;72;PUERTO RICO (72);760;PONCE;9;9;9;September;2018;1;Sunday;3;3:00am-3:59am;30;30;0;This section IS NOT on the NHS;4;County Road;CR-5139;;1;Rural;6;Minor Collector;2;County Highway Agency;7;7;888.888;Not Available;8.888.888;Not Available;0;No Special Jurisdiction;11;Live Animal;0;Not a Collision with Motor Vehicle In-Transport;0;No;1;Non-Junction;1;Not an Intersection;0;None;5;Outside Trafficway;2;Dark - Not Lighted;1;Clear;0;No Additional Atmospheric Conditions;1;Clear;0;No;0;Not Applicable;88;Not Applicable (Not Notified);88;Not Applicable (Not Notified);88;Not Applicable;88;Not Applicable;88;Not Applicable (Not Transported);88;Not Applicable (Not Transported);0;None;0;None;0;None;1;1
43;Puerto Rico;430187;1;1;0;0;1;1;0;72;PUERTO RICO (72);960;SANTA ISABEL;10;10;9;September;2018;2;Monday;11;11:00am-11:59am;43;43;1;This section IS ON the NHS;1;Interstate;I-52;;1;Rural;1;Interstate;1;State Highway Agency;780;780;888.888;Not Available;8.888.888;Not Available;0;No Special Jurisdiction;35;Embankment;0;Not a Collision with Motor Vehicle In-Transport;0;No;1;Non-Junction;1;Not an Intersection;0;None;4;On Roadside;1;Daylight;1;Clear;0;No Additional Atmospheric Conditions;1;Clear;0;No;0;Not Applicable;88;Not Applicable (Not Notified);88;Not Applicable (Not Notified);88;Not Applicable;88;Not Applicable;88;Not Applicable (Not Transported);88;Not Applicable (Not Transported);0;None;0;None;0;None;1;0
43;Puerto Rico;430188;1;1;0;0;2;2;0;72;PUERTO RICO (72);1050;YABUCOA;13;13;9;September;2018;5;Thursday;18;6:00pm-6:59pm;43;43;0;This section IS NOT on the NHS;4;County Road;CR-JAIME C RODRIGUEZ URB 1 ST;;1;Rural;7;Local;2;County Highway Agency;0;None;888.888;Not Available;8.888.888;Not Available;0;No Special Jurisdiction;38;Fence;0;Not a Collision with Motor Vehicle In-Transport;0;No;1;Non-Junction;1;Not an Intersection;0;None;5;Outside Trafficway;2;Dark - Not Lighted;1;Clear;0;No Additional Atmospheric Conditions;1;Clear;0;No;0;Not Applicable;99;Unknown;98;Unknown if Notified;99;Unknown EMS Scene Arrival Hour;98;Unknown if Arrived;99;Unknown;98;Unknown if Transported;0;None;0;None;0;None;1;1
43;Puerto Rico;430189;2;2;0;0;3;3;0;72;PUERTO RICO (72);270;CIALES;15;15;9;September;2018;7;Saturday;18;6:00pm-6:59pm;40;40;1;This section IS ON the NHS;4;County Road;CR-149;;2;Urban;3;Principal Arterial - Other;2;County Highway Agency;101;101;888.888;Not Available;8.888.888;Not Available;0;No Special Jurisdiction;12;Motor Vehicle In-Transport;1;Front-to-Rear;0;No;1;Non-Junction;1;Not an Intersection;0;None;1;On Roadway;5;Dusk;1;Clear;0;No Additional Atmospheric Conditions;1;Clear;0;No;0;Not Applicable;99;Unknown;98;Unknown if Notified;99;Unknown EMS Scene Arrival Hour;98;Unknown if Arrived;99;Unknown;98;Unknown if Transported;0;None;0;None;0;None;1;0
43;Puerto Rico;430190;1;1;0;0;1;1;0;72;PUERTO RICO (72);310;COMERIO;18;18;9;September;2018;3;Tuesday;17;5:00pm-5:59pm;30;30;0;This section IS NOT on the NHS;4;County Road;CR-7780;;1;Rural;6;Minor Collector;2;County Highway Agency;3;3;888.888;Not Available;8.888.888;Not Available;0;No Special Jurisdiction;25;Concrete Traffic Barrier;0;Not a Collision with Motor Vehicle In-Transport;0;No;1;Non-Junction;1;Not an Intersection;0;None;4;On Roadside;1;Daylight;1;Clear;0;No Additional Atmospheric Conditions;1;Clear;0;No;0;Not Applicable;88;Not Applicable (Not Notified);88;Not Applicable (Not Notified);88;Not Applicable;88;Not Applicable;88;Not Applicable (Not Transported);88;Not Applicable (Not Transported);0;None;0;None;0;None;1;1
43;Puerto Rico;430191;1;1;0;0;1;1;0;72;PUERTO RICO (72);620;MANATI;19;19;9;September;2018;4;Wednesday;1;1:00am-1:59am;30;30;1;This section IS ON the NHS;4;County Road;CR-149;;1;Rural;3;Principal Arterial - Other;2;County Highway Agency;71;71;888.888;Not Available;8.888.888;Not Available;0;No Special Jurisdiction;30;Utility Pole/Light Support;0;Not a Collision with Motor Vehicle In-Transport;0;No;1;Non-Junction;1;Not an Intersection;0;None;4;On Roadside;2;Dark - Not Lighted;1;Clear;0;No Additional Atmospheric Conditions;1;Clear;0;No;0;Not Applicable;88;Not Applicable (Not Notified);88;Not Applicable (Not Notified);88;Not Applicable;88;Not Applicable;88;Not Applicable (Not Transported);88;Not Applicable (Not Transported);0;None;0;None;0;None;1;0
43;Puerto Rico;430192;1;1;0;0;1;1;0;72;PUERTO RICO (72);690;NAGUABO;21;21;9;September;2018;6;Friday;20;8:00pm-8:59pm;20;20;0;This section IS NOT on the NHS;4;County Road;CR-PRINCIPAL ST;;1;Rural;7;Local;2;County Highway Agency;0;None;888.888;Not Available;8.888.888;Not Available;0;No Special Jurisdiction;38;Fence;0;Not a Collision with Motor Vehicle In-Transport;0;No;1;Non-Junction;1;Not an Intersection;0;None;6;Off Roadway-Location Unknown;2;Dark - Not Lighted;1;Clear;0;No Additional Atmospheric Conditions;1;Clear;0;No;0;Not Applicable;88;Not Applicable (Not Notified);88;Not Applicable (Not Notified);88;Not Applicable;88;Not Applicable;88;Not Applicable (Not Transported);88;Not Applicable (Not Transported);0;None;0;None;0;None;1;1
43;Puerto Rico;430193;1;1;0;1;1;1;1;72;PUERTO RICO (72);280;CIDRA;22;22;9;September;2018;7;Saturday;2;2:00am-2:59am;56;56;0;This section IS NOT on the NHS;4;County Road;CR-LUIS A SANTOS FLORES AVE;;2;Urban;4;Minor Arterial;2;County Highway Agency;0;None;888.888;Not Available;8.888.888;Not Available;0;No Special Jurisdiction;8;Pedestrian;0;Not a Collision with Motor Vehicle In-Transport;0;No;1;Non-Junction;1;Not an Intersection;0;None;1;On Roadway;2;Dark - Not Lighted;1;Clear;0;No Additional Atmospheric Conditions;1;Clear;0;No;0;Not Applicable;88;Not Applicable (Not Notified);88;Not Applicable (Not Notified);88;Not Applicable;88;Not Applicable;88;Not Applicable (Not Transported);88;Not Applicable (Not Transported);0;None;0;None;0;None;1;0
43;Puerto Rico;430194;3;3;0;0;5;5;0;72;PUERTO RICO (72);1020;VEGA BAJA;24;24;9;September;2018;2;Monday;14;2:00pm-2:59pm;30;30;0;This section IS NOT on the NHS;4;County Road;CR-137;;1;Rural;3;Principal Arterial - Other;2;County Highway Agency;48;48;888.888;Not Available;8.888.888;Not Available;0;No Special Jurisdiction;12;Motor Vehicle In-Transport;6;Angle;0;No;1;Non-Junction;1;Not an Intersection;0;None;1;On Roadway;1;Daylight;2;Rain;0;No Additional Atmospheric Conditions;2;Rain;0;No;0;Not Applicable;99;Unknown;98;Unknown if Notified;99;Unknown EMS Scene Arrival Hour;98;Unknown if Arrived;99;Unknown;98;Unknown if Transported;0;None;0;None;0;None;2;0
43;Puerto Rico;430195;1;1;0;1;1;1;1;72;PUERTO RICO (72);200;CAROLINA;30;30;9;September;2018;1;Sunday;4;4:00am-4:59am;16;16;0;This section IS NOT on the NHS;4;County Road;CR-SANCHEZ OSORIO AVE;;2;Urban;5;Major Collector;2;County Highway Agency;0;None;888.888;Not Available;8.888.888;Not Available;0;No Special Jurisdiction;8;Pedestrian;0;Not a Collision with Motor Vehicle In-Transport;0;No;1;Non-Junction;1;Not an Intersection;0;None;1;On Roadway;2;Dark - Not Lighted;2;Rain;0;No Additional Atmospheric Conditions;2;Rain;0;No;0;Not Applicable;88;Not Applicable (Not Notified);88;Not Applicable (Not Notified);88;Not Applicable;88;Not Applicable;88;Not Applicable (Not Transported);88;Not Applicable (Not Transported);0;None;0;None;0;None;1;0
43;Puerto Rico;430196;1;1;0;0;1;1;0;72;PUERTO RICO (72);520;JAYUYA;30;30;9;September;2018;1;Sunday;2;2:00am-2:59am;0;0;0;This section IS NOT on the NHS;4;County Road;CR-530;;1;Rural;7;Local;2;County Highway Agency;40;40;888.888;Not Available;8.888.888;Not Available;0;No Special Jurisdiction;3;Immersion or Partial Immersion;0;Not a Collision with Motor Vehicle In-Transport;0;No;1;Non-Junction;1;Not an Intersection;0;None;5;Outside Trafficway;2;Dark - Not Lighted;1;Clear;0;No Additional Atmospheric Conditions;1;Clear;0;No;0;Not Applicable;88;Not Applicable (Not Notified);88;Not Applicable (Not Notified);88;Not Applicable;88;Not Applicable;88;Not Applicable (Not Transported);88;Not Applicable (Not Transported);0;None;0;None;0;None;1;1
43;Puerto Rico;430197;2;2;0;0;2;2;0;72;PUERTO RICO (72);500;HUMACAO;4;4;10;October;2018;5;Thursday;20;8:00pm-8:59pm;47;47;0;This section IS NOT on the NHS;4;County Road;CR-924;;1;Rural;6;Minor Collector;2;County Highway Agency;8;8;888.888;Not Available;8.888.888;Not Available;0;No Special Jurisdiction;12;Motor Vehicle In-Transport;7;Sideswipe - Same Direction;0;No;1;Non-Junction;1;Not an Intersection;0;None;1;On Roadway;2;Dark - Not Lighted;1;Clear;0;No Additional Atmospheric Conditions;1;Clear;0;No;0;Not Applicable;88;Not Applicable (Not Notified);88;Not Applicable (Not Notified);88;Not Applicable;88;Not Applicable;88;Not Applicable (Not Transported);88;Not Applicable (Not Transported);0;None;0;None;0;None;1;0
43;Puerto Rico;430198;1;1;0;1;1;1;1;72;PUERTO RICO (72);820;RIO GRANDE;5;5;10;October;2018;6;Friday;0;0:00am-0:59am;50;50;1;This section IS ON the NHS;4;County Road;CR-3;;2;Urban;3;Principal Arterial - Other;2;County Highway Agency;223;223;888.888;Not Available;8.888.888;Not Available;0;No Special Jurisdiction;8;Pedestrian;0;Not a Collision with Motor Vehicle In-Transport;0;No;1;Non-Junction;1;Not an Intersection;0;None;1;On Roadway;2;Dark - Not Lighted;1;Clear;0;No Additional Atmospheric Conditions;1;Clear;0;No;0;Not Applicable;88;Not Applicable (Not Notified);88;Not Applicable (Not Notified);88;Not Applicable;88;Not Applicable;88;Not Applicable (Not Transported);88;Not Applicable (Not Transported);0;None;0;None;0;None;1;0
43;Puerto Rico;430199;1;1;0;1;1;1;1;72;PUERTO RICO (72);930;SAN JUAN;5;5;10;October;2018;6;Friday;2;2:00am-2:59am;30;30;1;This section IS ON the NHS;4;County Road;CR-1;;2;Urban;3;Principal Arterial - Other;2;County Highway Agency;43;43;888.888;Not Available;8.888.888;Not Available;0;No Special Jurisdiction;8;Pedestrian;0;Not a Collision with Motor Vehicle In-Transport;0;No;1;Non-Junction;1;Not an Intersection;0;None;1;On Roadway;2;Dark - Not Lighted;1;Clear;0;No Additional Atmospheric Conditions;1;Clear;0;No;0;Not Applicable;88;Not Applicable (Not Notified);88;Not Applicable (Not Notified);88;Not Applicable;88;Not Applicable;88;Not Applicable (Not Transported);88;Not Applicable (Not Transported);0;None;0;None;0;None;1;1
43;Puerto Rico;430200;1;1;0;1;1;1;1;72;PUERTO RICO (72);510;ISABELA;5;5;10;October;2018;6;Friday;20;8:00pm-8:59pm;52;52;0;This section IS NOT on the NHS;4;County Road;CR-212;;1;Rural;5;Major Collector;2;County Highway Agency;23;23;888.888;Not Available;8.888.888;Not Available;0;No Special Jurisdiction;8;Pedestrian;0;Not a Collision with Motor Vehicle In-Transport;0;No;1;Non-Junction;1;Not an Intersection;0;None;1;On Roadway;2;Dark - Not Lighted;2;Rain;0;No Additional Atmospheric Conditions;2;Rain;0;No;0;Not Applicable;88;Not Applicable (Not Notified);88;Not Applicable (Not Notified);88;Not Applicable;88;Not Applicable;88;Not Applicable (Not Transported);88;Not Applicable (Not Transported);0;None;0;None;0;None;1;0
43;Puerto Rico;430201;2;2;0;0;2;2;0;72;PUERTO RICO (72);930;SAN JUAN;6;6;10;October;2018;7;Saturday;7;7:00am-7:59am;0;0;1;This section IS ON the NHS;1;Interstate;I-52;;1;Rural;1;Interstate;1;State Highway Agency;84;84;888.888;Not Available;8.888.888;Not Available;0;No Special Jurisdiction;25;Concrete Traffic Barrier;0;Not a Collision with Motor Vehicle In-Transport;0;No;1;Non-Junction;1;Not an Intersection;0;None;3;On Median;1;Daylight;1;Clear;0;No Additional Atmospheric Conditions;1;Clear;0;No;0;Not Applicable;88;Not Applicable (Not Notified);88;Not Applicable (Not Notified);88;Not Applicable;88;Not Applicable;88;Not Applicable (Not Transported);88;Not Applicable (Not Transported);0;None;0;None;0;None;1;1
43;Puerto Rico;430202;1;1;0;0;2;2;0;72;PUERTO RICO (72);200;CAROLINA;7;7;10;October;2018;1;Sunday;5;5:00am-5:59am;40;40;1;This section IS ON the NHS;1;Interstate;I-66;;2;Urban;1;Interstate;1;State Highway Agency;14;14;888.888;Not Available;8.888.888;Not Available;0;No Special Jurisdiction;25;Concrete Traffic Barrier;0;Not a Collision with Motor Vehicle In-Transport;0;No;1;Non-Junction;1;Not an Intersection;0;None;3;On Median;3;Dark - Lighted;1;Clear;0;No Additional Atmospheric Conditions;1;Clear;0;No;0;Not Applicable;99;Unknown;98;Unknown if Notified;99;Unknown EMS Scene Arrival Hour;98;Unknown if Arrived;99;Unknown;98;Unknown if Transported;0;None;0;None;0;None;1;0
43;Puerto Rico;430203;1;1;0;1;1;1;1;72;PUERTO RICO (72);930;SAN JUAN;12;12;10;October;2018;6;Friday;19;7:00pm-7:59pm;10;10;0;This section IS NOT on the NHS;4;County Road;CR-EDUARDO CONDE AVE;INT HIPOLITO ST;2;Urban;5;Major Collector;2;County Highway Agency;0;None;888.888;Not Available;8.888.888;Not Available;0;No Special Jurisdiction;8;Pedestrian;0;Not a Collision with Motor Vehicle In-Transport;0;No;1;Non-Junction;1;Not an Intersection;0;None;1;On Roadway;2;Dark - Not Lighted;1;Clear;0;No Additional Atmospheric Conditions;1;Clear;0;No;0;Not Applicable;19;7:00pm-7:59pm;10;10;19;7:00pm-7:59pm;20;20;88;Not Applicable (Not Transported);88;Not Applicable (Not Transported);0;None;0;None;0;None;1;0
43;Puerto Rico;430204;1;1;0;0;2;2;0;72;PUERTO RICO (72);930;SAN JUAN;13;13;10;October;2018;7;Saturday;2;2:00am-2:59am;15;15;1;This section IS ON the NHS;1;Interstate;I-52;;1;Rural;1;Interstate;1;State Highway Agency;49;49;888.888;Not Available;8.888.888;Not Available;0;No Special Jurisdiction;25;Concrete Traffic Barrier;0;Not a Collision with Motor Vehicle In-Transport;0;No;1;Non-Junction;1;Not an Intersection;0;None;3;On Median;3;Dark - Lighted;1;Clear;0;No Additional Atmospheric Conditions;1;Clear;0;No;0;Not Applicable;99;Unknown;98;Unknown if Notified;99;Unknown EMS Scene Arrival Hour;98;Unknown if Arrived;99;Unknown;98;Unknown if Transported;0;None;0;None;0;None;1;0
43;Puerto Rico;430205;1;1;0;0;5;5;0;72;PUERTO RICO (72);140;BAYAMON, BAYAMON;13;13;10;October;2018;7;Saturday;1;1:00am-1:59am;0;0;0;This section IS NOT on the NHS;4;County Road;CR-861;;1;Rural;4;Minor Arterial;2;County Highway Agency;0;None;888.888;Not Available;8.888.888;Not Available;0;No Special Jurisdiction;39;Wall;0;Not a Collision with Motor Vehicle In-Transport;0;No;1;Non-Junction;1;Not an Intersection;0;None;6;Off Roadway-Location Unknown;2;Dark - Not Lighted;1;Clear;0;No Additional Atmospheric Conditions;1;Clear;0;No;0;Not Applicable;99;Unknown;98;Unknown if Notified;99;Unknown EMS Scene Arrival Hour;98;Unknown if Arrived;99;Unknown;98;Unknown if Transported;0;None;0;None;0;None;1;0
43;Puerto Rico;430206;3;3;0;0;5;5;0;72;PUERTO RICO (72);140;BAYAMON, BAYAMON;14;14;10;October;2018;1;Sunday;2;2:00am-2:59am;50;50;0;This section IS NOT on the NHS;4;County Road;CR-NOGAL AVE;;2;Urban;5;Major Collector;2;County Highway Agency;0;None;888.888;Not Available;8.888.888;Not Available;0;No Special Jurisdiction;12;Motor Vehicle In-Transport;7;Sideswipe - Same Direction;0;No;1;Non-Junction;1;Not an Intersection;0;None;1;On Roadway;2;Dark - Not Lighted;1;Clear;0;No Additional Atmospheric Conditions;1;Clear;0;No;0;Not Applicable;99;Unknown;98;Unknown if Notified;99;Unknown EMS Scene Arrival Hour;98;Unknown if Arrived;99;Unknown;98;Unknown if Transported;0;None;0;None;0;None;1;1
43;Puerto Rico;430207;1;1;0;1;1;1;1;72;PUERTO RICO (72);750;PENUELAS, PENUELAS;14;14;10;October;2018;1;Sunday;18;6:00pm-6:59pm;30;30;0;This section IS NOT on the NHS;4;County Road;CR-132;;1;Rural;4;Minor Arterial;2;County Highway Agency;127;127;888.888;Not Available;8.888.888;Not Available;0;No Special Jurisdiction;8;Pedestrian;0;Not a Collision with Motor Vehicle In-Transport;0;No;1;Non-Junction;1;Not an Intersection;0;None;1;On Roadway;2;Dark - Not Lighted;1;Clear;0;No Additional Atmospheric Conditions;1;Clear;0;No;0;Not Applicable;88;Not Applicable (Not Notified);88;Not Applicable (Not Notified);88;Not Applicable;88;Not Applicable;88;Not Applicable (Not Transported);88;Not Applicable (Not Transported);0;None;0;None;0;None;1;0
43;Puerto Rico;430208;1;1;0;0;1;1;0;72;PUERTO RICO (72);700;NARANJITO;17;17;10;October;2018;4;Wednesday;23;11:00pm-11:59pm;55;55;0;This section IS NOT on the NHS;4;County Road;CR-164;;1;Rural;4;Minor Arterial;2;County Highway Agency;79;79;888.888;Not Available;8.888.888;Not Available;0;No Special Jurisdiction;42;Tree (Standing Only);0;Not a Collision with Motor Vehicle In-Transport;0;No;1;Non-Junction;1;Not an Intersection;0;None;6;Off Roadway-Location Unknown;2;Dark - Not Lighted;2;Rain;0;No Additional Atmospheric Conditions;2;Rain;0;No;0;Not Applicable;88;Not Applicable (Not Notified);88;Not Applicable (Not Notified);88;Not Applicable;88;Not Applicable;88;Not Applicable (Not Transported);88;Not Applicable (Not Transported);0;None;0;None;0;None;1;1
43;Puerto Rico;430209;1;1;0;1;1;1;1;72;PUERTO RICO (72);30;AGUADILLA;18;18;10;October;2018;5;Thursday;6;6:00am-6:59am;6;6;1;This section IS ON the NHS;4;County Road;CR-107;;1;Rural;3;Principal Arterial - Other;2;County Highway Agency;35;35;888.888;Not Available;8.888.888;Not Available;0;No Special Jurisdiction;8;Pedestrian;0;Not a Collision with Motor Vehicle In-Transport;0;No;1;Non-Junction;1;Not an Intersection;0;None;1;On Roadway;2;Dark - Not Lighted;1;Clear;0;No Additional Atmospheric Conditions;1;Clear;0;No;0;Not Applicable;88;Not Applicable (Not Notified);88;Not Applicable (Not Notified);88;Not Applicable;88;Not Applicable;88;Not Applicable (Not Transported);88;Not Applicable (Not Transported);0;None;0;None;0;None;1;0
43;Puerto Rico;430210;2;2;0;0;5;5;0;72;PUERTO RICO (72);200;CAROLINA;19;19;10;October;2018;6;Friday;18;6:00pm-6:59pm;20;20;0;This section IS NOT on the NHS;4;County Road;CR-ROBERTO CLEMENTE AVE;INT 419 ST;1;Rural;4;Minor Arterial;2;County Highway Agency;0;None;888.888;Not Available;8.888.888;Not Available;0;No Special Jurisdiction;12;Motor Vehicle In-Transport;6;Angle;0;No;1;Non-Junction;1;Not an Intersection;0;None;1;On Roadway;2;Dark - Not Lighted;1;Clear;0;No Additional Atmospheric Conditions;1;Clear;0;No;0;Not Applicable;99;Unknown;98;Unknown if Notified;99;Unknown EMS Scene Arrival Hour;98;Unknown if Arrived;99;Unknown;98;Unknown if Transported;0;None;0;None;0;None;2;0
43;Puerto Rico;430211;2;2;0;0;2;2;0;72;PUERTO RICO (72);930;SAN JUAN;21;21;10;October;2018;1;Sunday;21;9:00pm-9:59pm;20;20;0;This section IS NOT on the NHS;4;County Road;CR-3;INT DE DIEGO ST;2;Urban;4;Minor Arterial;2;County Highway Agency;0;None;888.888;Not Available;8.888.888;Not Available;0;No Special Jurisdiction;12;Motor Vehicle In-Transport;6;Angle;1;Yes;2;Intersection;3;T-Intersection;0;None;1;On Roadway;3;Dark - Lighted;2;Rain;0;No Additional Atmospheric Conditions;2;Rain;0;No;0;Not Applicable;99;Unknown;98;Unknown if Notified;99;Unknown EMS Scene Arrival Hour;98;Unknown if Arrived;99;Unknown;98;Unknown if Transported;0;None;0;None;0;None;1;1
43;Puerto Rico;430212;1;1;0;1;1;1;1;72;PUERTO RICO (72);860;SABANA GRANDE;23;23;10;October;2018;3;Tuesday;4;4:00am-4:59am;45;45;0;This section IS NOT on the NHS;4;County Road;CR-363;;1;Rural;6;Minor Collector;2;County Highway Agency;1;1;888.888;Not Available;8.888.888;Not Available;0;No Special Jurisdiction;8;Pedestrian;0;Not a Collision with Motor Vehicle In-Transport;0;No;1;Non-Junction;1;Not an Intersection;0;None;1;On Roadway;2;Dark - Not Lighted;1;Clear;0;No Additional Atmospheric Conditions;1;Clear;0;No;0;Not Applicable;88;Not Applicable (Not Notified);88;Not Applicable (Not Notified);88;Not Applicable;88;Not Applicable;88;Not Applicable (Not Transported);88;Not Applicable (Not Transported);0;None;0;None;0;None;1;0
43;Puerto Rico;430213;1;1;0;1;1;1;1;72;PUERTO RICO (72);200;CAROLINA;24;24;10;October;2018;4;Wednesday;4;4:00am-4:59am;46;46;1;This section IS ON the NHS;1;Interstate;I-26;;2;Urban;1;Interstate;1;State Highway Agency;133;133;888.888;Not Available;8.888.888;Not Available;0;No Special Jurisdiction;9;Pedalcyclist;0;Not a Collision with Motor Vehicle In-Transport;0;No;1;Non-Junction;1;Not an Intersection;0;None;1;On Roadway;2;Dark - Not Lighted;1;Clear;0;No Additional Atmospheric Conditions;1;Clear;0;No;0;Not Applicable;88;Not Applicable (Not Notified);88;Not Applicable (Not Notified);88;Not Applicable;88;Not Applicable;88;Not Applicable (Not Transported);88;Not Applicable (Not Transported);0;None;0;None;0;None;1;0
43;Puerto Rico;430214;2;2;0;0;2;2;0;72;PUERTO RICO (72);360;DORADO;24;24;10;October;2018;4;Wednesday;5;5:00am-5:59am;5;5;0;This section IS NOT on the NHS;4;County Road;CR-6693;;1;Rural;4;Minor Arterial;2;County Highway Agency;9;9;888.888;Not Available;8.888.888;Not Available;0;No Special Jurisdiction;12;Motor Vehicle In-Transport;2;Front-to-Front;0;No;1;Non-Junction;1;Not an Intersection;0;None;1;On Roadway;3;Dark - Lighted;1;Clear;0;No Additional Atmospheric Conditions;1;Clear;0;No;0;Not Applicable;88;Not Applicable (Not Notified);88;Not Applicable (Not Notified);88;Not Applicable;88;Not Applicable;88;Not Applicable (Not Transported);88;Not Applicable (Not Transported);0;None;0;None;0;None;1;0
43;Puerto Rico;430215;1;1;0;1;1;1;1;72;PUERTO RICO (72);430;GUAYAMA;26;26;10;October;2018;6;Friday;19;7:00pm-7:59pm;15;15;0;This section IS NOT on the NHS;4;County Road;CR-3;;1;Rural;4;Minor Arterial;2;County Highway Agency;1437;1437;888.888;Not Available;8.888.888;Not Available;0;No Special Jurisdiction;8;Pedestrian;0;Not a Collision with Motor Vehicle In-Transport;0;No;1;Non-Junction;1;Not an Intersection;0;None;1;On Roadway;2;Dark - Not Lighted;1;Clear;0;No Additional Atmospheric Conditions;1;Clear;0;No;0;Not Applicable;88;Not Applicable (Not Notified);88;Not Applicable (Not Notified);88;Not Applicable;88;Not Applicable;88;Not Applicable (Not Transported);88;Not Applicable (Not Transported);0;None;0;None;0;None;1;0
43;Puerto Rico;430216;2;2;0;0;3;3;0;72;PUERTO RICO (72);40;AGUAS BUENAS;26;26;10;October;2018;6;Friday;19;7:00pm-7:59pm;40;40;0;This section IS NOT on the NHS;4;County Road;CR-174;;1;Rural;4;Minor Arterial;2;County Highway Agency;290;290;888.888;Not Available;8.888.888;Not Available;0;No Special Jurisdiction;12;Motor Vehicle In-Transport;2;Front-to-Front;0;No;1;Non-Junction;1;Not an Intersection;0;None;1;On Roadway;2;Dark - Not Lighted;1;Clear;0;No Additional Atmospheric Conditions;1;Clear;0;No;0;Not Applicable;99;Unknown;98;Unknown if Notified;99;Unknown EMS Scene Arrival Hour;98;Unknown if Arrived;99;Unknown;98;Unknown if Transported;0;None;0;None;0;None;1;0
43;Puerto Rico;430217;1;1;0;0;1;1;0;72;PUERTO RICO (72);140;BAYAMON, BAYAMON;26;26;10;October;2018;6;Friday;8;8:00am-8:59am;12;12;1;This section IS ON the NHS;4;County Road;CR-167;;2;Urban;3;Principal Arterial - Other;2;County Highway Agency;138;138;888.888;Not Available;8.888.888;Not Available;0;No Special Jurisdiction;25;Concrete Traffic Barrier;0;Not a Collision with Motor Vehicle In-Transport;0;No;1;Non-Junction;1;Not an Intersection;0;None;3;On Median;3;Dark - Lighted;1;Clear;0;No Additional Atmospheric Conditions;1;Clear;0;No;0;Not Applicable;88;Not Applicable (Not Notified);88;Not Applicable (Not Notified);88;Not Applicable;88;Not Applicable;88;Not Applicable (Not Transported);88;Not Applicable (Not Transported);0;None;0;None;0;None;1;1
43;Puerto Rico;430218;1;1;0;0;2;2;0;72;PUERTO RICO (72);680;MOROVIS;28;28;10;October;2018;1;Sunday;6;6:00am-6:59am;20;20;0;This section IS NOT on the NHS;4;County Road;CR-155;;1;Rural;4;Minor Arterial;2;County Highway Agency;389;389;888.888;Not Available;8.888.888;Not Available;0;No Special Jurisdiction;43;Other Fixed Object;0;Not a Collision with Motor Vehicle In-Transport;0;No;1;Non-Junction;1;Not an Intersection;0;None;6;Off Roadway-Location Unknown;1;Daylight;1;Clear;0;No Additional Atmospheric Conditions;1;Clear;0;No;0;Not Applicable;99;Unknown;98;Unknown if Notified;99;Unknown EMS Scene Arrival Hour;98;Unknown if Arrived;99;Unknown;98;Unknown if Transported;0;None;0;None;0;None;1;1
43;Puerto Rico;430219;2;2;0;0;2;2;0;72;PUERTO RICO (72);620;MANATI;28;28;10;October;2018;1;Sunday;18;6:00pm-6:59pm;25;25;0;This section IS NOT on the NHS;4;County Road;CR-685;;1;Rural;6;Minor Collector;2;County Highway Agency;62;62;888.888;Not Available;8.888.888;Not Available;0;No Special Jurisdiction;12;Motor Vehicle In-Transport;2;Front-to-Front;0;No;1;Non-Junction;1;Not an Intersection;0;None;1;On Roadway;2;Dark - Not Lighted;1;Clear;0;No Additional Atmospheric Conditions;1;Clear;0;No;0;Not Applicable;99;Unknown;98;Unknown if Notified;99;Unknown EMS Scene Arrival Hour;98;Unknown if Arrived;99;Unknown;98;Unknown if Transported;0;None;0;None;0;None;1;1
43;Puerto Rico;430220;2;2;0;0;5;5;0;72;PUERTO RICO (72);760;PONCE;28;28;10;October;2018;1;Sunday;14;2:00pm-2:59pm;35;35;0;This section IS NOT on the NHS;4;County Road;CR-123;INT RUTH FERNANDEZ BOULEVARD;1;Rural;5;Major Collector;2;County Highway Agency;0;None;888.888;Not Available;8.888.888;Not Available;0;No Special Jurisdiction;12;Motor Vehicle In-Transport;8;Sideswipe - Opposite Direction;1;Yes;2;Intersection;3;T-Intersection;0;None;1;On Roadway;1;Daylight;1;Clear;0;No Additional Atmospheric Conditions;1;Clear;0;No;0;Not Applicable;99;Unknown;98;Unknown if Notified;99;Unknown EMS Scene Arrival Hour;98;Unknown if Arrived;99;Unknown;98;Unknown if Transported;0;None;0;None;0;None;1;0
43;Puerto Rico;430221;1;1;0;1;1;1;1;72;PUERTO RICO (72);140;BAYAMON, BAYAMON;1;1;11;November;2018;5;Thursday;5;5:00am-5:59am;57;57;0;This section IS NOT on the NHS;4;County Road;CR-LOMAS VERDES AVE;;2;Urban;5;Major Collector;2;County Highway Agency;0;None;888.888;Not Available;8.888.888;Not Available;0;No Special Jurisdiction;8;Pedestrian;0;Not a Collision with Motor Vehicle In-Transport;0;No;1;Non-Junction;1;Not an Intersection;0;None;1;On Roadway;2;Dark - Not Lighted;1;Clear;0;No Additional Atmospheric Conditions;1;Clear;0;No;0;Not Applicable;88;Not Applicable (Not Notified);88;Not Applicable (Not Notified);88;Not Applicable;88;Not Applicable;88;Not Applicable (Not Transported);88;Not Applicable (Not Transported);0;None;0;None;0;None;1;0
43;Puerto Rico;430222;1;1;0;0;2;2;0;72;PUERTO RICO (72);620;MANATI;2;2;11;November;2018;6;Friday;23;11:00pm-11:59pm;23;23;0;This section IS NOT on the NHS;4;County Road;CR-643;;1;Rural;6;Minor Collector;2;County Highway Agency;33;33;888.888;Not Available;8.888.888;Not Available;0;No Special Jurisdiction;42;Tree (Standing Only);0;Not a Collision with Motor Vehicle In-Transport;0;No;1;Non-Junction;1;Not an Intersection;0;None;6;Off Roadway-Location Unknown;2;Dark - Not Lighted;2;Rain;0;No Additional Atmospheric Conditions;2;Rain;0;No;0;Not Applicable;99;Unknown;98;Unknown if Notified;99;Unknown EMS Scene Arrival Hour;98;Unknown if Arrived;99;Unknown;98;Unknown if Transported;0;None;0;None;0;None;1;1
43;Puerto Rico;430223;1;1;0;1;1;1;1;72;PUERTO RICO (72);930;SAN JUAN;2;2;11;November;2018;6;Friday;21;9:00pm-9:59pm;35;35;1;This section IS ON the NHS;4;County Road;CR-3;;2;Urban;3;Principal Arterial - Other;2;County Highway Agency;26;26;888.888;Not Available;8.888.888;Not Available;0;No Special Jurisdiction;8;Pedestrian;0;Not a Collision with Motor Vehicle In-Transport;0;No;1;Non-Junction;1;Not an Intersection;0;None;1;On Roadway;2;Dark - Not Lighted;2;Rain;0;No Additional Atmospheric Conditions;2;Rain;0;No;0;Not Applicable;88;Not Applicable (Not Notified);88;Not Applicable (Not Notified);88;Not Applicable;88;Not Applicable;88;Not Applicable (Not Transported);88;Not Applicable (Not Transported);0;None;0;None;0;None;1;0
43;Puerto Rico;430224;2;2;0;0;4;4;0;72;PUERTO RICO (72);1050;YABUCOA;3;3;11;November;2018;7;Saturday;18;6:00pm-6:59pm;3;3;1;This section IS ON the NHS;1;Interstate;I-53;;1;Rural;1;Interstate;1;State Highway Agency;395;395;888.888;Not Available;8.888.888;Not Available;0;No Special Jurisdiction;12;Motor Vehicle In-Transport;2;Front-to-Front;0;No;1;Non-Junction;1;Not an Intersection;0;None;1;On Roadway;2;Dark - Not Lighted;2;Rain;0;No Additional Atmospheric Conditions;2;Rain;0;No;0;Not Applicable;99;Unknown;98;Unknown if Notified;99;Unknown EMS Scene Arrival Hour;98;Unknown if Arrived;99;Unknown;98;Unknown if Transported;0;None;0;None;0;None;1;1
43;Puerto Rico;430225;1;1;0;0;2;2;0;72;PUERTO RICO (72);820;RIO GRANDE;4;4;11;November;2018;1;Sunday;5;5:00am-5:59am;55;55;1;This section IS ON the NHS;1;Interstate;I-3;;1;Rural;1;Interstate;1;State Highway Agency;281;281;888.888;Not Available;8.888.888;Not Available;0;No Special Jurisdiction;30;Utility Pole/Light Support;0;Not a Collision with Motor Vehicle In-Transport;0;No;1;Non-Junction;1;Not an Intersection;0;None;4;On Roadside;2;Dark - Not Lighted;2;Rain;0;No Additional Atmospheric Conditions;2;Rain;0;No;0;Not Applicable;88;Not Applicable (Not Notified);88;Not Applicable (Not Notified);88;Not Applicable;88;Not Applicable;88;Not Applicable (Not Transported);88;Not Applicable (Not Transported);0;None;0;None;0;None;2;1
43;Puerto Rico;430226;1;1;0;1;1;1;1;72;PUERTO RICO (72);930;SAN JUAN;4;4;11;November;2018;1;Sunday;20;8:00pm-8:59pm;0;0;1;This section IS ON the NHS;4;County Road;CR-3;;2;Urban;3;Principal Arterial - Other;2;County Highway Agency;47;47;888.888;Not Available;8.888.888;Not Available;0;No Special Jurisdiction;8;Pedestrian;0;Not a Collision with Motor Vehicle In-Transport;0;No;1;Non-Junction;1;Not an Intersection;0;None;1;On Roadway;2;Dark - Not Lighted;1;Clear;0;No Additional Atmospheric Conditions;1;Clear;0;No;0;Not Applicable;88;Not Applicable (Not Notified);88;Not Applicable (Not Notified);88;Not Applicable;88;Not Applicable;88;Not Applicable (Not Transported);88;Not Applicable (Not Transported);0;None;0;None;0;None;1;0
43;Puerto Rico;430227;1;1;0;0;1;1;0;72;PUERTO RICO (72);930;SAN JUAN;10;10;11;November;2018;7;Saturday;1;1:00am-1:59am;16;16;1;This section IS ON the NHS;4;County Road;CR-26;;2;Urban;3;Principal Arterial - Other;2;County Highway Agency;20;20;888.888;Not Available;8.888.888;Not Available;0;No Special Jurisdiction;30;Utility Pole/Light Support;0;Not a Collision with Motor Vehicle In-Transport;0;No;1;Non-Junction;1;Not an Intersection;0;None;3;On Median;3;Dark - Lighted;2;Rain;0;No Additional Atmospheric Conditions;2;Rain;0;No;0;Not Applicable;88;Not Applicable (Not Notified);88;Not Applicable (Not Notified);88;Not Applicable;88;Not Applicable;88;Not Applicable (Not Transported);88;Not Applicable (Not Transported);0;None;0;None;0;None;1;1
43;Puerto Rico;430228;1;1;0;2;1;1;2;72;PUERTO RICO (72);590;LAS PIEDRAS;10;10;11;November;2018;7;Saturday;3;3:00am-3:59am;15;15;1;This section IS ON the NHS;4;County Road;CR-30;;1;Rural;3;Principal Arterial - Other;2;County Highway Agency;211;211;888.888;Not Available;8.888.888;Not Available;0;No Special Jurisdiction;8;Pedestrian;0;Not a Collision with Motor Vehicle In-Transport;0;No;1;Non-Junction;1;Not an Intersection;0;None;1;On Roadway;2;Dark - Not Lighted;1;Clear;0;No Additional Atmospheric Conditions;1;Clear;0;No;0;Not Applicable;88;Not Applicable (Not Notified);88;Not Applicable (Not Notified);88;Not Applicable;88;Not Applicable;88;Not Applicable (Not Transported);88;Not Applicable (Not Transported);0;None;0;None;0;None;1;0
43;Puerto Rico;430229;1;1;0;0;2;2;0;72;PUERTO RICO (72);190;CANOVANAS, CANOVANAS;10;10;11;November;2018;7;Saturday;4;4:00am-4:59am;22;22;1;This section IS ON the NHS;4;County Road;CR-3;;2;Urban;3;Principal Arterial - Other;2;County Highway Agency;192;192;888.888;Not Available;8.888.888;Not Available;0;No Special Jurisdiction;30;Utility Pole/Light Support;0;Not a Collision with Motor Vehicle In-Transport;0;No;1;Non-Junction;1;Not an Intersection;0;None;4;On Roadside;2;Dark - Not Lighted;1;Clear;0;No Additional Atmospheric Conditions;1;Clear;0;No;0;Not Applicable;88;Not Applicable (Not Notified);88;Not Applicable (Not Notified);88;Not Applicable;88;Not Applicable;88;Not Applicable (Not Transported);88;Not Applicable (Not Transported);0;None;0;None;0;None;1;1
43;Puerto Rico;430230;2;2;0;0;2;2;0;72;PUERTO RICO (72);950;SN SEBASTIAN, SN SEBAST;10;10;11;November;2018;7;Saturday;23;11:00pm-11:59pm;50;50;0;This section IS NOT on the NHS;4;County Road;CR-445;;1;Rural;6;Minor Collector;2;County Highway Agency;31;31;888.888;Not Available;8.888.888;Not Available;0;No Special Jurisdiction;12;Motor Vehicle In-Transport;2;Front-to-Front;0;No;1;Non-Junction;1;Not an Intersection;0;None;1;On Roadway;2;Dark - Not Lighted;1;Clear;0;No Additional Atmospheric Conditions;1;Clear;0;No;0;Not Applicable;88;Not Applicable (Not Notified);88;Not Applicable (Not Notified);88;Not Applicable;88;Not Applicable;88;Not Applicable (Not Transported);88;Not Applicable (Not Transported);0;None;0;None;0;None;1;2
43;Puerto Rico;430231;1;1;0;1;1;1;1;72;PUERTO RICO (72);190;CANOVANAS, CANOVANAS;12;12;11;November;2018;2;Monday;6;6:00am-6:59am;43;43;1;This section IS ON the NHS;4;County Road;CR-188;;2;Urban;3;Principal Arterial - Other;2;County Highway Agency;9;9;888.888;Not Available;8.888.888;Not Available;0;No Special Jurisdiction;8;Pedestrian;0;Not a Collision with Motor Vehicle In-Transport;0;No;1;Non-Junction;1;Not an Intersection;0;None;1;On Roadway;1;Daylight;2;Rain;0;No Additional Atmospheric Conditions;2;Rain;0;No;0;Not Applicable;88;Not Applicable (Not Notified);88;Not Applicable (Not Notified);88;Not Applicable;88;Not Applicable;88;Not Applicable (Not Transported);88;Not Applicable (Not Transported);0;None;0;None;0;None;1;0
43;Puerto Rico;430232;1;1;0;1;1;1;1;72;PUERTO RICO (72);380;FAJARDO, FAJARDO;12;12;11;November;2018;2;Monday;15;3:00pm-3:59pm;15;15;0;This section IS NOT on the NHS;4;County Road;CR-976;;1;Rural;6;Minor Collector;2;County Highway Agency;26;26;888.888;Not Available;8.888.888;Not Available;0;No Special Jurisdiction;8;Pedestrian;0;Not a Collision with Motor Vehicle In-Transport;0;No;1;Non-Junction;1;Not an Intersection;0;None;1;On Roadway;1;Daylight;1;Clear;0;No Additional Atmospheric Conditions;1;Clear;0;No;0;Not Applicable;88;Not Applicable (Not Notified);88;Not Applicable (Not Notified);88;Not Applicable;88;Not Applicable;88;Not Applicable (Not Transported);88;Not Applicable (Not Transported);0;None;0;None;0;None;1;1
43;Puerto Rico;430233;1;1;0;1;1;1;1;72;PUERTO RICO (72);450;GUAYNABO;14;14;11;November;2018;4;Wednesday;3;3:00am-3:59am;52;52;1;This section IS ON the NHS;4;County Road;CR-20;;2;Urban;3;Principal Arterial - Other;2;County Highway Agency;58;58;888.888;Not Available;8.888.888;Not Available;0;No Special Jurisdiction;8;Pedestrian;0;Not a Collision with Motor Vehicle In-Transport;0;No;1;Non-Junction;1;Not an Intersection;0;None;2;On Shoulder;2;Dark - Not Lighted;2;Rain;0;No Additional Atmospheric Conditions;2;Rain;0;No;0;Not Applicable;88;Not Applicable (Not Notified);88;Not Applicable (Not Notified);88;Not Applicable;88;Not Applicable;88;Not Applicable (Not Transported);88;Not Applicable (Not Transported);0;None;0;None;0;None;1;1
43;Puerto Rico;430234;1;1;0;1;1;1;1;72;PUERTO RICO (72);140;BAYAMON, BAYAMON;14;14;11;November;2018;4;Wednesday;5;5:00am-5:59am;50;50;0;This section IS NOT on the NHS;4;County Road;CR-MAGNOLIA AVE;INT 5 ST;2;Urban;4;Minor Arterial;2;County Highway Agency;0;None;888.888;Not Available;8.888.888;Not Available;0;No Special Jurisdiction;8;Pedestrian;0;Not a Collision with Motor Vehicle In-Transport;1;Yes;2;Intersection;3;T-Intersection;0;None;1;On Roadway;2;Dark - Not Lighted;1;Clear;0;No Additional Atmospheric Conditions;1;Clear;0;No;0;Not Applicable;88;Not Applicable (Not Notified);88;Not Applicable (Not Notified);88;Not Applicable;88;Not Applicable;88;Not Applicable (Not Transported);88;Not Applicable (Not Transported);0;None;0;None;0;None;1;0
43;Puerto Rico;430235;1;1;0;1;1;1;1;72;PUERTO RICO (72);1020;VEGA BAJA;15;15;11;November;2018;5;Thursday;22;10:00pm-10:59pm;10;10;1;This section IS ON the NHS;4;County Road;CR-2;;1;Rural;3;Principal Arterial - Other;2;County Highway Agency;365;365;888.888;Not Available;8.888.888;Not Available;0;No Special Jurisdiction;8;Pedestrian;0;Not a Collision with Motor Vehicle In-Transport;0;No;1;Non-Junction;1;Not an Intersection;0;None;1;On Roadway;2;Dark - Not Lighted;1;Clear;0;No Additional Atmospheric Conditions;1;Clear;0;No;0;Not Applicable;88;Not Applicable (Not Notified);88;Not Applicable (Not Notified);88;Not Applicable;88;Not Applicable;88;Not Applicable (Not Transported);88;Not Applicable (Not Transported);0;None;0;None;0;None;1;0
43;Puerto Rico;430236;1;1;0;1;1;1;1;72;PUERTO RICO (72);170;CAGUAS;17;17;11;November;2018;7;Saturday;8;8:00am-8:59am;0;0;0;This section IS NOT on the NHS;4;County Road;CR-PINO AVE;;2;Urban;5;Major Collector;2;County Highway Agency;0;None;888.888;Not Available;8.888.888;Not Available;0;No Special Jurisdiction;8;Pedestrian;0;Not a Collision with Motor Vehicle In-Transport;0;No;1;Non-Junction;1;Not an Intersection;0;None;1;On Roadway;1;Daylight;1;Clear;0;No Additional Atmospheric Conditions;1;Clear;0;No;0;Not Applicable;8;8:00am-8:59am;5;5;8;8:00am-8:59am;10;10;88;Not Applicable (Not Transported);88;Not Applicable (Not Transported);0;None;0;None;0;None;1;0
43;Puerto Rico;430237;1;1;0;1;1;1;1;72;PUERTO RICO (72);650;MAYAGUEZ;17;17;11;November;2018;7;Saturday;19;7:00pm-7:59pm;35;35;0;This section IS NOT on the NHS;4;County Road;CR-RAMON ARBONA AVE;;2;Urban;5;Major Collector;2;County Highway Agency;0;None;888.888;Not Available;8.888.888;Not Available;0;No Special Jurisdiction;8;Pedestrian;0;Not a Collision with Motor Vehicle In-Transport;0;No;1;Non-Junction;1;Not an Intersection;0;None;1;On Roadway;2;Dark - Not Lighted;1;Clear;0;No Additional Atmospheric Conditions;1;Clear;0;No;0;Not Applicable;88;Not Applicable (Not Notified);88;Not Applicable (Not Notified);88;Not Applicable;88;Not Applicable;88;Not Applicable (Not Transported);88;Not Applicable (Not Transported);0;None;0;None;0;None;1;0
43;Puerto Rico;430238;2;2;0;0;2;2;0;72;PUERTO RICO (72);940;SN LORENZO, SN LORENZO;18;18;11;November;2018;1;Sunday;0;0:00am-0:59am;10;10;0;This section IS NOT on the NHS;4;County Road;CR-183;;1;Rural;4;Minor Arterial;2;County Highway Agency;120;120;888.888;Not Available;8.888.888;Not Available;0;No Special Jurisdiction;12;Motor Vehicle In-Transport;2;Front-to-Front;0;No;1;Non-Junction;1;Not an Intersection;0;None;1;On Roadway;2;Dark - Not Lighted;1;Clear;0;No Additional Atmospheric Conditions;1;Clear;0;No;0;Not Applicable;88;Not Applicable (Not Notified);88;Not Applicable (Not Notified);88;Not Applicable;88;Not Applicable;88;Not Applicable (Not Transported);88;Not Applicable (Not Transported);0;None;0;None;0;None;1;1
43;Puerto Rico;430239;2;2;0;0;2;2;0;72;PUERTO RICO (72);140;BAYAMON, BAYAMON;19;19;11;November;2018;2;Monday;9;9:00am-9:59am;50;50;0;This section IS NOT on the NHS;4;County Road;CR-872;;2;Urban;5;Major Collector;2;County Highway Agency;19;19;888.888;Not Available;8.888.888;Not Available;0;No Special Jurisdiction;12;Motor Vehicle In-Transport;2;Front-to-Front;0;No;1;Non-Junction;1;Not an Intersection;0;None;1;On Roadway;1;Daylight;1;Clear;0;No Additional Atmospheric Conditions;1;Clear;0;No;0;Not Applicable;88;Not Applicable (Not Notified);88;Not Applicable (Not Notified);88;Not Applicable;88;Not Applicable;88;Not Applicable (Not Transported);88;Not Applicable (Not Transported);0;None;0;None;0;None;1;0
43;Puerto Rico;430240;1;1;0;1;1;1;1;72;PUERTO RICO (72);930;SAN JUAN;20;20;11;November;2018;3;Tuesday;6;6:00am-6:59am;15;15;0;This section IS NOT on the NHS;4;County Road;CR-WILSON ST;;2;Urban;4;Minor Arterial;2;County Highway Agency;0;None;888.888;Not Available;8.888.888;Not Available;0;No Special Jurisdiction;8;Pedestrian;0;Not a Collision with Motor Vehicle In-Transport;0;No;1;Non-Junction;1;Not an Intersection;0;None;1;On Roadway;1;Daylight;1;Clear;0;No Additional Atmospheric Conditions;1;Clear;0;No;0;Not Applicable;88;Not Applicable (Not Notified);88;Not Applicable (Not Notified);88;Not Applicable;88;Not Applicable;88;Not Applicable (Not Transported);88;Not Applicable (Not Transported);0;None;0;None;0;None;1;0
43;Puerto Rico;430241;1;1;0;1;1;1;1;72;PUERTO RICO (72);170;CAGUAS;21;21;11;November;2018;4;Wednesday;18;6:00pm-6:59pm;45;45;1;This section IS ON the NHS;4;County Road;CR-189;;1;Rural;3;Principal Arterial - Other;2;County Highway Agency;6;6;888.888;Not Available;8.888.888;Not Available;0;No Special Jurisdiction;8;Pedestrian;0;Not a Collision with Motor Vehicle In-Transport;0;No;1;Non-Junction;1;Not an Intersection;0;None;1;On Roadway;2;Dark - Not Lighted;1;Clear;0;No Additional Atmospheric Conditions;1;Clear;0;No;0;Not Applicable;88;Not Applicable (Not Notified);88;Not Applicable (Not Notified);88;Not Applicable;88;Not Applicable;88;Not Applicable (Not Transported);88;Not Applicable (Not Transported);0;None;0;None;0;None;1;0
43;Puerto Rico;430242;2;2;0;0;2;2;0;72;PUERTO RICO (72);1020;VEGA BAJA;21;21;11;November;2018;4;Wednesday;23;11:00pm-11:59pm;30;30;1;This section IS ON the NHS;4;County Road;CR-137;;1;Rural;3;Principal Arterial - Other;2;County Highway Agency;22;22;888.888;Not Available;8.888.888;Not Available;0;No Special Jurisdiction;12;Motor Vehicle In-Transport;2;Front-to-Front;0;No;1;Non-Junction;1;Not an Intersection;0;None;1;On Roadway;2;Dark - Not Lighted;1;Clear;0;No Additional Atmospheric Conditions;1;Clear;0;No;0;Not Applicable;88;Not Applicable (Not Notified);88;Not Applicable (Not Notified);88;Not Applicable;88;Not Applicable;88;Not Applicable (Not Transported);88;Not Applicable (Not Transported);0;None;0;None;0;None;1;2
43;Puerto Rico;430243;1;1;0;0;1;1;0;72;PUERTO RICO (72);200;CAROLINA;25;25;11;November;2018;1;Sunday;23;11:00pm-11:59pm;20;20;1;This section IS ON the NHS;1;Interstate;I-66;;2;Urban;1;Interstate;1;State Highway Agency;3;3;888.888;Not Available;8.888.888;Not Available;0;No Special Jurisdiction;25;Concrete Traffic Barrier;0;Not a Collision with Motor Vehicle In-Transport;0;No;1;Non-Junction;1;Not an Intersection;0;None;3;On Median;2;Dark - Not Lighted;1;Clear;0;No Additional Atmospheric Conditions;1;Clear;0;No;0;Not Applicable;88;Not Applicable (Not Notified);88;Not Applicable (Not Notified);88;Not Applicable;88;Not Applicable;88;Not Applicable (Not Transported);88;Not Applicable (Not Transported);0;None;0;None;0;None;1;1
43;Puerto Rico;430244;2;2;0;0;3;3;0;72;PUERTO RICO (72);650;MAYAGUEZ;30;30;11;November;2018;6;Friday;18;6:00pm-6:59pm;47;47;0;This section IS NOT on the NHS;4;County Road;CR-2;;1;Rural;6;Minor Collector;2;County Highway Agency;1484;1484;888.888;Not Available;8.888.888;Not Available;0;No Special Jurisdiction;12;Motor Vehicle In-Transport;2;Front-to-Front;0;No;1;Non-Junction;1;Not an Intersection;0;None;1;On Roadway;2;Dark - Not Lighted;2;Rain;0;No Additional Atmospheric Conditions;2;Rain;0;No;0;Not Applicable;99;Unknown;98;Unknown if Notified;99;Unknown EMS Scene Arrival Hour;98;Unknown if Arrived;99;Unknown;98;Unknown if Transported;0;None;0;None;0;None;1;0
43;Puerto Rico;430245;1;1;0;0;1;1;0;72;PUERTO RICO (72);500;HUMACAO;1;1;12;December;2018;7;Saturday;21;9:00pm-9:59pm;18;18;0;This section IS NOT on the NHS;4;County Road;CR-3;;1;Rural;5;Major Collector;2;County Highway Agency;869;869;888.888;Not Available;8.888.888;Not Available;0;No Special Jurisdiction;42;Tree (Standing Only);0;Not a Collision with Motor Vehicle In-Transport;0;No;1;Non-Junction;1;Not an Intersection;0;None;6;Off Roadway-Location Unknown;2;Dark - Not Lighted;1;Clear;0;No Additional Atmospheric Conditions;1;Clear;0;No;0;Not Applicable;88;Not Applicable (Not Notified);88;Not Applicable (Not Notified);88;Not Applicable;88;Not Applicable;88;Not Applicable (Not Transported);88;Not Applicable (Not Transported);0;None;0;None;0;None;1;1
43;Puerto Rico;430246;1;1;0;0;3;3;0;72;PUERTO RICO (72);650;MAYAGUEZ;3;3;12;December;2018;2;Monday;4;4:00am-4:59am;30;30;0;This section IS NOT on the NHS;4;County Road;CR-PEDRO ALBIZU CAMPOS AVE;;1;Rural;4;Minor Arterial;2;County Highway Agency;1;1;888.888;Not Available;8.888.888;Not Available;0;No Special Jurisdiction;42;Tree (Standing Only);0;Not a Collision with Motor Vehicle In-Transport;0;No;1;Non-Junction;1;Not an Intersection;0;None;5;Outside Trafficway;2;Dark - Not Lighted;1;Clear;0;No Additional Atmospheric Conditions;1;Clear;0;No;0;Not Applicable;99;Unknown;98;Unknown if Notified;99;Unknown EMS Scene Arrival Hour;98;Unknown if Arrived;99;Unknown;98;Unknown if Transported;0;None;0;None;0;None;1;0
43;Puerto Rico;430247;1;1;0;2;1;1;2;72;PUERTO RICO (72);140;BAYAMON, BAYAMON;3;3;12;December;2018;2;Monday;5;5:00am-5:59am;30;30;1;This section IS ON the NHS;4;County Road;CR-2;;2;Urban;3;Principal Arterial - Other;2;County Highway Agency;124;124;888.888;Not Available;8.888.888;Not Available;0;No Special Jurisdiction;8;Pedestrian;0;Not a Collision with Motor Vehicle In-Transport;0;No;1;Non-Junction;1;Not an Intersection;0;None;1;On Roadway;2;Dark - Not Lighted;2;Rain;0;No Additional Atmospheric Conditions;2;Rain;0;No;0;Not Applicable;88;Not Applicable (Not Notified);88;Not Applicable (Not Notified);88;Not Applicable;88;Not Applicable;88;Not Applicable (Not Transported);88;Not Applicable (Not Transported);0;None;0;None;0;None;1;0
43;Puerto Rico;430248;1;1;0;1;1;1;1;72;PUERTO RICO (72);120;BARCELONETA;5;5;12;December;2018;4;Wednesday;4;4:00am-4:59am;45;45;0;This section IS NOT on the NHS;4;County Road;CR-140;;1;Rural;4;Minor Arterial;2;County Highway Agency;652;652;888.888;Not Available;8.888.888;Not Available;0;No Special Jurisdiction;8;Pedestrian;0;Not a Collision with Motor Vehicle In-Transport;0;No;1;Non-Junction;1;Not an Intersection;0;None;1;On Roadway;2;Dark - Not Lighted;1;Clear;0;No Additional Atmospheric Conditions;1;Clear;0;No;0;Not Applicable;88;Not Applicable (Not Notified);88;Not Applicable (Not Notified);88;Not Applicable;88;Not Applicable;88;Not Applicable (Not Transported);88;Not Applicable (Not Transported);0;None;0;None;0;None;1;0
43;Puerto Rico;430249;1;1;0;1;1;1;1;72;PUERTO RICO (72);90;ARECIBO;5;5;12;December;2018;4;Wednesday;5;5:00am-5:59am;39;39;1;This section IS ON the NHS;4;County Road;CR-2;;2;Urban;3;Principal Arterial - Other;2;County Highway Agency;810;810;888.888;Not Available;8.888.888;Not Available;0;No Special Jurisdiction;8;Pedestrian;0;Not a Collision with Motor Vehicle In-Transport;0;No;1;Non-Junction;1;Not an Intersection;0;None;1;On Roadway;2;Dark - Not Lighted;1;Clear;0;No Additional Atmospheric Conditions;1;Clear;0;No;0;Not Applicable;5;5:00am-5:59am;46;46;5;5:00am-5:59am;55;55;88;Not Applicable (Not Transported);88;Not Applicable (Not Transported);0;None;0;None;0;None;1;0
43;Puerto Rico;430250;1;1;0;1;1;1;1;72;PUERTO RICO (72);170;CAGUAS;5;5;12;December;2018;4;Wednesday;19;7:00pm-7:59pm;49;49;1;This section IS ON the NHS;4;County Road;CR-30;;1;Rural;3;Principal Arterial - Other;2;County Highway Agency;1;1;888.888;Not Available;8.888.888;Not Available;0;No Special Jurisdiction;8;Pedestrian;0;Not a Collision with Motor Vehicle In-Transport;0;No;1;Non-Junction;1;Not an Intersection;0;None;1;On Roadway;2;Dark - Not Lighted;1;Clear;0;No Additional Atmospheric Conditions;1;Clear;0;No;0;Not Applicable;19;7:00pm-7:59pm;49;49;20;8:00pm-8:59pm;10;10;88;Not Applicable (Not Transported);88;Not Applicable (Not Transported);0;None;0;None;0;None;1;1
43;Puerto Rico;430251;1;1;0;0;2;2;0;72;PUERTO RICO (72);320;COROZAL, COROZAL;5;5;12;December;2018;4;Wednesday;20;8:00pm-8:59pm;10;10;0;This section IS NOT on the NHS;4;County Road;CR-568;;1;Rural;6;Minor Collector;2;County Highway Agency;251;251;888.888;Not Available;8.888.888;Not Available;0;No Special Jurisdiction;1;Rollover/Overturn;0;Not a Collision with Motor Vehicle In-Transport;0;No;1;Non-Junction;1;Not an Intersection;0;None;5;Outside Trafficway;2;Dark - Not Lighted;1;Clear;0;No Additional Atmospheric Conditions;1;Clear;0;No;0;Not Applicable;99;Unknown;98;Unknown if Notified;99;Unknown EMS Scene Arrival Hour;98;Unknown if Arrived;99;Unknown;98;Unknown if Transported;0;None;0;None;0;None;1;1
43;Puerto Rico;430252;2;2;0;0;2;2;0;72;PUERTO RICO (72);30;AGUADILLA;8;8;12;December;2018;7;Saturday;7;7:00am-7:59am;35;35;0;This section IS NOT on the NHS;4;County Road;CR-PASEO REAL AVE;INT SOL ST;1;Rural;4;Minor Arterial;2;County Highway Agency;0;None;888.888;Not Available;8.888.888;Not Available;0;No Special Jurisdiction;12;Motor Vehicle In-Transport;7;Sideswipe - Same Direction;0;No;1;Non-Junction;1;Not an Intersection;0;None;1;On Roadway;1;Daylight;1;Clear;0;No Additional Atmospheric Conditions;1;Clear;0;No;0;Not Applicable;7;7:00am-7:59am;46;46;7;7:00am-7:59am;51;51;88;Not Applicable (Not Transported);88;Not Applicable (Not Transported);0;None;0;None;0;None;1;1
43;Puerto Rico;430253;1;1;0;0;1;1;0;72;PUERTO RICO (72);980;TOA BAJA;9;9;12;December;2018;1;Sunday;5;5:00am-5:59am;0;0;0;This section IS NOT on the NHS;4;County Road;CR-867;;2;Urban;4;Minor Arterial;2;County Highway Agency;36;36;888.888;Not Available;8.888.888;Not Available;0;No Special Jurisdiction;30;Utility Pole/Light Support;0;Not a Collision with Motor Vehicle In-Transport;0;No;1;Non-Junction;1;Not an Intersection;0;None;4;On Roadside;2;Dark - Not Lighted;1;Clear;0;No Additional Atmospheric Conditions;1;Clear;0;No;0;Not Applicable;88;Not Applicable (Not Notified);88;Not Applicable (Not Notified);88;Not Applicable;88;Not Applicable;88;Not Applicable (Not Transported);88;Not Applicable (Not Transported);0;None;0;None;0;None;1;1
43;Puerto Rico;430254;1;1;0;2;1;1;2;72;PUERTO RICO (72);170;CAGUAS;10;10;12;December;2018;2;Monday;8;8:00am-8:59am;50;50;1;This section IS ON the NHS;1;Interstate;I-52;;1;Rural;1;Interstate;1;State Highway Agency;156;156;888.888;Not Available;8.888.888;Not Available;0;No Special Jurisdiction;8;Pedestrian;0;Not a Collision with Motor Vehicle In-Transport;0;No;1;Non-Junction;1;Not an Intersection;0;None;2;On Shoulder;1;Daylight;1;Clear;0;No Additional Atmospheric Conditions;1;Clear;0;No;0;Not Applicable;8;8:00am-8:59am;55;55;9;9:00am-9:59am;5;5;88;Not Applicable (Not Transported);88;Not Applicable (Not Transported);0;None;0;None;0;None;1;0
43;Puerto Rico;430255;1;1;0;0;3;3;0;72;PUERTO RICO (72);700;NARANJITO;10;10;12;December;2018;2;Monday;16;4:00pm-4:59pm;45;45;0;This section IS NOT on the NHS;4;County Road;CR-152;;1;Rural;4;Minor Arterial;2;County Highway Agency;129;129;888.888;Not Available;8.888.888;Not Available;0;No Special Jurisdiction;7;Other Non-Collision;0;Not a Collision with Motor Vehicle In-Transport;0;No;1;Non-Junction;1;Not an Intersection;0;None;5;Outside Trafficway;1;Daylight;1;Clear;0;No Additional Atmospheric Conditions;1;Clear;0;No;0;Not Applicable;99;Unknown;98;Unknown if Notified;99;Unknown EMS Scene Arrival Hour;98;Unknown if Arrived;99;Unknown;98;Unknown if Transported;0;None;0;None;0;None;1;0
43;Puerto Rico;430256;2;2;0;0;3;3;0;72;PUERTO RICO (72);1060;YAUCO;19;19;1;January;2018;6;Friday;12;12:00pm-12:59pm;5;5;0;This section IS NOT on the NHS;4;County Road;CR-128;;1;Rural;6;Minor Collector;2;County Highway Agency;30;30;888.888;Not Available;8.888.888;Not Available;0;No Special Jurisdiction;12;Motor Vehicle In-Transport;2;Front-to-Front;0;No;1;Non-Junction;1;Not an Intersection;0;None;1;On Roadway;1;Daylight;1;Clear;0;No Additional Atmospheric Conditions;1;Clear;0;No;0;Not Applicable;99;Unknown;98;Unknown if Notified;99;Unknown EMS Scene Arrival Hour;98;Unknown if Arrived;99;Unknown;98;Unknown if Transported;0;None;0;None;0;None;1;0
43;Puerto Rico;430257;1;1;0;1;1;1;1;72;PUERTO RICO (72);30;AGUADILLA;27;27;3;March;2018;3;Tuesday;19;7:00pm-7:59pm;30;30;1;This section IS ON the NHS;4;County Road;CR-107;;1;Rural;3;Principal Arterial - Other;2;County Highway Agency;22;22;888.888;Not Available;8.888.888;Not Available;0;No Special Jurisdiction;8;Pedestrian;0;Not a Collision with Motor Vehicle In-Transport;0;No;1;Non-Junction;1;Not an Intersection;0;None;1;On Roadway;2;Dark - Not Lighted;1;Clear;0;No Additional Atmospheric Conditions;1;Clear;0;No;0;Not Applicable;19;7:00pm-7:59pm;45;45;20;8:00pm-8:59pm;0;0;88;Not Applicable (Not Transported);88;Not Applicable (Not Transported);0;None;0;None;0;None;1;0
43;Puerto Rico;430258;1;1;0;1;1;1;1;72;PUERTO RICO (72);960;SANTA ISABEL;31;31;3;March;2018;7;Saturday;17;5:00pm-5:59pm;0;0;0;This section IS NOT on the NHS;4;County Road;CR-1;;1;Rural;4;Minor Arterial;2;County Highway Agency;1025;1025;888.888;Not Available;8.888.888;Not Available;0;No Special Jurisdiction;9;Pedalcyclist;0;Not a Collision with Motor Vehicle In-Transport;0;No;1;Non-Junction;1;Not an Intersection;0;None;1;On Roadway;1;Daylight;1;Clear;0;No Additional Atmospheric Conditions;1;Clear;0;No;0;Not Applicable;88;Not Applicable (Not Notified);88;Not Applicable (Not Notified);88;Not Applicable;88;Not Applicable;88;Not Applicable (Not Transported);88;Not Applicable (Not Transported);0;None;0;None;0;None;1;0
43;Puerto Rico;430259;2;2;0;0;2;2;0;72;PUERTO RICO (72);420;GUANICA;3;3;6;June;2018;1;Sunday;19;7:00pm-7:59pm;5;5;1;This section IS ON the NHS;1;Interstate;I-2;;1;Rural;1;Interstate;1;State Highway Agency;1897;1897;888.888;Not Available;8.888.888;Not Available;0;No Special Jurisdiction;12;Motor Vehicle In-Transport;1;Front-to-Rear;0;No;1;Non-Junction;1;Not an Intersection;0;None;1;On Roadway;1;Daylight;1;Clear;0;No Additional Atmospheric Conditions;1;Clear;0;No;0;Not Applicable;88;Not Applicable (Not Notified);88;Not Applicable (Not Notified);88;Not Applicable;88;Not Applicable;88;Not Applicable (Not Transported);88;Not Applicable (Not Transported);0;None;0;None;0;None;1;0
43;Puerto Rico;430260;2;2;0;0;2;2;0;72;PUERTO RICO (72);620;MANATI;6;6;7;July;2018;6;Friday;2;2:00am-2:59am;10;10;1;This section IS ON the NHS;4;County Road;CR-149;;1;Rural;3;Principal Arterial - Other;2;County Highway Agency;59;59;888.888;Not Available;8.888.888;Not Available;0;No Special Jurisdiction;12;Motor Vehicle In-Transport;6;Angle;0;No;1;Non-Junction;1;Not an Intersection;0;None;1;On Roadway;2;Dark - Not Lighted;1;Clear;0;No Additional Atmospheric Conditions;1;Clear;0;No;0;Not Applicable;99;Unknown;98;Unknown if Notified;99;Unknown EMS Scene Arrival Hour;98;Unknown if Arrived;99;Unknown;98;Unknown if Transported;0;None;0;None;0;None;1;1
43;Puerto Rico;430261;1;1;0;1;1;1;1;72;PUERTO RICO (72);760;PONCE;8;8;8;August;2018;4;Wednesday;1;1:00am-1:59am;50;50;0;This section IS NOT on the NHS;4;County Road;CR-VICTORIA ST;;1;Rural;4;Minor Arterial;2;County Highway Agency;0;None;888.888;Not Available;8.888.888;Not Available;0;No Special Jurisdiction;8;Pedestrian;0;Not a Collision with Motor Vehicle In-Transport;0;No;1;Non-Junction;1;Not an Intersection;0;None;1;On Roadway;2;Dark - Not Lighted;1;Clear;0;No Additional Atmospheric Conditions;1;Clear;0;No;0;Not Applicable;88;Not Applicable (Not Notified);88;Not Applicable (Not Notified);88;Not Applicable;88;Not Applicable;88;Not Applicable (Not Transported);88;Not Applicable (Not Transported);0;None;0;None;0;None;1;1
43;Puerto Rico;430262;1;1;0;1;1;1;1;72;PUERTO RICO (72);140;BAYAMON, BAYAMON;10;10;9;September;2018;2;Monday;12;12:00pm-12:59pm;57;57;1;This section IS ON the NHS;4;County Road;CR-5;INT MANUEL ROSSI ST;2;Urban;3;Principal Arterial - Other;2;County Highway Agency;0;None;888.888;Not Available;8.888.888;Not Available;0;No Special Jurisdiction;8;Pedestrian;0;Not a Collision with Motor Vehicle In-Transport;0;No;1;Non-Junction;1;Not an Intersection;0;None;1;On Roadway;1;Daylight;1;Clear;0;No Additional Atmospheric Conditions;1;Clear;0;No;0;Not Applicable;88;Not Applicable (Not Notified);88;Not Applicable (Not Notified);88;Not Applicable;88;Not Applicable;88;Not Applicable (Not Transported);88;Not Applicable (Not Transported);0;None;0;None;0;None;1;0
43;Puerto Rico;430263;1;1;0;1;1;1;1;72;PUERTO RICO (72);430;GUAYAMA;29;29;9;September;2018;7;Saturday;2;2:00am-2:59am;20;20;0;This section IS NOT on the NHS;4;County Road;CR-3;;1;Rural;4;Minor Arterial;2;County Highway Agency;1342;1342;888.888;Not Available;8.888.888;Not Available;0;No Special Jurisdiction;8;Pedestrian;0;Not a Collision with Motor Vehicle In-Transport;0;No;1;Non-Junction;1;Not an Intersection;0;None;1;On Roadway;2;Dark - Not Lighted;2;Rain;0;No Additional Atmospheric Conditions;2;Rain;0;No;0;Not Applicable;88;Not Applicable (Not Notified);88;Not Applicable (Not Notified);88;Not Applicable;88;Not Applicable;88;Not Applicable (Not Transported);88;Not Applicable (Not Transported);0;None;0;None;0;None;1;0
43;Puerto Rico;430264;1;1;0;1;1;1;1;72;PUERTO RICO (72);140;BAYAMON, BAYAMON;5;5;10;October;2018;6;Friday;4;4:00am-4:59am;21;21;1;This section IS ON the NHS;4;County Road;CR-2;;2;Urban;3;Principal Arterial - Other;2;County Highway Agency;146;146;888.888;Not Available;8.888.888;Not Available;0;No Special Jurisdiction;8;Pedestrian;0;Not a Collision with Motor Vehicle In-Transport;0;No;1;Non-Junction;1;Not an Intersection;0;None;1;On Roadway;2;Dark - Not Lighted;1;Clear;0;No Additional Atmospheric Conditions;1;Clear;0;No;0;Not Applicable;88;Not Applicable (Not Notified);88;Not Applicable (Not Notified);88;Not Applicable;88;Not Applicable;88;Not Applicable (Not Transported);88;Not Applicable (Not Transported);0;None;0;None;0;None;1;0
43;Puerto Rico;430265;1;1;0;0;1;1;0;72;PUERTO RICO (72);760;PONCE;21;21;11;November;2018;4;Wednesday;21;9:00pm-9:59pm;20;20;0;This section IS NOT on the NHS;4;County Road;CR-511;;1;Rural;6;Minor Collector;2;County Highway Agency;93;93;888.888;Not Available;8.888.888;Not Available;0;No Special Jurisdiction;3;Immersion or Partial Immersion;0;Not a Collision with Motor Vehicle In-Transport;0;No;1;Non-Junction;1;Not an Intersection;0;None;5;Outside Trafficway;2;Dark - Not Lighted;1;Clear;0;No Additional Atmospheric Conditions;1;Clear;0;No;0;Not Applicable;88;Not Applicable (Not Notified);88;Not Applicable (Not Notified);88;Not Applicable;88;Not Applicable;88;Not Applicable (Not Transported);88;Not Applicable (Not Transported);0;None;0;None;0;None;1;1
43;Puerto Rico;430266;2;2;0;0;2;2;0;72;PUERTO RICO (72);530;JUANA DIAZ;28;28;11;November;2018;4;Wednesday;13;1:00pm-1:59pm;0;0;0;This section IS NOT on the NHS;4;County Road;CR-1;;1;Rural;4;Minor Arterial;2;County Highway Agency;1116;1116;888.888;Not Available;8.888.888;Not Available;0;No Special Jurisdiction;12;Motor Vehicle In-Transport;2;Front-to-Front;0;No;1;Non-Junction;1;Not an Intersection;0;None;1;On Roadway;1;Daylight;1;Clear;0;No Additional Atmospheric Conditions;1;Clear;0;No;0;Not Applicable;88;Not Applicable (Not Notified);88;Not Applicable (Not Notified);88;Not Applicable;88;Not Applicable;88;Not Applicable (Not Transported);88;Not Applicable (Not Transported);0;None;0;None;0;None;1;0
43;Puerto Rico;430267;1;1;0;1;1;1;1;72;PUERTO RICO (72);930;SAN JUAN;29;29;11;November;2018;5;Thursday;14;2:00pm-2:59pm;50;50;1;This section IS ON the NHS;4;County Road;CR-181;INT JULIO ANDINO ST;2;Urban;3;Principal Arterial - Other;2;County Highway Agency;0;None;888.888;Not Available;8.888.888;Not Available;0;No Special Jurisdiction;9;Pedalcyclist;0;Not a Collision with Motor Vehicle In-Transport;1;Yes;3;Intersection-Related;3;T-Intersection;0;None;1;On Roadway;1;Daylight;1;Clear;0;No Additional Atmospheric Conditions;1;Clear;0;No;0;Not Applicable;88;Not Applicable (Not Notified);88;Not Applicable (Not Notified);88;Not Applicable;88;Not Applicable;88;Not Applicable (Not Transported);88;Not Applicable (Not Transported);0;None;0;None;0;None;1;0
43;Puerto Rico;430268;1;1;0;1;1;1;1;72;PUERTO RICO (72);930;SAN JUAN;7;7;12;December;2018;6;Friday;23;11:00pm-11:59pm;50;50;1;This section IS ON the NHS;4;County Road;CR-1;;1;Rural;3;Principal Arterial - Other;2;County Highway Agency;122;122;888.888;Not Available;8.888.888;Not Available;0;No Special Jurisdiction;8;Pedestrian;0;Not a Collision with Motor Vehicle In-Transport;0;No;1;Non-Junction;1;Not an Intersection;0;None;1;On Roadway;2;Dark - Not Lighted;1;Clear;0;No Additional Atmospheric Conditions;1;Clear;0;No;0;Not Applicable;88;Not Applicable (Not Notified);88;Not Applicable (Not Notified);88;Not Applicable;88;Not Applicable;88;Not Applicable (Not Transported);88;Not Applicable (Not Transported);0;None;0;None;0;None;1;0
43;Puerto Rico;430269;1;1;0;0;1;1;0;72;PUERTO RICO (72);140;BAYAMON, BAYAMON;9;9;12;December;2018;1;Sunday;22;10:00pm-10:59pm;30;30;1;This section IS ON the NHS;4;County Road;CR-5;;1;Rural;3;Principal Arterial - Other;2;County Highway Agency;0;None;888.888;Not Available;8.888.888;Not Available;0;No Special Jurisdiction;25;Concrete Traffic Barrier;0;Not a Collision with Motor Vehicle In-Transport;0;No;1;Non-Junction;1;Not an Intersection;0;None;4;On Roadside;3;Dark - Lighted;1;Clear;0;No Additional Atmospheric Conditions;1;Clear;0;No;0;Not Applicable;88;Not Applicable (Not Notified);88;Not Applicable (Not Notified);88;Not Applicable;88;Not Applicable;88;Not Applicable (Not Transported);88;Not Applicable (Not Transported);0;None;0;None;0;None;1;1
43;Puerto Rico;430270;1;1;0;0;1;1;0;72;PUERTO RICO (72);710;OROCOVIS;10;10;12;December;2018;2;Monday;10;10:00am-10:59am;31;31;0;This section IS NOT on the NHS;4;County Road;CR-569;;1;Rural;6;Minor Collector;2;County Highway Agency;18;18;888.888;Not Available;8.888.888;Not Available;0;No Special Jurisdiction;1;Rollover/Overturn;0;Not a Collision with Motor Vehicle In-Transport;0;No;1;Non-Junction;1;Not an Intersection;0;None;5;Outside Trafficway;1;Daylight;1;Clear;0;No Additional Atmospheric Conditions;1;Clear;0;No;0;Not Applicable;88;Not Applicable (Not Notified);88;Not Applicable (Not Notified);88;Not Applicable;88;Not Applicable;88;Not Applicable (Not Transported);88;Not Applicable (Not Transported);0;None;0;None;0;None;1;0
43;Puerto Rico;430271;1;1;0;1;1;1;1;72;PUERTO RICO (72);930;SAN JUAN;12;12;12;December;2018;4;Wednesday;7;7:00am-7:59am;30;30;1;This section IS ON the NHS;4;County Road;CR-17;;2;Urban;3;Principal Arterial - Other;2;County Highway Agency;74;74;888.888;Not Available;8.888.888;Not Available;0;No Special Jurisdiction;9;Pedalcyclist;0;Not a Collision with Motor Vehicle In-Transport;0;No;1;Non-Junction;1;Not an Intersection;0;None;1;On Roadway;1;Daylight;1;Clear;0;No Additional Atmospheric Conditions;1;Clear;0;No;0;Not Applicable;88;Not Applicable (Not Notified);88;Not Applicable (Not Notified);88;Not Applicable;88;Not Applicable;88;Not Applicable (Not Transported);88;Not Applicable (Not Transported);0;None;0;None;0;None;1;0
43;Puerto Rico;430272;1;1;0;1;1;1;1;72;PUERTO RICO (72);540;JUNCOS;13;13;12;December;2018;5;Thursday;10;10:00am-10:59am;18;18;1;This section IS ON the NHS;4;County Road;CR-30;;2;Urban;3;Principal Arterial - Other;2;County Highway Agency;132;132;888.888;Not Available;8.888.888;Not Available;0;No Special Jurisdiction;8;Pedestrian;0;Not a Collision with Motor Vehicle In-Transport;0;No;1;Non-Junction;1;Not an Intersection;0;None;1;On Roadway;1;Daylight;1;Clear;0;No Additional Atmospheric Conditions;1;Clear;0;No;0;Not Applicable;88;Not Applicable (Not Notified);88;Not Applicable (Not Notified);88;Not Applicable;88;Not Applicable;88;Not Applicable (Not Transported);88;Not Applicable (Not Transported);0;None;0;None;0;None;1;0
43;Puerto Rico;430273;1;1;0;1;1;1;1;72;PUERTO RICO (72);310;COMERIO;16;16;12;December;2018;1;Sunday;0;0:00am-0:59am;15;15;0;This section IS NOT on the NHS;4;County Road;CR-780;;1;Rural;7;Local;2;County Highway Agency;56;56;888.888;Not Available;8.888.888;Not Available;0;No Special Jurisdiction;8;Pedestrian;0;Not a Collision with Motor Vehicle In-Transport;0;No;1;Non-Junction;1;Not an Intersection;0;None;1;On Roadway;2;Dark - Not Lighted;1;Clear;0;No Additional Atmospheric Conditions;1;Clear;0;No;0;Not Applicable;88;Not Applicable (Not Notified);88;Not Applicable (Not Notified);88;Not Applicable;88;Not Applicable;88;Not Applicable (Not Transported);88;Not Applicable (Not Transported);0;None;0;None;0;None;1;0
43;Puerto Rico;430274;1;1;0;1;1;1;1;72;PUERTO RICO (72);930;SAN JUAN;17;17;12;December;2018;2;Monday;1;1:00am-1:59am;26;26;1;This section IS ON the NHS;4;County Road;CR-3;INT BARBOSA AVE;2;Urban;3;Principal Arterial - Other;2;County Highway Agency;0;None;888.888;Not Available;8.888.888;Not Available;0;No Special Jurisdiction;8;Pedestrian;0;Not a Collision with Motor Vehicle In-Transport;0;No;1;Non-Junction;1;Not an Intersection;0;None;1;On Roadway;2;Dark - Not Lighted;1;Clear;0;No Additional Atmospheric Conditions;1;Clear;0;No;0;Not Applicable;88;Not Applicable (Not Notified);88;Not Applicable (Not Notified);88;Not Applicable;88;Not Applicable;88;Not Applicable (Not Transported);88;Not Applicable (Not Transported);0;None;0;None;0;None;1;0
43;Puerto Rico;430275;1;1;0;1;4;4;1;72;PUERTO RICO (72);130;BARRANQUITAS;23;23;12;December;2018;1;Sunday;15;3:00pm-3:59pm;45;45;0;This section IS NOT on the NHS;4;County Road;CR-152;;1;Rural;4;Minor Arterial;2;County Highway Agency;90;90;888.888;Not Available;8.888.888;Not Available;0;No Special Jurisdiction;15;Non-Motorist on Personal Conveyance;0;Not a Collision with Motor Vehicle In-Transport;0;No;1;Non-Junction;1;Not an Intersection;0;None;1;On Roadway;1;Daylight;2;Rain;0;No Additional Atmospheric Conditions;2;Rain;0;No;0;Not Applicable;99;Unknown;98;Unknown if Notified;99;Unknown EMS Scene Arrival Hour;98;Unknown if Arrived;99;Unknown;98;Unknown if Transported;0;None;0;None;0;None;1;0
43;Puerto Rico;430276;1;1;0;0;1;1;0;72;PUERTO RICO (72);690;NAGUABO;24;24;12;December;2018;2;Monday;1;1:00am-1:59am;45;45;0;This section IS NOT on the NHS;4;County Road;CR-31;;1;Rural;4;Minor Arterial;2;County Highway Agency;14;14;888.888;Not Available;8.888.888;Not Available;0;No Special Jurisdiction;42;Tree (Standing Only);0;Not a Collision with Motor Vehicle In-Transport;0;No;1;Non-Junction;1;Not an Intersection;0;None;5;Outside Trafficway;2;Dark - Not Lighted;1;Clear;0;No Additional Atmospheric Conditions;1;Clear;0;No;0;Not Applicable;88;Not Applicable (Not Notified);88;Not Applicable (Not Notified);88;Not Applicable;88;Not Applicable;88;Not Applicable (Not Transported);88;Not Applicable (Not Transported);0;None;0;None;0;None;1;1
43;Puerto Rico;430277;1;1;0;1;1;1;1;72;PUERTO RICO (72);990;TRUJILLO ALTO;24;24;2;February;2018;7;Saturday;22;10:00pm-10:59pm;13;13;0;This section IS NOT on the NHS;4;County Road;CR-846;;1;Rural;4;Minor Arterial;2;County Highway Agency;0;None;888.888;Not Available;8.888.888;Not Available;0;No Special Jurisdiction;8;Pedestrian;0;Not a Collision with Motor Vehicle In-Transport;0;No;1;Non-Junction;1;Not an Intersection;0;None;1;On Roadway;2;Dark - Not Lighted;1;Clear;0;No Additional Atmospheric Conditions;1;Clear;0;No;0;Not Applicable;88;Not Applicable (Not Notified);88;Not Applicable (Not Notified);88;Not Applicable;88;Not Applicable;88;Not Applicable (Not Transported);88;Not Applicable (Not Transported);0;None;0;None;0;None;1;0
43;Puerto Rico;430278;2;2;0;0;3;3;0;72;PUERTO RICO (72);190;CANOVANAS, CANOVANAS;7;7;5;May;2018;2;Monday;17;5:00pm-5:59pm;37;37;0;This section IS NOT on the NHS;4;County Road;CR-CALIUPSI ST;INT BEGONIA ST;2;Urban;7;Local;2;County Highway Agency;0;None;888.888;Not Available;8.888.888;Not Available;0;No Special Jurisdiction;12;Motor Vehicle In-Transport;2;Front-to-Front;0;No;1;Non-Junction;1;Not an Intersection;0;None;1;On Roadway;1;Daylight;1;Clear;0;No Additional Atmospheric Conditions;1;Clear;0;No;0;Not Applicable;17;5:00pm-5:59pm;40;40;18;6:00pm-6:59pm;10;10;88;Not Applicable (Not Transported);88;Not Applicable (Not Transported);0;None;0;None;0;None;1;0
43;Puerto Rico;430279;1;1;0;0;1;1;0;72;PUERTO RICO (72);900;SALINAS, SALINAS;26;26;5;May;2018;7;Saturday;16;4:00pm-4:59pm;54;54;0;This section IS NOT on the NHS;4;County Road;CR-706;;1;Rural;4;Minor Arterial;2;County Highway Agency;10;10;888.888;Not Available;8.888.888;Not Available;0;No Special Jurisdiction;30;Utility Pole/Light Support;0;Not a Collision with Motor Vehicle In-Transport;0;No;1;Non-Junction;1;Not an Intersection;0;None;4;On Roadside;1;Daylight;1;Clear;0;No Additional Atmospheric Conditions;1;Clear;0;No;0;Not Applicable;16;4:00pm-4:59pm;56;56;17;5:00pm-5:59pm;0;0;88;Not Applicable (Not Transported);88;Not Applicable (Not Transported);0;None;0;None;0;None;1;1
43;Puerto Rico;430280;1;1;0;2;1;1;2;72;PUERTO RICO (72);200;CAROLINA;4;4;6;June;2018;2;Monday;0;0:00am-0:59am;25;25;0;This section IS NOT on the NHS;4;County Road;CR-MARGINAL VILLA MAR;;2;Urban;7;Local;2;County Highway Agency;0;None;888.888;Not Available;8.888.888;Not Available;0;No Special Jurisdiction;8;Pedestrian;0;Not a Collision with Motor Vehicle In-Transport;0;No;1;Non-Junction;1;Not an Intersection;0;None;1;On Roadway;2;Dark - Not Lighted;1;Clear;0;No Additional Atmospheric Conditions;1;Clear;0;No;0;Not Applicable;88;Not Applicable (Not Notified);88;Not Applicable (Not Notified);88;Not Applicable;88;Not Applicable;88;Not Applicable (Not Transported);88;Not Applicable (Not Transported);23;Indication of a Stalled/Disabled Vehicle;0;None;0;None;1;1
43;Puerto Rico;430281;1;1;0;0;1;1;0;72;PUERTO RICO (72);230;CAYEY;7;7;6;June;2018;5;Thursday;4;4:00am-4:59am;38;38;0;This section IS NOT on the NHS;4;County Road;CR-MARGINAL LA LEY AVE;;1;Rural;7;Local;2;County Highway Agency;8;8;888.888;Not Available;8.888.888;Not Available;0;No Special Jurisdiction;42;Tree (Standing Only);0;Not a Collision with Motor Vehicle In-Transport;0;No;1;Non-Junction;1;Not an Intersection;0;None;6;Off Roadway-Location Unknown;4;Dawn;1;Clear;0;No Additional Atmospheric Conditions;1;Clear;0;No;0;Not Applicable;88;Not Applicable (Not Notified);88;Not Applicable (Not Notified);88;Not Applicable;88;Not Applicable;88;Not Applicable (Not Transported);88;Not Applicable (Not Transported);0;None;0;None;0;None;1;0
43;Puerto Rico;430282;1;1;0;0;2;2;0;72;PUERTO RICO (72);200;CAROLINA;20;20;8;August;2018;2;Monday;10;10:00am-10:59am;11;11;1;This section IS ON the NHS;4;County Road;CR-3;;2;Urban;1;Interstate;1;State Highway Agency;0;None;888.888;Not Available;8.888.888;Not Available;0;No Special Jurisdiction;39;Wall;0;Not a Collision with Motor Vehicle In-Transport;0;No;1;Non-Junction;1;Not an Intersection;0;None;6;Off Roadway-Location Unknown;1;Daylight;1;Clear;0;No Additional Atmospheric Conditions;1;Clear;0;No;0;Not Applicable;99;Unknown;98;Unknown if Notified;99;Unknown EMS Scene Arrival Hour;98;Unknown if Arrived;99;Unknown;98;Unknown if Transported;0;None;0;None;0;None;1;0
43;Puerto Rico;430283;1;1;0;1;2;2;1;72;PUERTO RICO (72);990;TRUJILLO ALTO;22;22;8;August;2018;4;Wednesday;4;4:00am-4:59am;43;43;1;This section IS ON the NHS;4;County Road;CR-181;;2;Urban;3;Principal Arterial - Other;2;County Highway Agency;641;641;888.888;Not Available;8.888.888;Not Available;0;No Special Jurisdiction;8;Pedestrian;0;Not a Collision with Motor Vehicle In-Transport;0;No;1;Non-Junction;1;Not an Intersection;0;None;1;On Roadway;2;Dark - Not Lighted;1;Clear;0;No Additional Atmospheric Conditions;1;Clear;0;No;0;Not Applicable;99;Unknown;98;Unknown if Notified;99;Unknown EMS Scene Arrival Hour;98;Unknown if Arrived;99;Unknown;98;Unknown if Transported;0;None;0;None;0;None;1;0
43;Puerto Rico;430284;1;1;0;0;1;1;0;72;PUERTO RICO (72);530;JUANA DIAZ;16;16;9;September;2018;1;Sunday;2;2:00am-2:59am;15;15;1;This section IS ON the NHS;1;Interstate;I-52;;1;Rural;1;Interstate;1;State Highway Agency;882;882;888.888;Not Available;8.888.888;Not Available;0;No Special Jurisdiction;25;Concrete Traffic Barrier;0;Not a Collision with Motor Vehicle In-Transport;0;No;1;Non-Junction;1;Not an Intersection;0;None;4;On Roadside;2;Dark - Not Lighted;2;Rain;0;No Additional Atmospheric Conditions;2;Rain;0;No;0;Not Applicable;88;Not Applicable (Not Notified);88;Not Applicable (Not Notified);88;Not Applicable;88;Not Applicable;88;Not Applicable (Not Transported);88;Not Applicable (Not Transported);0;None;0;None;0;None;1;1
43;Puerto Rico;430285;1;1;0;1;1;1;1;72;PUERTO RICO (72);200;CAROLINA;13;13;12;December;2018;5;Thursday;19;7:00pm-7:59pm;0;0;0;This section IS NOT on the NHS;4;County Road;CR-860;;2;Urban;4;Minor Arterial;2;County Highway Agency;4;4;888.888;Not Available;8.888.888;Not Available;0;No Special Jurisdiction;8;Pedestrian;0;Not a Collision with Motor Vehicle In-Transport;0;No;1;Non-Junction;1;Not an Intersection;0;None;1;On Roadway;2;Dark - Not Lighted;1;Clear;0;No Additional Atmospheric Conditions;1;Clear;0;No;0;Not Applicable;88;Not Applicable (Not Notified);88;Not Applicable (Not Notified);88;Not Applicable;88;Not Applicable;88;Not Applicable (Not Transported);88;Not Applicable (Not Transported);0;None;0;None;0;None;1;0
43;Puerto Rico;430286;1;1;0;0;1;1;0;72;PUERTO RICO (72);360;DORADO;14;14;12;December;2018;6;Friday;7;7:00am-7:59am;11;11;0;This section IS NOT on the NHS;4;County Road;CR-693;;1;Rural;4;Minor Arterial;2;County Highway Agency;53;53;888.888;Not Available;8.888.888;Not Available;0;No Special Jurisdiction;42;Tree (Standing Only);0;Not a Collision with Motor Vehicle In-Transport;0;No;1;Non-Junction;1;Not an Intersection;0;None;6;Off Roadway-Location Unknown;2;Dark - Not Lighted;2;Rain;0;No Additional Atmospheric Conditions;2;Rain;0;No;0;Not Applicable;88;Not Applicable (Not Notified);88;Not Applicable (Not Notified);88;Not Applicable;88;Not Applicable;88;Not Applicable (Not Transported);88;Not Applicable (Not Transported);0;None;0;None;0;None;1;0
43;Puerto Rico;430287;2;2;0;0;3;3;0;72;PUERTO RICO (72);170;CAGUAS;16;16;12;December;2018;1;Sunday;2;2:00am-2:59am;42;42;1;This section IS ON the NHS;4;County Road;CR-172;;1;Rural;3;Principal Arterial - Other;2;County Highway Agency;247;247;888.888;Not Available;8.888.888;Not Available;0;No Special Jurisdiction;12;Motor Vehicle In-Transport;2;Front-to-Front;0;No;1;Non-Junction;1;Not an Intersection;0;None;1;On Roadway;2;Dark - Not Lighted;1;Clear;0;No Additional Atmospheric Conditions;1;Clear;0;No;0;Not Applicable;99;Unknown;98;Unknown if Notified;99;Unknown EMS Scene Arrival Hour;98;Unknown if Arrived;99;Unknown;98;Unknown if Transported;0;None;0;None;0;None;1;2
43;Puerto Rico;430288;2;2;0;0;2;2;0;72;PUERTO RICO (72);470;HATILLO;19;19;12;December;2018;4;Wednesday;9;9:00am-9:59am;37;37;0;This section IS NOT on the NHS;4;County Road;CR-492;;1;Rural;5;Major Collector;2;County Highway Agency;19;19;888.888;Not Available;8.888.888;Not Available;0;No Special Jurisdiction;12;Motor Vehicle In-Transport;2;Front-to-Front;0;No;1;Non-Junction;1;Not an Intersection;0;None;1;On Roadway;1;Daylight;1;Clear;0;No Additional Atmospheric Conditions;1;Clear;0;No;0;Not Applicable;88;Not Applicable (Not Notified);88;Not Applicable (Not Notified);88;Not Applicable;88;Not Applicable;88;Not Applicable (Not Transported);88;Not Applicable (Not Transported);0;None;0;None;0;None;1;1
43;Puerto Rico;430289;1;1;0;1;1;1;1;72;PUERTO RICO (72);140;BAYAMON, BAYAMON;20;20;12;December;2018;5;Thursday;5;5:00am-5:59am;20;20;1;This section IS ON the NHS;4;County Road;CR-2;;2;Urban;3;Principal Arterial - Other;2;County Highway Agency;85;85;888.888;Not Available;8.888.888;Not Available;0;No Special Jurisdiction;8;Pedestrian;0;Not a Collision with Motor Vehicle In-Transport;0;No;1;Non-Junction;1;Not an Intersection;0;None;1;On Roadway;2;Dark - Not Lighted;1;Clear;0;No Additional Atmospheric Conditions;1;Clear;0;No;0;Not Applicable;88;Not Applicable (Not Notified);88;Not Applicable (Not Notified);88;Not Applicable;88;Not Applicable;88;Not Applicable (Not Transported);88;Not Applicable (Not Transported);0;None;0;None;0;None;1;0
43;Puerto Rico;430290;3;3;0;0;3;3;0;72;PUERTO RICO (72);930;SAN JUAN;21;21;12;December;2018;6;Friday;23;11:00pm-11:59pm;56;56;1;This section IS ON the NHS;1;Interstate;I-52;;1;Rural;1;Interstate;1;State Highway Agency;54;54;888.888;Not Available;8.888.888;Not Available;0;No Special Jurisdiction;12;Motor Vehicle In-Transport;6;Angle;0;No;1;Non-Junction;1;Not an Intersection;0;None;1;On Roadway;2;Dark - Not Lighted;1;Clear;0;No Additional Atmospheric Conditions;1;Clear;0;No;0;Not Applicable;99;Unknown;98;Unknown if Notified;99;Unknown EMS Scene Arrival Hour;98;Unknown if Arrived;99;Unknown;98;Unknown if Transported;0;None;0;None;0;None;1;1
43;Puerto Rico;430291;1;1;0;0;1;1;0;72;PUERTO RICO (72);140;BAYAMON, BAYAMON;22;22;12;December;2018;7;Saturday;1;1:00am-1:59am;26;26;0;This section IS NOT on the NHS;4;County Road;CR-864;;1;Rural;4;Minor Arterial;2;County Highway Agency;0;None;888.888;Not Available;8.888.888;Not Available;0;No Special Jurisdiction;25;Concrete Traffic Barrier;0;Not a Collision with Motor Vehicle In-Transport;0;No;1;Non-Junction;1;Not an Intersection;0;None;3;On Median;2;Dark - Not Lighted;1;Clear;0;No Additional Atmospheric Conditions;1;Clear;0;No;0;Not Applicable;99;Unknown;98;Unknown if Notified;99;Unknown EMS Scene Arrival Hour;98;Unknown if Arrived;99;Unknown;98;Unknown if Transported;0;None;0;None;0;None;1;0
43;Puerto Rico;430292;1;1;0;1;1;1;1;72;PUERTO RICO (72);270;CIALES;22;22;12;December;2018;7;Saturday;5;5:00am-5:59am;15;15;1;This section IS ON the NHS;4;County Road;CR-149;;1;Rural;3;Principal Arterial - Other;2;County Highway Agency;111;111;888.888;Not Available;8.888.888;Not Available;0;No Special Jurisdiction;8;Pedestrian;0;Not a Collision with Motor Vehicle In-Transport;0;No;1;Non-Junction;1;Not an Intersection;0;None;1;On Roadway;2;Dark - Not Lighted;1;Clear;0;No Additional Atmospheric Conditions;1;Clear;0;No;0;Not Applicable;99;Unknown;98;Unknown if Notified;99;Unknown EMS Scene Arrival Hour;98;Unknown if Arrived;99;Unknown;98;Unknown if Transported;0;None;0;None;0;None;1;0
43;Puerto Rico;430293;1;1;0;0;1;1;0;72;PUERTO RICO (72);700;NARANJITO;23;23;12;December;2018;1;Sunday;1;1:00am-1:59am;10;10;0;This section IS NOT on the NHS;4;County Road;CR-5;;1;Rural;3;Principal Arterial - Other;2;County Highway Agency;214;214;888.888;Not Available;8.888.888;Not Available;0;No Special Jurisdiction;25;Concrete Traffic Barrier;0;Not a Collision with Motor Vehicle In-Transport;0;No;1;Non-Junction;1;Not an Intersection;0;None;3;On Median;2;Dark - Not Lighted;1;Clear;0;No Additional Atmospheric Conditions;1;Clear;0;No;0;Not Applicable;99;Unknown;98;Unknown if Notified;99;Unknown EMS Scene Arrival Hour;98;Unknown if Arrived;99;Unknown;98;Unknown if Transported;0;None;0;None;0;None;1;1
43;Puerto Rico;430294;1;1;0;3;1;1;3;72;PUERTO RICO (72);940;SN LORENZO, SN LORENZO;23;23;12;December;2018;1;Sunday;20;8:00pm-8:59pm;50;50;0;This section IS NOT on the NHS;4;County Road;CR-788;;1;Rural;6;Minor Collector;2;County Highway Agency;28;28;888.888;Not Available;8.888.888;Not Available;0;No Special Jurisdiction;8;Pedestrian;0;Not a Collision with Motor Vehicle In-Transport;0;No;1;Non-Junction;1;Not an Intersection;0;None;1;On Roadway;2;Dark - Not Lighted;1;Clear;0;No Additional Atmospheric Conditions;1;Clear;0;No;0;Not Applicable;99;Unknown;98;Unknown if Notified;99;Unknown EMS Scene Arrival Hour;98;Unknown if Arrived;99;Unknown;98;Unknown if Transported;0;None;0;None;0;None;2;1
43;Puerto Rico;430295;1;1;0;1;2;2;1;72;PUERTO RICO (72);760;PONCE;24;24;12;December;2018;2;Monday;19;7:00pm-7:59pm;18;18;0;This section IS NOT on the NHS;4;County Road;CR-133;;2;Urban;4;Minor Arterial;2;County Highway Agency;11;11;888.888;Not Available;8.888.888;Not Available;0;No Special Jurisdiction;8;Pedestrian;0;Not a Collision with Motor Vehicle In-Transport;0;No;1;Non-Junction;1;Not an Intersection;0;None;1;On Roadway;2;Dark - Not Lighted;1;Clear;0;No Additional Atmospheric Conditions;1;Clear;0;No;0;Not Applicable;99;Unknown;98;Unknown if Notified;99;Unknown EMS Scene Arrival Hour;98;Unknown if Arrived;99;Unknown;98;Unknown if Transported;0;None;0;None;0;None;1;0
43;Puerto Rico;430296;2;2;0;0;5;5;0;72;PUERTO RICO (72);690;NAGUABO;25;25;12;December;2018;3;Tuesday;1;1:00am-1:59am;11;11;1;This section IS ON the NHS;1;Interstate;I-53;;1;Rural;1;Interstate;1;State Highway Agency;240;240;888.888;Not Available;8.888.888;Not Available;0;No Special Jurisdiction;12;Motor Vehicle In-Transport;1;Front-to-Rear;0;No;1;Non-Junction;1;Not an Intersection;0;None;1;On Roadway;2;Dark - Not Lighted;1;Clear;0;No Additional Atmospheric Conditions;1;Clear;0;No;0;Not Applicable;99;Unknown;98;Unknown if Notified;99;Unknown EMS Scene Arrival Hour;98;Unknown if Arrived;99;Unknown;98;Unknown if Transported;0;None;0;None;0;None;1;0
43;Puerto Rico;430297;1;1;0;1;1;1;1;72;PUERTO RICO (72);200;CAROLINA;27;27;12;December;2018;5;Thursday;5;5:00am-5:59am;35;35;1;This section IS ON the NHS;1;Interstate;I-26;;1;Rural;1;Interstate;1;State Highway Agency;132;132;888.888;Not Available;8.888.888;Not Available;0;No Special Jurisdiction;8;Pedestrian;0;Not a Collision with Motor Vehicle In-Transport;0;No;1;Non-Junction;1;Not an Intersection;0;None;1;On Roadway;2;Dark - Not Lighted;1;Clear;0;No Additional Atmospheric Conditions;1;Clear;0;No;0;Not Applicable;99;Unknown;98;Unknown if Notified;99;Unknown EMS Scene Arrival Hour;98;Unknown if Arrived;99;Unknown;98;Unknown if Transported;0;None;0;None;0;None;1;0
43;Puerto Rico;430298;2;2;0;0;3;3;0;72;PUERTO RICO (72);590;LAS PIEDRAS;30;30;12;December;2018;1;Sunday;23;11:00pm-11:59pm;20;20;0;This section IS NOT on the NHS;4;County Road;CR-183;;1;Rural;4;Minor Arterial;2;County Highway Agency;215;215;888.888;Not Available;8.888.888;Not Available;0;No Special Jurisdiction;12;Motor Vehicle In-Transport;2;Front-to-Front;0;No;1;Non-Junction;1;Not an Intersection;0;None;1;On Roadway;2;Dark - Not Lighted;1;Clear;0;No Additional Atmospheric Conditions;1;Clear;0;No;0;Not Applicable;99;Unknown;98;Unknown if Notified;99;Unknown EMS Scene Arrival Hour;98;Unknown if Arrived;99;Unknown;98;Unknown if Transported;0;None;0;None;0;None;2;2
