id,shares
id_29644,4583
id_29645,1147
id_29646,1917
id_29647,2287
id_29648,1917
id_29649,7374
id_29650,2018
id_29651,6051
id_29652,1994
id_29653,3480
id_29654,1120
id_29655,3190
id_29656,6635
id_29657,2464
id_29658,6384
id_29659,1758
id_29660,1366
id_29661,1676
id_29662,2848
id_29663,1730
id_29664,4547
id_29665,2165
id_29666,2435
id_29667,3454
id_29668,2301
id_29669,8654
id_29670,6814
id_29671,4791
id_29672,2628
id_29673,4699
id_29674,7883
id_29675,1244
id_29676,3302
id_29677,28906
id_29678,2055
id_29679,1206
id_29680,1710
id_29681,13802
id_29682,7484
id_29683,2428
id_29684,4716
id_29685,1392
id_29686,4585
id_29687,2058
id_29688,1730
id_29689,1169
id_29690,5643
id_29691,2187
id_29692,1074
id_29693,3922
id_29694,6312
id_29695,3198
id_29696,2223
id_29697,1873
id_29698,2102
id_29699,2852
id_29700,4324
id_29701,1560
id_29702,1747
id_29703,2252
id_29704,2127
id_29705,9462
id_29706,6176
id_29707,5957
id_29708,1048
id_29709,2750
id_29710,1410
id_29711,1959
id_29712,2317
id_29713,2141
id_29714,2852
id_29715,11545
id_29716,6828
id_29717,1201
id_29718,5614
id_29719,6133
id_29720,2578
id_29721,5625
id_29722,5298
id_29723,2533
id_29724,1850
id_29725,3850
id_29726,2006
id_29727,5687
id_29728,3424
id_29729,2645
id_29730,1467
id_29731,2391
id_29732,1015
id_29733,4783
id_29734,10407
id_29735,2040
id_29736,2475
id_29737,1154
id_29738,7851
id_29739,8339
id_29740,3264
id_29741,1485
id_29742,982
id_29743,1491
id_29744,12475
id_29745,961
id_29746,2988
id_29747,2590
id_29748,2420
id_29749,1744
id_29750,3056
id_29751,6825
id_29752,3017
id_29753,1489
id_29754,2494
id_29755,17478
id_29756,3583
id_29757,2582
id_29758,5230
id_29759,1445
id_29760,2205
id_29761,11939
id_29762,24696
id_29763,3512
id_29764,1333
id_29765,3578
id_29766,5954
id_29767,2355
id_29768,3095
id_29769,6750
id_29770,1447
id_29771,3625
id_29772,7253
id_29773,2984
id_29774,1740
id_29775,2764
id_29776,2376
id_29777,3268
id_29778,2869
id_29779,5246
id_29780,6148
id_29781,2665
id_29782,5118
id_29783,6340
id_29784,16616
id_29785,2754
id_29786,3290
id_29787,2388
id_29788,2515
id_29789,2095
id_29790,2570
id_29791,7177
id_29792,3352
id_29793,3182
id_29794,1593
id_29795,2194
id_29796,2095
id_29797,3399
id_29798,2887
id_29799,10664
id_29800,1516
id_29801,3857
id_29802,4789
id_29803,9969
id_29804,2456
id_29805,2415
id_29806,2548
id_29807,5424
id_29808,9624
id_29809,2847
id_29810,2276
id_29811,1587
id_29812,1178
id_29813,1550
id_29814,2810
id_29815,16511
id_29816,3430
id_29817,6372
id_29818,1229
id_29819,6236
id_29820,1650
id_29821,21494
id_29822,3007
id_29823,1022
id_29824,2969
id_29825,5784
id_29826,3854
id_29827,5981
id_29828,4922
id_29829,1992
id_29830,7136
id_29831,4483
id_29832,3512
id_29833,1546
id_29834,7028
id_29835,1461
id_29836,2837
id_29837,2011
id_29838,1316
id_29839,4339
id_29840,2522
id_29841,2854
id_29842,1933
id_29843,2354
id_29844,2907
id_29845,1089
id_29846,2235
id_29847,6591
id_29848,3492
id_29849,2572
id_29850,7237
id_29851,4945
id_29852,8516
id_29853,1703
id_29854,1713
id_29855,2007
id_29856,4530
id_29857,2270
id_29858,2689
id_29859,5188
id_29860,4358
id_29861,1400
id_29862,2334
id_29863,4469
id_29864,3044
id_29865,3782
id_29866,2386
id_29867,7375
id_29868,1258
id_29869,9344
id_29870,3401
id_29871,3780
id_29872,2842
id_29873,3293
id_29874,6370
id_29875,5457
id_29876,1702
id_29877,2847
id_29878,3180
id_29879,1234
id_29880,5741
id_29881,2894
id_29882,3592
id_29883,2102
id_29884,17686
id_29885,8958
id_29886,903
id_29887,6395
id_29888,2184
id_29889,1609
id_29890,2389
id_29891,2003
id_29892,3540
id_29893,1138
id_29894,2536
id_29895,1188
id_29896,2465
id_29897,4469
id_29898,2082
id_29899,2445
id_29900,1057
id_29901,3199
id_29902,3864
id_29903,1568
id_29904,5627
id_29905,4029
id_29906,1503
id_29907,5618
id_29908,4574
id_29909,1889
id_29910,4295
id_29911,7083
id_29912,4600
id_29913,1712
id_29914,7310
id_29915,1350
id_29916,2135
id_29917,9385
id_29918,4787
id_29919,1624
id_29920,3801
id_29921,3539
id_29922,2191
id_29923,3527
id_29924,3491
id_29925,3036
id_29926,1581
id_29927,2579
id_29928,11952
id_29929,2364
id_29930,7065
id_29931,2204
id_29932,1833
id_29933,3590
id_29934,3140
id_29935,3175
id_29936,3954
id_29937,2177
id_29938,4706
id_29939,11523
id_29940,2077
id_29941,2445
id_29942,10525
id_29943,2603
id_29944,2200
id_29945,3795
id_29946,6459
id_29947,3158
id_29948,41947
id_29949,3462
id_29950,6823
id_29951,3153
id_29952,1484
id_29953,2812
id_29954,1279
id_29955,2468
id_29956,1632
id_29957,3111
id_29958,832
id_29959,2992
id_29960,5567
id_29961,1240
id_29962,5570
id_29963,1927
id_29964,2729
id_29965,2384
id_29966,4367
id_29967,10687
id_29968,2201
id_29969,4848
id_29970,3140
id_29971,3594
id_29972,1894
id_29973,4966
id_29974,10828
id_29975,2426
id_29976,1245
id_29977,4655
id_29978,3324
id_29979,2448
id_29980,2155
id_29981,4897
id_29982,3695
id_29983,6617
id_29984,1466
id_29985,1323
id_29986,3357
id_29987,1888
id_29988,3542
id_29989,1404
id_29990,3357
id_29991,3579
id_29992,6538
id_29993,2712
id_29994,5474
id_29995,7470
id_29996,4498
id_29997,5226
id_29998,2417
id_29999,2087
id_30000,2601
id_30001,1835
id_30002,7945
id_30003,1392
id_30004,9767
id_30005,3151
id_30006,1982
id_30007,4706
id_30008,7756
id_30009,2236
id_30010,5328
id_30011,6635
id_30012,8182
id_30013,1629
id_30014,3274
id_30015,5040
id_30016,3545
id_30017,1663
id_30018,1323
id_30019,6406
id_30020,2455
id_30021,7115
id_30022,1779
id_30023,2810
id_30024,3252
id_30025,3213
id_30026,4776
id_30027,3209
id_30028,4111
id_30029,3211
id_30030,2051
id_30031,1675
id_30032,2801
id_30033,2547
id_30034,1725
id_30035,4821
id_30036,5372
id_30037,2746
id_30038,1294
id_30039,8175
id_30040,2287
id_30041,11962
id_30042,2728
id_30043,1360
id_30044,1228
id_30045,1046
id_30046,10713
id_30047,1661
id_30048,2578
id_30049,1219
id_30050,3665
id_30051,3135
id_30052,6461
id_30053,3300
id_30054,3094
id_30055,2732
id_30056,3310
id_30057,1982
id_30058,9182
id_30059,19980
id_30060,1480
id_30061,3195
id_30062,4104
id_30063,2436
id_30064,2050
id_30065,3124
id_30066,3695
id_30067,1604
id_30068,6104
id_30069,3903
id_30070,5063
id_30071,9199
id_30072,2639
id_30073,3489
id_30074,2800
id_30075,3671
id_30076,2426
id_30077,7170
id_30078,11408
id_30079,18593
id_30080,3102
id_30081,1148
id_30082,12769
id_30083,2850
id_30084,6103
id_30085,4304
id_30086,3104
id_30087,8982
id_30088,5092
id_30089,17210
id_30090,2674
id_30091,2537
id_30092,4888
id_30093,5156
id_30094,1606
id_30095,2324
id_30096,3929
id_30097,1901
id_30098,3006
id_30099,1550
id_30100,1308
id_30101,3832
id_30102,2300
id_30103,2864
id_30104,3268
id_30105,2622
id_30106,1286
id_30107,2029
id_30108,3914
id_30109,1408
id_30110,6390
id_30111,2054
id_30112,1374
id_30113,5566
id_30114,3800
id_30115,6511
id_30116,1137
id_30117,4355
id_30118,3474
id_30119,3240
id_30120,4260
id_30121,6753
id_30122,2630
id_30123,6534
id_30124,9252
id_30125,1352
id_30126,1373
id_30127,6235
id_30128,2079
id_30129,3408
id_30130,5478
id_30131,3787
id_30132,1510
id_30133,2163
id_30134,1662
id_30135,9341
id_30136,3346
id_30137,1842
id_30138,2588
id_30139,4896
id_30140,1931
id_30141,13669
id_30142,2605
id_30143,5226
id_30144,6928
id_30145,3603
id_30146,4208
id_30147,2483
id_30148,2748
id_30149,2064
id_30150,1576
id_30151,5060
id_30152,6384
id_30153,9605
id_30154,6252
id_30155,5129
id_30156,2424
id_30157,3606
id_30158,1702
id_30159,2947
id_30160,2920
id_30161,2428
id_30162,5307
id_30163,2550
id_30164,993
id_30165,5279
id_30166,3484
id_30167,8654
id_30168,2794
id_30169,1534
id_30170,5992
id_30171,2205
id_30172,5988
id_30173,5548
id_30174,3387
id_30175,2119
id_30176,1091
id_30177,2118
id_30178,2072
id_30179,3396
id_30180,3727
id_30181,2942
id_30182,7767
id_30183,8260
id_30184,2015
id_30185,1682
id_30186,2347
id_30187,7780
id_30188,2733
id_30189,2256
id_30190,3283
id_30191,2360
id_30192,1759
id_30193,3865
id_30194,2083
id_30195,2083
id_30196,9261
id_30197,2324
id_30198,5366
id_30199,1209
id_30200,8516
id_30201,1857
id_30202,6890
id_30203,3227
id_30204,5139
id_30205,2541
id_30206,5003
id_30207,3899
id_30208,2802
id_30209,2626
id_30210,11941
id_30211,22162
id_30212,2566
id_30213,3487
id_30214,6708
id_30215,1819
id_30216,7188
id_30217,1231
id_30218,2844
id_30219,2436
id_30220,1177
id_30221,2476
id_30222,7172
id_30223,1110
id_30224,7942
id_30225,30855
id_30226,10721
id_30227,4374
id_30228,5727
id_30229,2831
id_30230,10486
id_30231,2450
id_30232,1071
id_30233,2969
id_30234,1725
id_30235,7011
id_30236,2524
id_30237,1724
id_30238,3336
id_30239,990
id_30240,7214
id_30241,4790
id_30242,19712
id_30243,3501
id_30244,2321
id_30245,6953
id_30246,5263
id_30247,2001
id_30248,9106
id_30249,2350
id_30250,2843
id_30251,1649
id_30252,3863
id_30253,3636
id_30254,3292
id_30255,1416
id_30256,7518
id_30257,4878
id_30258,2774
id_30259,2980
id_30260,2257
id_30261,7717
id_30262,9200
id_30263,6181
id_30264,3751
id_30265,4425
id_30266,4737
id_30267,1615
id_30268,3407
id_30269,2916
id_30270,2143
id_30271,5600
id_30272,1801
id_30273,2186
id_30274,4436
id_30275,2690
id_30276,4599
id_30277,3523
id_30278,3506
id_30279,1835
id_30280,2643
id_30281,3675
id_30282,9730
id_30283,976
id_30284,2035
id_30285,1144
id_30286,2790
id_30287,5742
id_30288,1064
id_30289,3821
id_30290,1785
id_30291,1572
id_30292,2297
id_30293,1957
id_30294,2398
id_30295,3297
id_30296,2414
id_30297,3298
id_30298,1822
id_30299,6222
id_30300,7213
id_30301,4289
id_30302,7541
id_30303,2901
id_30304,2504
id_30305,1866
id_30306,3020
id_30307,4562
id_30308,6818
id_30309,3136
id_30310,2080
id_30311,2866
id_30312,2335
id_30313,1289
id_30314,3049
id_30315,1654
id_30316,4203
id_30317,1653
id_30318,3788
id_30319,3738
id_30320,1283
id_30321,1595
id_30322,2088
id_30323,1534
id_30324,6525
id_30325,2332
id_30326,2476
id_30327,3896
id_30328,4229
id_30329,5787
id_30330,941
id_30331,1770
id_30332,4231
id_30333,1447
id_30334,2813
id_30335,2210
id_30336,1630
id_30337,3475
id_30338,1742
id_30339,3047
id_30340,1726
id_30341,3028
id_30342,1482
id_30343,2251
id_30344,4745
id_30345,23465
id_30346,1520
id_30347,1366
id_30348,8357
id_30349,1681
id_30350,4481
id_30351,2950
id_30352,1922
id_30353,3865
id_30354,4188
id_30355,3771
id_30356,1359
id_30357,3179
id_30358,2058
id_30359,1253
id_30360,3545
id_30361,1763
id_30362,9788
id_30363,2227
id_30364,3867
id_30365,2617
id_30366,3777
id_30367,1090
id_30368,1982
id_30369,1247
id_30370,3521
id_30371,5862
id_30372,7270
id_30373,1095
id_30374,3565
id_30375,9354
id_30376,10488
id_30377,5219
id_30378,2281
id_30379,3235
id_30380,1419
id_30381,2228
id_30382,7538
id_30383,1572
id_30384,3227
id_30385,2409
id_30386,2301
id_30387,24940
id_30388,12677
id_30389,2077
id_30390,2004
id_30391,1880
id_30392,2589
id_30393,4095
id_30394,4251
id_30395,6989
id_30396,4166
id_30397,2204
id_30398,5671
id_30399,3727
id_30400,1081
id_30401,2859
id_30402,2312
id_30403,6486
id_30404,2669
id_30405,2058
id_30406,3396
id_30407,1505
id_30408,6799
id_30409,6331
id_30410,1981
id_30411,2664
id_30412,3445
id_30413,1134
id_30414,2182
id_30415,3634
id_30416,6386
id_30417,1463
id_30418,2151
id_30419,4704
id_30420,3014
id_30421,6970
id_30422,2412
id_30423,3147
id_30424,1757
id_30425,1429
id_30426,2151
id_30427,1227
id_30428,1593
id_30429,3053
id_30430,2909
id_30431,9232
id_30432,1810
id_30433,2210
id_30434,5138
id_30435,5902
id_30436,3467
id_30437,1035
id_30438,2377
id_30439,1176
id_30440,4837
id_30441,1254
id_30442,2140
id_30443,8551
id_30444,5535
id_30445,13136
id_30446,3277
id_30447,1578
id_30448,4484
id_30449,4791
id_30450,7391
id_30451,4104
id_30452,2907
id_30453,2176
id_30454,2655
id_30455,1873
id_30456,7552
id_30457,2166
id_30458,2392
id_30459,3931
id_30460,8631
id_30461,15684
id_30462,1751
id_30463,2780
id_30464,2872
id_30465,3259
id_30466,4265
id_30467,987
id_30468,2117
id_30469,2218
id_30470,5842
id_30471,5767
id_30472,3335
id_30473,1332
id_30474,1793
id_30475,6161
id_30476,4769
id_30477,12285
id_30478,3464
id_30479,9084
id_30480,1011
id_30481,2360
id_30482,1287
id_30483,1630
id_30484,8290
id_30485,1759
id_30486,16417
id_30487,3551
id_30488,6984
id_30489,7420
id_30490,3038
id_30491,1977
id_30492,6188
id_30493,5379
id_30494,4388
id_30495,1421
id_30496,6080
id_30497,4121
id_30498,3175
id_30499,10486
id_30500,2020
id_30501,2621
id_30502,4757
id_30503,2314
id_30504,4247
id_30505,2508
id_30506,4461
id_30507,1793
id_30508,2648
id_30509,2692
id_30510,5582
id_30511,2850
id_30512,2934
id_30513,3276
id_30514,2742
id_30515,1584
id_30516,2702
id_30517,7092
id_30518,2751
id_30519,3016
id_30520,5644
id_30521,4099
id_30522,5275
id_30523,1559
id_30524,2951
id_30525,2558
id_30526,8643
id_30527,4192
id_30528,1520
id_30529,2291
id_30530,3335
id_30531,1840
id_30532,2865
id_30533,1826
id_30534,6489
id_30535,1577
id_30536,2200
id_30537,4071
id_30538,3916
id_30539,6731
id_30540,5971
id_30541,6870
id_30542,3861
id_30543,1949
id_30544,5828
id_30545,3106
id_30546,2818
id_30547,2460
id_30548,2648
id_30549,5922
id_30550,3562
id_30551,2740
id_30552,1792
id_30553,2672
id_30554,4547
id_30555,2341
id_30556,3361
id_30557,2617
id_30558,2765
id_30559,1090
id_30560,2525
id_30561,1783
id_30562,6515
id_30563,3764
id_30564,6940
id_30565,4912
id_30566,1692
id_30567,3282
id_30568,2111
id_30569,1273
id_30570,4261
id_30571,2123
id_30572,4787
id_30573,2525
id_30574,2276
id_30575,4390
id_30576,4194
id_30577,8991
id_30578,1962
id_30579,1861
id_30580,2105
id_30581,3602
id_30582,2610
id_30583,3567
id_30584,4981
id_30585,1321
id_30586,1784
id_30587,1559
id_30588,2709
id_30589,4183
id_30590,3803
id_30591,2218
id_30592,12849
id_30593,1715
id_30594,3589
id_30595,3795
id_30596,3689
id_30597,3935
id_30598,1388
id_30599,1821
id_30600,2792
id_30601,2600
id_30602,3441
id_30603,4348
id_30604,1907
id_30605,2206
id_30606,2580
id_30607,4706
id_30608,1654
id_30609,11825
id_30610,1598
id_30611,4533
id_30612,3390
id_30613,2409
id_30614,2344
id_30615,2373
id_30616,2081
id_30617,5561
id_30618,5267
id_30619,2212
id_30620,1924
id_30621,2824
id_30622,2040
id_30623,3427
id_30624,10937
id_30625,3505
id_30626,981
id_30627,6490
id_30628,1355
id_30629,3771
id_30630,4292
id_30631,3686
id_30632,5912
id_30633,6204
id_30634,1189
id_30635,4014
id_30636,4580
id_30637,5453
id_30638,9274
id_30639,9162
id_30640,2394
id_30641,1508
id_30642,11774
id_30643,2000
id_30644,8739
id_30645,5595
id_30646,11823
id_30647,1333
id_30648,4472
id_30649,3627
id_30650,4308
id_30651,6868
id_30652,1675
id_30653,3730
id_30654,1561
id_30655,2470
id_30656,6665
id_30657,11616
id_30658,1915
id_30659,2458
id_30660,12838
id_30661,1722
id_30662,2342
id_30663,1614
id_30664,5761
id_30665,13640
id_30666,1490
id_30667,8184
id_30668,4823
id_30669,3079
id_30670,4748
id_30671,2629
id_30672,2262
id_30673,1911
id_30674,2351
id_30675,2724
id_30676,3600
id_30677,3278
id_30678,1471
id_30679,3928
id_30680,1265
id_30681,3802
id_30682,4348
id_30683,3170
id_30684,2504
id_30685,1878
id_30686,4331
id_30687,2707
id_30688,2264
id_30689,5724
id_30690,5220
id_30691,4185
id_30692,6620
id_30693,2007
id_30694,12018
id_30695,13175
id_30696,3238
id_30697,3335
id_30698,4339
id_30699,2013
id_30700,11802
id_30701,1661
id_30702,6793
id_30703,3955
id_30704,2255
id_30705,3196
id_30706,2683
id_30707,10429
id_30708,3113
id_30709,1328
id_30710,9767
id_30711,7117
id_30712,9869
id_30713,7679
id_30714,1596
id_30715,3741
id_30716,2293
id_30717,6629
id_30718,3182
id_30719,1685
id_30720,6535
id_30721,9847
id_30722,3886
id_30723,2455
id_30724,3295
id_30725,12879
id_30726,3067
id_30727,1477
id_30728,12710
id_30729,3463
id_30730,1095
id_30731,7065
id_30732,2479
id_30733,2122
id_30734,2378
id_30735,1370
id_30736,6754
id_30737,4286
id_30738,3994
id_30739,5198
id_30740,2202
id_30741,4755
id_30742,2903
id_30743,14206
id_30744,8978
id_30745,3691
id_30746,1635
id_30747,1367
id_30748,6115
id_30749,3909
id_30750,1974
id_30751,4301
id_30752,2255
id_30753,8980
id_30754,5946
id_30755,3887
id_30756,1552
id_30757,4066
id_30758,1015
id_30759,3648
id_30760,2896
id_30761,2306
id_30762,1612
id_30763,3249
id_30764,2222
id_30765,2131
id_30766,4117
id_30767,2142
id_30768,1919
id_30769,5412
id_30770,1609
id_30771,2337
id_30772,3923
id_30773,3181
id_30774,4041
id_30775,2316
id_30776,2143
id_30777,5480
id_30778,4276
id_30779,8442
id_30780,7092
id_30781,1387
id_30782,1692
id_30783,2722
id_30784,6641
id_30785,9858
id_30786,5023
id_30787,6534
id_30788,2344
id_30789,6504
id_30790,3500
id_30791,1333
id_30792,3401
id_30793,1249
id_30794,4251
id_30795,4745
id_30796,3302
id_30797,8970
id_30798,1123
id_30799,8357
id_30800,7504
id_30801,5856
id_30802,2053
id_30803,1804
id_30804,5286
id_30805,4405
id_30806,3178
id_30807,2302
id_30808,2651
id_30809,2127
id_30810,2202
id_30811,9665
id_30812,1930
id_30813,2069
id_30814,1810
id_30815,3647
id_30816,3847
id_30817,1974
id_30818,2189
id_30819,4065
id_30820,1286
id_30821,2556
id_30822,1950
id_30823,3276
id_30824,1489
id_30825,1779
id_30826,2146
id_30827,7074
id_30828,1295
id_30829,8744
id_30830,2613
id_30831,2713
id_30832,3014
id_30833,3825
id_30834,19321
id_30835,4344
id_30836,2883
id_30837,1926
id_30838,3986
id_30839,2963
id_30840,2087
id_30841,3472
id_30842,4981
id_30843,1678
id_30844,7997
id_30845,7389
id_30846,2441
id_30847,6565
id_30848,1620
id_30849,2807
id_30850,4107
id_30851,9238
id_30852,17323
id_30853,2040
id_30854,2893
id_30855,2239
id_30856,9103
id_30857,2560
id_30858,1481
id_30859,4655
id_30860,3297
id_30861,2295
id_30862,11152
id_30863,2542
id_30864,5490
id_30865,10291
id_30866,4602
id_30867,1226
id_30868,2384
id_30869,7998
id_30870,9537
id_30871,8554
id_30872,1730
id_30873,5599
id_30874,2066
id_30875,2396
id_30876,2362
id_30877,2957
id_30878,1307
id_30879,3607
id_30880,4305
id_30881,1350
id_30882,3836
id_30883,3082
id_30884,2081
id_30885,2827
id_30886,1113
id_30887,1766
id_30888,13027
id_30889,3614
id_30890,4060
id_30891,3020
id_30892,2500
id_30893,3266
id_30894,2838
id_30895,9520
id_30896,2471
id_30897,2449
id_30898,4383
id_30899,7726
id_30900,3363
id_30901,14245
id_30902,1793
id_30903,1315
id_30904,1602
id_30905,14050
id_30906,2620
id_30907,10605
id_30908,3637
id_30909,1758
id_30910,9131
id_30911,8159
id_30912,7320
id_30913,1856
id_30914,2080
id_30915,7106
id_30916,8853
id_30917,10084
id_30918,1044
id_30919,3483
id_30920,4703
id_30921,2077
id_30922,3794
id_30923,2264
id_30924,4993
id_30925,1569
id_30926,2189
id_30927,1686
id_30928,2239
id_30929,6087
id_30930,3654
id_30931,2700
id_30932,4648
id_30933,1074
id_30934,1290
id_30935,8739
id_30936,6587
id_30937,2093
id_30938,8672
id_30939,1932
id_30940,5349
id_30941,3195
id_30942,1828
id_30943,5150
id_30944,8965
id_30945,7421
id_30946,4726
id_30947,4189
id_30948,1257
id_30949,4209
id_30950,4100
id_30951,2937
id_30952,2757
id_30953,3275
id_30954,2840
id_30955,1866
id_30956,2216
id_30957,3665
id_30958,2290
id_30959,2212
id_30960,3011
id_30961,9284
id_30962,3515
id_30963,2631
id_30964,2967
id_30965,1524
id_30966,3019
id_30967,2276
id_30968,2285
id_30969,1897
id_30970,2453
id_30971,6523
id_30972,7777
id_30973,4030
id_30974,4706
id_30975,1827
id_30976,2743
id_30977,2762
id_30978,2528
id_30979,1004
id_30980,6287
id_30981,4039
id_30982,2546
id_30983,2725
id_30984,2727
id_30985,2546
id_30986,2576
id_30987,1510
id_30988,4358
id_30989,1669
id_30990,3008
id_30991,2652
id_30992,2368
id_30993,6514
id_30994,6113
id_30995,1482
id_30996,3050
id_30997,12603
id_30998,2563
id_30999,1811
id_31000,2664
id_31001,2474
id_31002,6080
id_31003,5096
id_31004,5806
id_31005,5415
id_31006,1229
id_31007,6444
id_31008,6679
id_31009,7405
id_31010,1279
id_31011,1005
id_31012,10363
id_31013,2648
id_31014,7490
id_31015,2416
id_31016,1403
id_31017,4793
id_31018,2152
id_31019,1190
id_31020,10808
id_31021,2622
id_31022,2281
id_31023,6613
id_31024,5695
id_31025,4706
id_31026,2529
id_31027,8502
id_31028,12251
id_31029,9258
id_31030,3782
id_31031,1768
id_31032,4814
id_31033,2765
id_31034,8430
id_31035,2447
id_31036,3315
id_31037,1532
id_31038,3818
id_31039,10035
id_31040,1775
id_31041,1443
id_31042,5301
id_31043,1599
id_31044,3704
id_31045,1761
id_31046,6461
id_31047,3510
id_31048,2314
id_31049,1592
id_31050,3292
id_31051,1405
id_31052,1478
id_31053,1550
id_31054,955
id_31055,10828
id_31056,2087
id_31057,3006
id_31058,1871
id_31059,2141
id_31060,3294
id_31061,4188
id_31062,3254
id_31063,9198
id_31064,2802
id_31065,1350
id_31066,1374
id_31067,4475
id_31068,1699
id_31069,6832
id_31070,2733
id_31071,3708
id_31072,3321
id_31073,1485
id_31074,1370
id_31075,2470
id_31076,2802
id_31077,2201
id_31078,2630
id_31079,2515
id_31080,1092
id_31081,12008
id_31082,2250
id_31083,1929
id_31084,1921
id_31085,3592
id_31086,2363
id_31087,1137
id_31088,5075
id_31089,3634
id_31090,924
id_31091,2507
id_31092,943
id_31093,6800
id_31094,5066
id_31095,5522
id_31096,1728
id_31097,2776
id_31098,3897
id_31099,4934
id_31100,4899
id_31101,4841
id_31102,3163
id_31103,1476
id_31104,1578
id_31105,1373
id_31106,1846
id_31107,7705
id_31108,3516
id_31109,13810
id_31110,1849
id_31111,3722
id_31112,2297
id_31113,2738
id_31114,2783
id_31115,1801
id_31116,11945
id_31117,2606
id_31118,2979
id_31119,2773
id_31120,5175
id_31121,7917
id_31122,7739
id_31123,15055
id_31124,1409
id_31125,1216
id_31126,4899
id_31127,9169
id_31128,3702
id_31129,3548
id_31130,2792
id_31131,912
id_31132,2888
id_31133,1440
id_31134,8919
id_31135,3103
id_31136,5193
id_31137,9983
id_31138,8693
id_31139,4239
id_31140,2659
id_31141,2238
id_31142,3179
id_31143,2623
id_31144,2660
id_31145,2567
id_31146,4614
id_31147,6343
id_31148,3194
id_31149,1682
id_31150,4543
id_31151,4185
id_31152,3251
id_31153,1444
id_31154,3909
id_31155,3297
id_31156,1861
id_31157,2293
id_31158,4505
id_31159,3085
id_31160,7714
id_31161,2878
id_31162,2406
id_31163,3391
id_31164,3927
id_31165,2849
id_31166,2563
id_31167,1535
id_31168,1485
id_31169,2230
id_31170,2522
id_31171,1231
id_31172,6333
id_31173,1527
id_31174,1178
id_31175,1531
id_31176,2438
id_31177,1284
id_31178,1561
id_31179,14930
id_31180,7426
id_31181,3864
id_31182,8533
id_31183,2193
id_31184,1737
id_31185,1845
id_31186,3176
id_31187,4199
id_31188,1992
id_31189,2462
id_31190,2947
id_31191,1407
id_31192,1910
id_31193,2545
id_31194,2593
id_31195,3190
id_31196,9350
id_31197,15305
id_31198,1574
id_31199,1920
id_31200,2025
id_31201,2271
id_31202,2056
id_31203,6134
id_31204,6151
id_31205,1483
id_31206,4973
id_31207,2484
id_31208,1653
id_31209,4518
id_31210,1413
id_31211,12644
id_31212,2355
id_31213,2896
id_31214,1934
id_31215,1501
id_31216,3818
id_31217,2893
id_31218,9126
id_31219,5336
id_31220,6398
id_31221,870
id_31222,3571
id_31223,3284
id_31224,4277
id_31225,2550
id_31226,2138
id_31227,4344
id_31228,3695
id_31229,2366
id_31230,1802
id_31231,1907
id_31232,1101
id_31233,4798
id_31234,6917
id_31235,3441
id_31236,2326
id_31237,2612
id_31238,2797
id_31239,4250
id_31240,3585
id_31241,2009
id_31242,1860
id_31243,1873
id_31244,1257
id_31245,2545
id_31246,2878
id_31247,2685
id_31248,7411
id_31249,3247
id_31250,3457
id_31251,3602
id_31252,2590
id_31253,2468
id_31254,3655
id_31255,10929
id_31256,2013
id_31257,2288
id_31258,3976
id_31259,2948
id_31260,924
id_31261,3485
id_31262,1993
id_31263,1738
id_31264,6588
id_31265,6168
id_31266,4479
id_31267,8287
id_31268,1706
id_31269,5865
id_31270,9550
id_31271,1714
id_31272,3301
id_31273,2591
id_31274,6181
id_31275,4114
id_31276,4748
id_31277,9345
id_31278,3475
id_31279,3415
id_31280,3873
id_31281,3331
id_31282,1749
id_31283,2810
id_31284,2249
id_31285,9082
id_31286,7155
id_31287,5341
id_31288,6750
id_31289,1755
id_31290,1978
id_31291,1762
id_31292,3632
id_31293,2065
id_31294,8961
id_31295,2051
id_31296,10462
id_31297,1694
id_31298,5237
id_31299,4432
id_31300,2924
id_31301,2723
id_31302,2350
id_31303,5741
id_31304,1540
id_31305,6202
id_31306,3110
id_31307,6628
id_31308,2333
id_31309,2967
id_31310,1071
id_31311,7124
id_31312,4273
id_31313,3645
id_31314,2498
id_31315,1991
id_31316,2066
id_31317,2993
id_31318,1896
id_31319,1802
id_31320,1131
id_31321,2923
id_31322,8500
id_31323,3242
id_31324,4922
id_31325,936
id_31326,3095
id_31327,11074
id_31328,1341
id_31329,1231
id_31330,3209
id_31331,2709
id_31332,1668
id_31333,1524
id_31334,19352
id_31335,4429
id_31336,2331
id_31337,1773
id_31338,1919
id_31339,2749
id_31340,7416
id_31341,13072
id_31342,2489
id_31343,3525
id_31344,1047
id_31345,3351
id_31346,2161
id_31347,2545
id_31348,2154
id_31349,2247
id_31350,5166
id_31351,7497
id_31352,1478
id_31353,1637
id_31354,10130
id_31355,26304
id_31356,2714
id_31357,3039
id_31358,3496
id_31359,3798
id_31360,1603
id_31361,1016
id_31362,8668
id_31363,1311
id_31364,1889
id_31365,3242
id_31366,5890
id_31367,6293
id_31368,1516
id_31369,6258
id_31370,3704
id_31371,1402
id_31372,1771
id_31373,1812
id_31374,2157
id_31375,3488
id_31376,7600
id_31377,1365
id_31378,1188
id_31379,6184
id_31380,1691
id_31381,1733
id_31382,2177
id_31383,2579
id_31384,3066
id_31385,5562
id_31386,11825
id_31387,3063
id_31388,1253
id_31389,3641
id_31390,8200
id_31391,3211
id_31392,1667
id_31393,13297
id_31394,2621
id_31395,3606
id_31396,3211
id_31397,2731
id_31398,1952
id_31399,2667
id_31400,1723
id_31401,2868
id_31402,8374
id_31403,3315
id_31404,8186
id_31405,1841
id_31406,1632
id_31407,2678
id_31408,7437
id_31409,4674
id_31410,1365
id_31411,1711
id_31412,1422
id_31413,964
id_31414,4766
id_31415,2158
id_31416,1212
id_31417,1750
id_31418,2367
id_31419,2943
id_31420,1638
id_31421,10828
id_31422,3449
id_31423,1818
id_31424,4736
id_31425,4887
id_31426,1429
id_31427,5111
id_31428,1965
id_31429,8148
id_31430,3494
id_31431,1220
id_31432,3564
id_31433,1818
id_31434,2514
id_31435,2198
id_31436,4116
id_31437,1527
id_31438,3336
id_31439,2483
id_31440,2177
id_31441,6270
id_31442,4526
id_31443,8842
id_31444,1558
id_31445,6945
id_31446,3253
id_31447,4762
id_31448,7222
id_31449,3277
id_31450,2028
id_31451,3609
id_31452,2017
id_31453,1796
id_31454,6863
id_31455,5823
id_31456,4068
id_31457,2291
id_31458,4554
id_31459,2291
id_31460,3055
id_31461,4806
id_31462,1848
id_31463,1650
id_31464,7155
id_31465,4931
id_31466,1519
id_31467,1355
id_31468,2015
id_31469,2174
id_31470,11120
id_31471,2294
id_31472,3930
id_31473,6711
id_31474,3447
id_31475,4324
id_31476,3383
id_31477,7641
id_31478,1768
id_31479,2233
id_31480,2753
id_31481,2162
id_31482,9339
id_31483,3077
id_31484,5114
id_31485,2639
id_31486,4479
id_31487,2809
id_31488,1563
id_31489,2515
id_31490,2716
id_31491,4939
id_31492,2871
id_31493,5733
id_31494,1518
id_31495,3684
id_31496,6289
id_31497,2096
id_31498,13032
id_31499,3283
id_31500,2219
id_31501,1654
id_31502,1357
id_31503,1715
id_31504,1806
id_31505,4375
id_31506,1598
id_31507,4260
id_31508,6504
id_31509,7584
id_31510,1953
id_31511,17889
id_31512,3024
id_31513,1099
id_31514,4505
id_31515,1320
id_31516,3414
id_31517,2641
id_31518,2157
id_31519,8368
id_31520,2413
id_31521,1493
id_31522,4964
id_31523,13143
id_31524,3665
id_31525,2320
id_31526,4932
id_31527,2279
id_31528,1643
id_31529,6293
id_31530,2570
id_31531,4887
id_31532,2670
id_31533,2106
id_31534,4254
id_31535,1465
id_31536,2394
id_31537,1690
id_31538,3955
id_31539,4052
id_31540,1268
id_31541,2768
id_31542,2953
id_31543,1568
id_31544,5245
id_31545,8407
id_31546,3727
id_31547,6654
id_31548,2504
id_31549,2782
id_31550,1469
id_31551,6349
id_31552,1814
id_31553,3919
id_31554,2427
id_31555,3792
id_31556,2005
id_31557,1458
id_31558,1857
id_31559,2748
id_31560,5066
id_31561,5649
id_31562,2489
id_31563,1680
id_31564,1770
id_31565,3468
id_31566,2782
id_31567,3739
id_31568,5520
id_31569,3137
id_31570,10774
id_31571,2866
id_31572,7643
id_31573,2875
id_31574,3599
id_31575,2344
id_31576,5645
id_31577,7545
id_31578,1185
id_31579,2181
id_31580,1768
id_31581,4057
id_31582,2905
id_31583,3987
id_31584,7557
id_31585,1759
id_31586,3392
id_31587,9124
id_31588,2922
id_31589,1729
id_31590,9283
id_31591,4711
id_31592,2295
id_31593,3331
id_31594,2755
id_31595,2022
id_31596,1905
id_31597,2497
id_31598,5179
id_31599,1337
id_31600,9330
id_31601,3755
id_31602,7119
id_31603,3570
id_31604,10008
id_31605,5124
id_31606,5781
id_31607,3856
id_31608,2504
id_31609,9880
id_31610,1642
id_31611,13452
id_31612,2166
id_31613,4663
id_31614,1742
id_31615,3162
id_31616,1489
id_31617,12222
id_31618,6049
id_31619,3872
id_31620,3027
id_31621,2058
id_31622,1503
id_31623,1025
id_31624,8185
id_31625,1906
id_31626,8632
id_31627,1438
id_31628,2636
id_31629,3894
id_31630,6942
id_31631,2098
id_31632,5566
id_31633,1208
id_31634,4487
id_31635,3185
id_31636,4594
id_31637,3514
id_31638,3016
id_31639,2843
id_31640,6385
id_31641,4433
id_31642,3780
id_31643,3813
id_31644,3487
id_31645,1807
id_31646,8117
id_31647,8124
id_31648,1774
id_31649,1443
id_31650,2939
id_31651,6145
id_31652,2979
id_31653,6259
id_31654,3665
id_31655,2141
id_31656,1197
id_31657,2711
id_31658,1196
id_31659,6904
id_31660,3996
id_31661,1874
id_31662,1875
id_31663,1802
id_31664,3245
id_31665,8579
id_31666,2320
id_31667,6702
id_31668,2041
id_31669,2249
id_31670,1616
id_31671,3134
id_31672,2184
id_31673,4944
id_31674,1790
id_31675,2239
id_31676,1694
id_31677,6625
id_31678,3953
id_31679,4932
id_31680,4142
id_31681,1416
id_31682,1998
id_31683,885
id_31684,7850
id_31685,1792
id_31686,5556
id_31687,1433
id_31688,2116
id_31689,2922
id_31690,4910
id_31691,1878
id_31692,2047
id_31693,4183
id_31694,3732
id_31695,2129
id_31696,6824
id_31697,11930
id_31698,3006
id_31699,8379
id_31700,5251
id_31701,2358
id_31702,3879
id_31703,5303
id_31704,3718
id_31705,2023
id_31706,5855
id_31707,4522
id_31708,2559
id_31709,2238
id_31710,2051
id_31711,2115
id_31712,4103
id_31713,14205
id_31714,2463
id_31715,2589
id_31716,2300
id_31717,1348
id_31718,4156
id_31719,1158
id_31720,4801
id_31721,1962
id_31722,3127
id_31723,2323
id_31724,2355
id_31725,5665
id_31726,5072
id_31727,3065
id_31728,2646
id_31729,4650
id_31730,2266
id_31731,3173
id_31732,1031
id_31733,3334
id_31734,5513
id_31735,3479
id_31736,1649
id_31737,5383
id_31738,2563
id_31739,3029
id_31740,4462
id_31741,8171
id_31742,3590
id_31743,8586
id_31744,1354
id_31745,1177
id_31746,3242
id_31747,5513
id_31748,14311
id_31749,2974
id_31750,1386
id_31751,3796
id_31752,1661
id_31753,1041
id_31754,3717
id_31755,7470
id_31756,2407
id_31757,1713
id_31758,8597
id_31759,3485
id_31760,2263
id_31761,1756
id_31762,6777
id_31763,2249
id_31764,4878
id_31765,1497
id_31766,2753
id_31767,3120
id_31768,2329
id_31769,8510
id_31770,8614
id_31771,4949
id_31772,7314
id_31773,8685
id_31774,2324
id_31775,6280
id_31776,2556
id_31777,4813
id_31778,8672
id_31779,33392
id_31780,1438
id_31781,1952
id_31782,964
id_31783,2104
id_31784,2435
id_31785,2682
id_31786,2106
id_31787,6301
id_31788,3902
id_31789,1398
id_31790,1225
id_31791,6335
id_31792,4068
id_31793,1799
id_31794,4063
id_31795,2188
id_31796,5467
id_31797,6887
id_31798,5979
id_31799,2174
id_31800,1963
id_31801,847
id_31802,2322
id_31803,2082
id_31804,3865
id_31805,3006
id_31806,3683
id_31807,7306
id_31808,3053
id_31809,2569
id_31810,2197
id_31811,2349
id_31812,4342
id_31813,1930
id_31814,1307
id_31815,9472
id_31816,1817
id_31817,2460
id_31818,6399
id_31819,2445
id_31820,3220
id_31821,5416
id_31822,2908
id_31823,2309
id_31824,1917
id_31825,9704
id_31826,2688
id_31827,2247
id_31828,1949
id_31829,2870
id_31830,2254
id_31831,2472
id_31832,4843
id_31833,4288
id_31834,2354
id_31835,5027
id_31836,1181
id_31837,2147
id_31838,2746
id_31839,1509
id_31840,4766
id_31841,8722
id_31842,1706
id_31843,1635
id_31844,2107
id_31845,5338
id_31846,1656
id_31847,3177
id_31848,1276
id_31849,1469
id_31850,16206
id_31851,2547
id_31852,8464
id_31853,1992
id_31854,2461
id_31855,1102
id_31856,1547
id_31857,5181
id_31858,1220
id_31859,2326
id_31860,4244
id_31861,5521
id_31862,7896
id_31863,1794
id_31864,3432
id_31865,3929
id_31866,12887
id_31867,3310
id_31868,4052
id_31869,3876
id_31870,3061
id_31871,1656
id_31872,9243
id_31873,2860
id_31874,3745
id_31875,3090
id_31876,8647
id_31877,2739
id_31878,4917
id_31879,1339
id_31880,1647
id_31881,8408
id_31882,8767
id_31883,1628
id_31884,2532
id_31885,29001
id_31886,3232
id_31887,1239
id_31888,1470
id_31889,2753
id_31890,2634
id_31891,3182
id_31892,1633
id_31893,1383
id_31894,3685
id_31895,11447
id_31896,1970
id_31897,3796
id_31898,3627
id_31899,1701
id_31900,1286
id_31901,2964
id_31902,4649
id_31903,1831
id_31904,2685
id_31905,1758
id_31906,3574
id_31907,2860
id_31908,1970
id_31909,1446
id_31910,3538
id_31911,2586
id_31912,4175
id_31913,6192
id_31914,2189
id_31915,2624
id_31916,4044
id_31917,12261
id_31918,3432
id_31919,4033
id_31920,2736
id_31921,7187
id_31922,2423
id_31923,1540
id_31924,4078
id_31925,5624
id_31926,2719
id_31927,2549
id_31928,2715
id_31929,2904
id_31930,7179
id_31931,3339
id_31932,1477
id_31933,3280
id_31934,2243
id_31935,3462
id_31936,6780
id_31937,3596
id_31938,4016
id_31939,4372
id_31940,1914
id_31941,1189
id_31942,2092
id_31943,2074
id_31944,4219
id_31945,2240
id_31946,1557
id_31947,3596
id_31948,5951
id_31949,5419
id_31950,2422
id_31951,3969
id_31952,2199
id_31953,2531
id_31954,1489
id_31955,5186
id_31956,2236
id_31957,1112
id_31958,2180
id_31959,3703
id_31960,5672
id_31961,3474
id_31962,2107
id_31963,3332
id_31964,1649
id_31965,6703
id_31966,1721
id_31967,6048
id_31968,4186
id_31969,2704
id_31970,6172
id_31971,2170
id_31972,1866
id_31973,1776
id_31974,4966
id_31975,2120
id_31976,9997
id_31977,4236
id_31978,8837
id_31979,2927
id_31980,4039
id_31981,2875
id_31982,1992
id_31983,1804
id_31984,1564
id_31985,7536
id_31986,1826
id_31987,7117
id_31988,2702
id_31989,1507
id_31990,1657
id_31991,2099
id_31992,3513
id_31993,900
id_31994,2942
id_31995,6865
id_31996,5293
id_31997,4680
id_31998,6996
id_31999,6087
id_32000,8690
id_32001,3602
id_32002,4160
id_32003,8358
id_32004,2931
id_32005,2461
id_32006,3644
id_32007,1495
id_32008,12736
id_32009,2270
id_32010,2798
id_32011,6692
id_32012,2822
id_32013,2864
id_32014,1816
id_32015,4838
id_32016,2698
id_32017,3561
id_32018,1868
id_32019,3711
id_32020,2841
id_32021,1118
id_32022,2631
id_32023,2549
id_32024,2209
id_32025,2375
id_32026,2297
id_32027,6290
id_32028,1486
id_32029,19663
id_32030,2274
id_32031,1406
id_32032,1814
id_32033,1908
id_32034,2284
id_32035,1379
id_32036,2191
id_32037,3128
id_32038,5169
id_32039,6180
id_32040,4664
id_32041,7233
id_32042,2110
id_32043,2911
id_32044,7930
id_32045,3015
id_32046,1441
id_32047,2840
id_32048,1331
id_32049,4572
id_32050,4293
id_32051,3912
id_32052,3082
id_32053,3517
id_32054,1920
id_32055,2096
id_32056,2679
id_32057,3114
id_32058,1437
id_32059,4118
id_32060,2399
id_32061,1870
id_32062,2981
id_32063,13056
id_32064,1189
id_32065,5876
id_32066,4747
id_32067,2059
id_32068,7167
id_32069,8494
id_32070,3672
id_32071,1922
id_32072,5985
id_32073,2645
id_32074,5453
id_32075,2404
id_32076,37573
id_32077,2043
id_32078,1922
id_32079,3243
id_32080,6428
id_32081,8067
id_32082,4089
id_32083,2632
id_32084,1495
id_32085,1754
id_32086,2084
id_32087,5255
id_32088,2118
id_32089,1444
id_32090,3451
id_32091,7568
id_32092,2628
id_32093,1012
id_32094,7196
id_32095,1043
id_32096,1433
id_32097,1086
id_32098,4798
id_32099,10556
id_32100,1217
id_32101,1760
id_32102,9089
id_32103,5573
id_32104,2936
id_32105,4042
id_32106,4838
id_32107,2352
id_32108,2039
id_32109,2897
id_32110,5470
id_32111,1931
id_32112,2093
id_32113,2732
id_32114,4931
id_32115,2713
id_32116,3929
id_32117,2105
id_32118,2331
id_32119,4295
id_32120,5142
id_32121,8381
id_32122,3295
id_32123,3075
id_32124,3153
id_32125,1968
id_32126,1706
id_32127,2344
id_32128,4065
id_32129,5046
id_32130,2424
id_32131,2733
id_32132,2625
id_32133,5563
id_32134,16648
id_32135,4473
id_32136,1934
id_32137,6780
id_32138,3063
id_32139,10489
id_32140,1872
id_32141,2149
id_32142,1491
id_32143,5756
id_32144,1710
id_32145,9718
id_32146,4020
id_32147,2280
id_32148,1588
id_32149,3783
id_32150,2300
id_32151,2587
id_32152,2157
id_32153,6436
id_32154,3854
id_32155,2749
id_32156,5359
id_32157,2024
id_32158,3743
id_32159,2215
id_32160,3982
id_32161,2524
id_32162,4188
id_32163,1657
id_32164,3848
id_32165,9324
id_32166,1975
id_32167,12371
id_32168,2265
id_32169,2193
id_32170,3268
id_32171,2691
id_32172,6190
id_32173,4673
id_32174,5060
id_32175,6927
id_32176,3932
id_32177,2525
id_32178,3275
id_32179,5729
id_32180,2009
id_32181,2593
id_32182,4374
id_32183,3419
id_32184,2514
id_32185,8955
id_32186,2911
id_32187,3135
id_32188,1846
id_32189,7254
id_32190,4765
id_32191,2051
id_32192,2127
id_32193,1427
id_32194,1551
id_32195,2354
id_32196,977
id_32197,1961
id_32198,2985
id_32199,4777
id_32200,9747
id_32201,10319
id_32202,2427
id_32203,3507
id_32204,2300
id_32205,2063
id_32206,3466
id_32207,2474
id_32208,5925
id_32209,6466
id_32210,1923
id_32211,2200
id_32212,4330
id_32213,5664
id_32214,5049
id_32215,2260
id_32216,9382
id_32217,1404
id_32218,2103
id_32219,2072
id_32220,6485
id_32221,4167
id_32222,4610
id_32223,5002
id_32224,2030
id_32225,3640
id_32226,5004
id_32227,6658
id_32228,1657
id_32229,3958
id_32230,8124
id_32231,1360
id_32232,2395
id_32233,1311
id_32234,2177
id_32235,2353
id_32236,1378
id_32237,4615
id_32238,11033
id_32239,4164
id_32240,6552
id_32241,1224
id_32242,7105
id_32243,2108
id_32244,7956
id_32245,2598
id_32246,1620
id_32247,1556
id_32248,10801
id_32249,8043
id_32250,1344
id_32251,6506
id_32252,1486
id_32253,2162
id_32254,1858
id_32255,1694
id_32256,2737
id_32257,4234
id_32258,1427
id_32259,4503
id_32260,3045
id_32261,2129
id_32262,9056
id_32263,4253
id_32264,3338
id_32265,3272
id_32266,2187
id_32267,4273
id_32268,2875
id_32269,12620
id_32270,1590
id_32271,1245
id_32272,5291
id_32273,2244
id_32274,2185
id_32275,1777
id_32276,2030
id_32277,1367
id_32278,2165
id_32279,2138
id_32280,11751
id_32281,1822
id_32282,8006
id_32283,2395
id_32284,2220
id_32285,1487
id_32286,4455
id_32287,4703
id_32288,7326
id_32289,2708
id_32290,3598
id_32291,1323
id_32292,5442
id_32293,1759
id_32294,2501
id_32295,1498
id_32296,2926
id_32297,3233
id_32298,7020
id_32299,2019
id_32300,1556
id_32301,2291
id_32302,3073
id_32303,2869
id_32304,2361
id_32305,3347
id_32306,2479
id_32307,3595
id_32308,1873
id_32309,2081
id_32310,2145
id_32311,1572
id_32312,2645
id_32313,3069
id_32314,1357
id_32315,3040
id_32316,2953
id_32317,2217
id_32318,1821
id_32319,1809
id_32320,2439
id_32321,1899
id_32322,2576
id_32323,10321
id_32324,1405
id_32325,6874
id_32326,3087
id_32327,1908
id_32328,1993
id_32329,4053
id_32330,3542
id_32331,2870
id_32332,4258
id_32333,1875
id_32334,5693
id_32335,2051
id_32336,1127
id_32337,13686
id_32338,8302
id_32339,11932
id_32340,2157
id_32341,3184
id_32342,2028
id_32343,4480
id_32344,7569
id_32345,924
id_32346,1434
id_32347,4921
id_32348,1863
id_32349,5264
id_32350,4244
id_32351,2660
id_32352,970
id_32353,11163
id_32354,11667
id_32355,1745
id_32356,2793
id_32357,4099
id_32358,22257
id_32359,10467
id_32360,1642
id_32361,4205
id_32362,2147
id_32363,4964
id_32364,2094
id_32365,1658
id_32366,1361
id_32367,1102
id_32368,7010
id_32369,2344
id_32370,10547
id_32371,1495
id_32372,6723
id_32373,3025
id_32374,5067
id_32375,1384
id_32376,9509
id_32377,4546
id_32378,3063
id_32379,2161
id_32380,1659
id_32381,8437
id_32382,2614
id_32383,5552
id_32384,1275
id_32385,3355
id_32386,3436
id_32387,1378
id_32388,1993
id_32389,1923
id_32390,2171
id_32391,10589
id_32392,3093
id_32393,2112
id_32394,2095
id_32395,5224
id_32396,3218
id_32397,1752
id_32398,1707
id_32399,3099
id_32400,3485
id_32401,9065
id_32402,1862
id_32403,4983
id_32404,4545
id_32405,1201
id_32406,9898
id_32407,7687
id_32408,1497
id_32409,7377
id_32410,4598
id_32411,5098
id_32412,11311
id_32413,5163
id_32414,2216
id_32415,2129
id_32416,1475
id_32417,1896
id_32418,5688
id_32419,9049
id_32420,1827
id_32421,2602
id_32422,993
id_32423,1227
id_32424,2247
id_32425,7043
id_32426,2988
id_32427,2540
id_32428,6613
id_32429,3658
id_32430,3074
id_32431,1168
id_32432,8717
id_32433,4149
id_32434,6535
id_32435,1880
id_32436,10324
id_32437,3405
id_32438,10184
id_32439,1541
id_32440,3484
id_32441,2771
id_32442,1053
id_32443,4049
id_32444,8649
id_32445,3277
id_32446,3127
id_32447,2084
id_32448,5263
id_32449,6708
id_32450,3206
id_32451,3139
id_32452,2805
id_32453,2913
id_32454,3431
id_32455,1327
id_32456,1166
id_32457,3652
id_32458,6759
id_32459,1843
id_32460,1109
id_32461,3467
id_32462,6506
id_32463,1010
id_32464,5990
id_32465,3649
id_32466,1624
id_32467,4192
id_32468,971
id_32469,2900
id_32470,11071
id_32471,1195
id_32472,5335
id_32473,7056
id_32474,1909
id_32475,4859
id_32476,3342
id_32477,2681
id_32478,2081
id_32479,12071
id_32480,5414
id_32481,1600
id_32482,947
id_32483,5158
id_32484,4115
id_32485,4153
id_32486,3284
id_32487,13871
id_32488,7970
id_32489,1827
id_32490,4546
id_32491,2516
id_32492,16463
id_32493,2408
id_32494,1931
id_32495,2596
id_32496,2831
id_32497,1161
id_32498,4382
id_32499,10091
id_32500,5975
id_32501,3039
id_32502,7667
id_32503,5400
id_32504,8547
id_32505,2609
id_32506,3870
id_32507,3035
id_32508,8100
id_32509,1896
id_32510,3162
id_32511,5221
id_32512,1163
id_32513,4433
id_32514,53637
id_32515,2317
id_32516,1858
id_32517,2138
id_32518,2160
id_32519,2385
id_32520,2101
id_32521,2621
id_32522,3231
id_32523,6281
id_32524,2211
id_32525,19673
id_32526,1853
id_32527,1887
id_32528,3034
id_32529,1792
id_32530,8463
id_32531,6056
id_32532,3568
id_32533,1314
id_32534,1500
id_32535,7457
id_32536,1777
id_32537,4155
id_32538,1361
id_32539,4411
id_32540,3843
id_32541,5656
id_32542,1956
id_32543,11758
id_32544,1261
id_32545,3635
id_32546,2805
id_32547,4049
id_32548,4810
id_32549,2078
id_32550,2979
id_32551,5257
id_32552,3403
id_32553,1332
id_32554,2896
id_32555,1863
id_32556,7179
id_32557,1446
id_32558,1212
id_32559,5503
id_32560,1163
id_32561,3525
id_32562,3036
id_32563,3078
id_32564,10804
id_32565,2933
id_32566,4293
id_32567,2641
id_32568,1056
id_32569,1563
id_32570,3203
id_32571,3890
id_32572,2422
id_32573,2471
id_32574,4611
id_32575,3038
id_32576,2239
id_32577,2397
id_32578,3845
id_32579,1371
id_32580,6098
id_32581,1450
id_32582,2957
id_32583,7601
id_32584,5276
id_32585,1705
id_32586,8748
id_32587,6471
id_32588,1340
id_32589,3672
id_32590,3465
id_32591,4318
id_32592,2117
id_32593,1957
id_32594,10753
id_32595,6637
id_32596,12295
id_32597,1741
id_32598,2559
id_32599,7933
id_32600,1307
id_32601,2080
id_32602,2969
id_32603,3633
id_32604,4464
id_32605,6034
id_32606,5880
id_32607,1726
id_32608,4949
id_32609,2407
id_32610,1287
id_32611,2136
id_32612,1584
id_32613,3221
id_32614,1767
id_32615,2273
id_32616,2817
id_32617,2203
id_32618,4557
id_32619,1822
id_32620,12161
id_32621,5530
id_32622,2180
id_32623,4001
id_32624,6205
id_32625,3051
id_32626,2139
id_32627,2179
id_32628,1363
id_32629,5427
id_32630,2073
id_32631,2892
id_32632,2728
id_32633,3802
id_32634,2109
id_32635,1388
id_32636,2331
id_32637,6681
id_32638,5473
id_32639,7322
id_32640,3180
id_32641,2923
id_32642,2284
id_32643,2785
id_32644,4201
id_32645,2485
id_32646,3816
id_32647,2240
id_32648,1155
id_32649,5538
id_32650,14732
id_32651,6988
id_32652,3814
id_32653,3051
id_32654,4534
id_32655,16587
id_32656,6130
id_32657,3153
id_32658,3086
id_32659,1048
id_32660,3217
id_32661,1616
id_32662,7696
id_32663,2114
id_32664,1228
id_32665,8206
id_32666,1922
id_32667,11692
id_32668,1887
id_32669,2179
id_32670,2693
id_32671,2501
id_32672,5326
id_32673,2236
id_32674,4229
id_32675,3170
id_32676,7277
id_32677,8084
id_32678,3175
id_32679,2123
id_32680,5734
id_32681,2480
id_32682,3309
id_32683,13496
id_32684,1423
id_32685,2438
id_32686,3464
id_32687,2018
id_32688,7154
id_32689,9627
id_32690,3344
id_32691,3308
id_32692,3239
id_32693,2827
id_32694,7901
id_32695,2563
id_32696,8076
id_32697,9373
id_32698,5626
id_32699,4634
id_32700,8704
id_32701,1993
id_32702,2888
id_32703,11802
id_32704,1702
id_32705,1478
id_32706,3577
id_32707,2192
id_32708,4260
id_32709,1426
id_32710,1562
id_32711,6507
id_32712,3201
id_32713,2735
id_32714,2144
id_32715,5032
id_32716,2017
id_32717,4360
id_32718,2175
id_32719,5973
id_32720,2226
id_32721,1311
id_32722,2547
id_32723,3255
id_32724,2455
id_32725,5788
id_32726,11644
id_32727,2328
id_32728,2825
id_32729,9237
id_32730,3804
id_32731,2211
id_32732,5565
id_32733,3159
id_32734,2864
id_32735,2854
id_32736,3221
id_32737,1421
id_32738,2358
id_32739,3293
id_32740,1913
id_32741,3729
id_32742,6911
id_32743,4616
id_32744,6968
id_32745,6462
id_32746,1635
id_32747,1960
id_32748,1769
id_32749,2929
id_32750,7397
id_32751,1604
id_32752,1047
id_32753,6775
id_32754,2662
id_32755,3918
id_32756,6151
id_32757,2182
id_32758,2615
id_32759,1832
id_32760,2857
id_32761,3974
id_32762,5699
id_32763,2787
id_32764,3815
id_32765,7039
id_32766,3149
id_32767,5014
id_32768,3709
id_32769,8515
id_32770,2607
id_32771,1423
id_32772,3722
id_32773,9215
id_32774,4310
id_32775,6330
id_32776,8936
id_32777,5466
id_32778,4580
id_32779,1705
id_32780,3459
id_32781,3220
id_32782,2110
id_32783,1459
id_32784,8544
id_32785,3277
id_32786,2065
id_32787,1850
id_32788,2519
id_32789,4596
id_32790,3071
id_32791,1193
id_32792,1493
id_32793,3448
id_32794,9544
id_32795,9970
id_32796,3312
id_32797,3181
id_32798,2734
id_32799,10861
id_32800,2969
id_32801,7383
id_32802,2232
id_32803,1589
id_32804,10003
id_32805,5097
id_32806,1753
id_32807,5875
id_32808,4105
id_32809,1174
id_32810,2905
id_32811,5676
id_32812,3019
id_32813,2398
id_32814,6007
id_32815,5325
id_32816,2846
id_32817,1029
id_32818,7648
id_32819,1138
id_32820,1410
id_32821,8167
id_32822,2806
id_32823,3576
id_32824,6489
id_32825,9262
id_32826,11434
id_32827,8995
id_32828,3433
id_32829,2325
id_32830,3777
id_32831,1930
id_32832,4741
id_32833,2690
id_32834,2446
id_32835,5569
id_32836,7136
id_32837,1115
id_32838,1184
id_32839,1858
id_32840,4152
id_32841,2507
id_32842,7634
id_32843,2289
id_32844,2924
id_32845,2719
id_32846,4730
id_32847,2385
id_32848,1782
id_32849,2250
id_32850,4995
id_32851,1327
id_32852,2753
id_32853,1036
id_32854,3508
id_32855,3600
id_32856,6651
id_32857,5800
id_32858,3445
id_32859,3949
id_32860,5517
id_32861,2562
id_32862,4025
id_32863,2176
id_32864,1545
id_32865,4029
id_32866,1748
id_32867,1947
id_32868,2328
id_32869,2183
id_32870,1330
id_32871,1533
id_32872,2871
id_32873,2524
id_32874,2676
id_32875,9922
id_32876,3673
id_32877,1459
id_32878,1899
id_32879,4594
id_32880,2235
id_32881,1208
id_32882,1633
id_32883,7418
id_32884,5262
id_32885,2216
id_32886,1806
id_32887,1557
id_32888,2063
id_32889,6393
id_32890,6177
id_32891,2122
id_32892,5993
id_32893,3052
id_32894,1776
id_32895,2469
id_32896,21925
id_32897,2242
id_32898,2162
id_32899,5951
id_32900,22531
id_32901,9482
id_32902,2632
id_32903,6818
id_32904,3480
id_32905,1702
id_32906,7695
id_32907,6119
id_32908,1170
id_32909,4062
id_32910,1366
id_32911,5241
id_32912,13327
id_32913,4141
id_32914,31579
id_32915,1735
id_32916,2648
id_32917,2517
id_32918,35261
id_32919,2528
id_32920,1362
id_32921,3266
id_32922,3167
id_32923,2211
id_32924,5487
id_32925,3509
id_32926,2074
id_32927,5625
id_32928,3225
id_32929,3236
id_32930,5710
id_32931,4790
id_32932,2919
id_32933,13238
id_32934,7654
id_32935,4606
id_32936,7790
id_32937,4830
id_32938,1217
id_32939,3168
id_32940,1873
id_32941,877
id_32942,4042
id_32943,2906
id_32944,934
id_32945,4729
id_32946,2243
id_32947,1691
id_32948,2646
id_32949,4413
id_32950,1916
id_32951,5925
id_32952,4507
id_32953,3120
id_32954,4000
id_32955,2341
id_32956,2129
id_32957,1536
id_32958,1230
id_32959,38579
id_32960,25724
id_32961,2122
id_32962,2965
id_32963,5704
id_32964,2256
id_32965,4074
id_32966,5720
id_32967,1097
id_32968,2326
id_32969,1167
id_32970,2653
id_32971,1631
id_32972,1839
id_32973,2395
id_32974,2239
id_32975,6019
id_32976,13193
id_32977,2791
id_32978,1362
id_32979,1480
id_32980,1755
id_32981,8596
id_32982,6796
id_32983,1464
id_32984,1385
id_32985,2934
id_32986,7405
id_32987,2576
id_32988,3257
id_32989,1349
id_32990,4331
id_32991,2883
id_32992,5221
id_32993,3485
id_32994,2210
id_32995,4746
id_32996,12572
id_32997,1919
id_32998,3120
id_32999,2399
id_33000,3434
id_33001,1531
id_33002,2727
id_33003,1364
id_33004,1528
id_33005,2128
id_33006,7076
id_33007,9322
id_33008,5112
id_33009,9904
id_33010,1875
id_33011,2253
id_33012,13761
id_33013,6499
id_33014,1920
id_33015,1967
id_33016,2399
id_33017,4882
id_33018,2191
id_33019,3066
id_33020,1917
id_33021,1901
id_33022,2392
id_33023,5159
id_33024,1659
id_33025,1632
id_33026,12674
id_33027,1050
id_33028,5756
id_33029,3887
id_33030,11778
id_33031,2465
id_33032,6836
id_33033,4726
id_33034,2194
id_33035,5211
id_33036,2368
id_33037,2613
id_33038,5394
id_33039,5171
id_33040,1407
id_33041,3118
id_33042,1705
id_33043,2406
id_33044,2935
id_33045,1792
id_33046,1502
id_33047,10745
id_33048,1425
id_33049,1870
id_33050,3566
id_33051,2472
id_33052,1683
id_33053,1491
id_33054,1513
id_33055,4515
id_33056,9129
id_33057,2871
id_33058,15116
id_33059,3602
id_33060,2166
id_33061,6449
id_33062,2256
id_33063,5186
id_33064,4733
id_33065,2597
id_33066,3849
id_33067,2904
id_33068,3555
id_33069,1521
id_33070,1858
id_33071,2769
id_33072,1681
id_33073,1579
id_33074,2925
id_33075,1218
id_33076,1978
id_33077,2232
id_33078,1479
id_33079,11734
id_33080,3349
id_33081,2082
id_33082,3746
id_33083,3517
id_33084,2286
id_33085,4402
id_33086,4217
id_33087,5913
id_33088,1962
id_33089,3129
id_33090,2563
id_33091,3237
id_33092,9419
id_33093,4307
id_33094,1564
id_33095,2832
id_33096,2934
id_33097,4310
id_33098,6290
id_33099,1741
id_33100,20578
id_33101,3393
id_33102,2849
id_33103,1898
id_33104,2031
id_33105,10978
id_33106,2246
id_33107,3382
id_33108,8231
id_33109,2997
id_33110,4934
id_33111,3839
id_33112,1812
id_33113,7607
id_33114,2253
id_33115,2773
id_33116,3589
id_33117,9553
id_33118,4409
id_33119,2286
id_33120,8048
id_33121,2301
id_33122,3519
id_33123,2220
id_33124,2144
id_33125,2703
id_33126,6513
id_33127,2078
id_33128,1844
id_33129,3296
id_33130,2218
id_33131,3551
id_33132,1740
id_33133,4000
id_33134,5502
id_33135,2731
id_33136,2413
id_33137,1836
id_33138,2661
id_33139,5246
id_33140,1801
id_33141,3505
id_33142,2772
id_33143,2141
id_33144,2307
id_33145,3511
id_33146,2281
id_33147,1893
id_33148,2515
id_33149,1768
id_33150,3180
id_33151,3111
id_33152,2284
id_33153,2044
id_33154,2885
id_33155,19282
id_33156,2014
id_33157,14007
id_33158,2423
id_33159,2507
id_33160,3563
id_33161,2623
id_33162,22728
id_33163,3326
id_33164,2336
id_33165,2180
id_33166,2781
id_33167,2959
id_33168,7097
id_33169,8759
id_33170,11357
id_33171,9403
id_33172,2074
id_33173,4459
id_33174,3528
id_33175,2618
id_33176,1804
id_33177,4053
id_33178,3304
id_33179,2134
id_33180,2335
id_33181,5486
id_33182,4963
id_33183,1349
id_33184,2938
id_33185,2565
id_33186,4484
id_33187,9518
id_33188,1324
id_33189,1344
id_33190,1800
id_33191,2105
id_33192,3477
id_33193,6774
id_33194,1680
id_33195,2220
id_33196,1633
id_33197,2884
id_33198,2905
id_33199,4630
id_33200,4769
id_33201,7181
id_33202,1886
id_33203,2701
id_33204,1436
id_33205,2427
id_33206,9078
id_33207,1180
id_33208,7219
id_33209,13166
id_33210,5986
id_33211,2766
id_33212,9924
id_33213,1578
id_33214,6918
id_33215,4876
id_33216,1924
id_33217,2930
id_33218,3757
id_33219,3994
id_33220,1618
id_33221,8034
id_33222,1698
id_33223,2353
id_33224,11284
id_33225,2058
id_33226,4846
id_33227,1395
id_33228,2541
id_33229,1401
id_33230,2161
id_33231,1223
id_33232,14382
id_33233,2804
id_33234,4868
id_33235,1706
id_33236,1609
id_33237,2961
id_33238,6238
id_33239,3538
id_33240,3221
id_33241,11837
id_33242,1759
id_33243,3612
id_33244,4721
id_33245,3273
id_33246,1964
id_33247,4628
id_33248,11123
id_33249,2602
id_33250,2740
id_33251,4351
id_33252,1427
id_33253,2809
id_33254,7477
id_33255,2293
id_33256,4258
id_33257,10811
id_33258,2054
id_33259,2219
id_33260,4688
id_33261,6971
id_33262,8631
id_33263,6071
id_33264,3519
id_33265,2904
id_33266,1300
id_33267,2570
id_33268,3243
id_33269,5322
id_33270,1875
id_33271,11946
id_33272,2618
id_33273,8516
id_33274,1301
id_33275,1867
id_33276,2885
id_33277,2043
id_33278,3320
id_33279,1233
id_33280,2871
id_33281,1488
id_33282,11565
id_33283,7655
id_33284,2231
id_33285,2883
id_33286,3730
id_33287,4459
id_33288,2188
id_33289,3735
id_33290,11518
id_33291,1536
id_33292,2639
id_33293,5591
id_33294,3687
id_33295,3691
id_33296,2048
id_33297,4090
id_33298,1683
id_33299,2980
id_33300,4563
id_33301,2118
id_33302,3287
id_33303,899
id_33304,1771
id_33305,8021
id_33306,1874
id_33307,1941
id_33308,2515
id_33309,1654
id_33310,1097
id_33311,1751
id_33312,2394
id_33313,1938
id_33314,9309
id_33315,4080
id_33316,22631
id_33317,6131
id_33318,1364
id_33319,2228
id_33320,4706
id_33321,1556
id_33322,2006
id_33323,2137
id_33324,1524
id_33325,7873
id_33326,3579
id_33327,4109
id_33328,2893
id_33329,5152
id_33330,1165
id_33331,3548
id_33332,3304
id_33333,5597
id_33334,5744
id_33335,1840
id_33336,12321
id_33337,3324
id_33338,1690
id_33339,2719
id_33340,1045
id_33341,1004
id_33342,2730
id_33343,11713
id_33344,1593
id_33345,1670
id_33346,4945
id_33347,1996
id_33348,2586
id_33349,3659
id_33350,2900
id_33351,1259
id_33352,1469
id_33353,5018
id_33354,1061
id_33355,7911
id_33356,22858
id_33357,1932
id_33358,1549
id_33359,4049
id_33360,5258
id_33361,8694
id_33362,1668
id_33363,2127
id_33364,3305
id_33365,1755
id_33366,2923
id_33367,1925
id_33368,2362
id_33369,1965
id_33370,3033
id_33371,2732
id_33372,13515
id_33373,2918
id_33374,1716
id_33375,2469
id_33376,10111
id_33377,3173
id_33378,5805
id_33379,1628
id_33380,3876
id_33381,1962
id_33382,1677
id_33383,2240
id_33384,1137
id_33385,2567
id_33386,2593
id_33387,1078
id_33388,6348
id_33389,3801
id_33390,16149
id_33391,2444
id_33392,1578
id_33393,5846
id_33394,1300
id_33395,1303
id_33396,6019
id_33397,2629
id_33398,2052
id_33399,3375
id_33400,1628
id_33401,6259
id_33402,2291
id_33403,2169
id_33404,2286
id_33405,2365
id_33406,1954
id_33407,1205
id_33408,2978
id_33409,9193
id_33410,2710
id_33411,1056
id_33412,7621
id_33413,7905
id_33414,3382
id_33415,6027
id_33416,1998
id_33417,7749
id_33418,3156
id_33419,3975
id_33420,2269
id_33421,2623
id_33422,1544
id_33423,4861
id_33424,2936
id_33425,3055
id_33426,1736
id_33427,1308
id_33428,2809
id_33429,5066
id_33430,3076
id_33431,1796
id_33432,21544
id_33433,1242
id_33434,5276
id_33435,9578
id_33436,2699
id_33437,1943
id_33438,2899
id_33439,1590
id_33440,1706
id_33441,1987
id_33442,2767
id_33443,11828
id_33444,4257
id_33445,11678
id_33446,6105
id_33447,2550
id_33448,1937
id_33449,4330
id_33450,1548
id_33451,9027
id_33452,4169
id_33453,5138
id_33454,2007
id_33455,7091
id_33456,8364
id_33457,3148
id_33458,4086
id_33459,13998
id_33460,3435
id_33461,2208
id_33462,3579
id_33463,7636
id_33464,2142
id_33465,1962
id_33466,2467
id_33467,1856
id_33468,2946
id_33469,2453
id_33470,3230
id_33471,4141
id_33472,3982
id_33473,2332
id_33474,2639
id_33475,2057
id_33476,2081
id_33477,1016
id_33478,4663
id_33479,1297
id_33480,5570
id_33481,4239
id_33482,6457
id_33483,1621
id_33484,2248
id_33485,4816
id_33486,6292
id_33487,7710
id_33488,5839
id_33489,4422
id_33490,7915
id_33491,4674
id_33492,1621
id_33493,3010
id_33494,2272
id_33495,5459
id_33496,3494
id_33497,1304
id_33498,12222
id_33499,1726
id_33500,1867
id_33501,1876
id_33502,8928
id_33503,3961
id_33504,2553
id_33505,1342
id_33506,8296
id_33507,1787
id_33508,1392
id_33509,10512
id_33510,4179
id_33511,4448
id_33512,2966
id_33513,968
id_33514,2278
id_33515,3005
id_33516,4660
id_33517,1639
id_33518,1799
id_33519,9796
id_33520,5553
id_33521,3667
id_33522,2125
id_33523,1026
id_33524,2113
id_33525,3375
id_33526,2757
id_33527,2290
id_33528,1198
id_33529,1394
id_33530,1765
id_33531,1527
id_33532,1511
id_33533,3349
id_33534,3289
id_33535,980
id_33536,2422
id_33537,1675
id_33538,1612
id_33539,1910
id_33540,1798
id_33541,2425
id_33542,3540
id_33543,3366
id_33544,2548
id_33545,4465
id_33546,3682
id_33547,2857
id_33548,1603
id_33549,3714
id_33550,2814
id_33551,1633
id_33552,6534
id_33553,1268
id_33554,2337
id_33555,2196
id_33556,1800
id_33557,2304
id_33558,11470
id_33559,1869
id_33560,1087
id_33561,5442
id_33562,3748
id_33563,1832
id_33564,1278
id_33565,2718
id_33566,1616
id_33567,3076
id_33568,5707
id_33569,1599
id_33570,2876
id_33571,2126
id_33572,3186
id_33573,1122
id_33574,7090
id_33575,1789
id_33576,7617
id_33577,1839
id_33578,2377
id_33579,2239
id_33580,1510
id_33581,16583
id_33582,2861
id_33583,2803
id_33584,3214
id_33585,1207
id_33586,4368
id_33587,1746
id_33588,3033
id_33589,2151
id_33590,1319
id_33591,4865
id_33592,1940
id_33593,3660
id_33594,2187
id_33595,4718
id_33596,5356
id_33597,1684
id_33598,5514
id_33599,8596
id_33600,1511
id_33601,5258
id_33602,3503
id_33603,3573
id_33604,2696
id_33605,7539
id_33606,1218
id_33607,1286
id_33608,2767
id_33609,3890
id_33610,1646
id_33611,2584
id_33612,7404
id_33613,6817
id_33614,1700
id_33615,915
id_33616,13679
id_33617,7411
id_33618,9562
id_33619,1324
id_33620,2745
id_33621,1616
id_33622,2086
id_33623,1172
id_33624,10845
id_33625,6471
id_33626,9905
id_33627,5562
id_33628,1755
id_33629,2501
id_33630,20457
id_33631,3792
id_33632,2573
id_33633,2799
id_33634,3384
id_33635,2057
id_33636,2390
id_33637,15848
id_33638,2897
id_33639,2687
id_33640,3295
id_33641,9688
id_33642,2883
id_33643,6629
id_33644,2280
id_33645,2225
id_33646,4403
id_33647,3522
id_33648,13293
id_33649,2296
id_33650,1849
id_33651,1857
id_33652,3184
id_33653,3064
id_33654,1876
id_33655,1154
id_33656,9642
id_33657,3285
id_33658,6080
id_33659,3556
id_33660,1507
id_33661,1935
id_33662,4132
id_33663,4062
id_33664,17693
id_33665,8993
id_33666,3139
id_33667,4621
id_33668,6283
id_33669,7850
id_33670,4267
id_33671,3735
id_33672,1920
id_33673,1678
id_33674,1721
id_33675,1358
id_33676,13357
id_33677,1125
id_33678,3222
id_33679,3206
id_33680,1454
id_33681,4586
id_33682,4526
id_33683,1355
id_33684,6210
id_33685,3890
id_33686,18885
id_33687,1429
id_33688,1576
id_33689,7872
id_33690,1912
id_33691,1212
id_33692,1863
id_33693,1779
id_33694,1678
id_33695,2333
id_33696,1523
id_33697,2703
id_33698,3881
id_33699,1490
id_33700,1032
id_33701,1367
id_33702,3863
id_33703,4235
id_33704,1284
id_33705,2134
id_33706,2904
id_33707,13500
id_33708,11179
id_33709,1391
id_33710,4120
id_33711,3513
id_33712,4538
id_33713,5057
id_33714,4448
id_33715,3256
id_33716,2453
id_33717,1389
id_33718,1979
id_33719,3575
id_33720,4779
id_33721,12090
id_33722,4157
id_33723,7295
id_33724,3760
id_33725,2640
id_33726,2689
id_33727,3013
id_33728,2890
id_33729,8299
id_33730,1349
id_33731,3649
id_33732,1271
id_33733,7087
id_33734,13516
id_33735,2044
id_33736,5495
id_33737,1828
id_33738,2468
id_33739,4887
id_33740,1782
id_33741,1676
id_33742,2279
id_33743,1462
id_33744,1625
id_33745,2404
id_33746,4822
id_33747,4700
id_33748,1380
id_33749,3063
id_33750,4298
id_33751,5306
id_33752,1201
id_33753,2114
id_33754,1863
id_33755,2903
id_33756,1784
id_33757,1220
id_33758,1864
id_33759,2727
id_33760,3929
id_33761,3778
id_33762,1495
id_33763,2129
id_33764,3131
id_33765,2772
id_33766,1924
id_33767,3496
id_33768,2635
id_33769,2971
id_33770,7593
id_33771,6143
id_33772,1434
id_33773,1066
id_33774,4159
id_33775,2764
id_33776,1519
id_33777,2703
id_33778,3056
id_33779,11704
id_33780,2468
id_33781,4659
id_33782,3603
id_33783,4860
id_33784,2493
id_33785,2409
id_33786,6494
id_33787,9841
id_33788,1596
id_33789,1890
id_33790,4260
id_33791,2844
id_33792,3278
id_33793,1667
id_33794,11984
id_33795,1369
id_33796,1589
id_33797,1365
id_33798,3073
id_33799,1630
id_33800,1044
id_33801,1831
id_33802,6910
id_33803,7713
id_33804,2350
id_33805,3239
id_33806,6044
id_33807,2289
id_33808,1652
id_33809,1432
id_33810,3536
id_33811,1415
id_33812,4017
id_33813,2504
id_33814,3377
id_33815,5815
id_33816,2390
id_33817,6972
id_33818,5496
id_33819,3851
id_33820,6109
id_33821,3837
id_33822,3212
id_33823,2758
id_33824,6089
id_33825,4420
id_33826,2488
id_33827,2036
id_33828,1860
id_33829,4336
id_33830,4283
id_33831,23448
id_33832,4391
id_33833,11523
id_33834,3651
id_33835,8091
id_33836,9668
id_33837,2602
id_33838,4851
id_33839,2156
id_33840,1938
id_33841,3633
id_33842,1996
id_33843,2384
id_33844,12501
id_33845,1989
id_33846,5989
id_33847,7215
id_33848,1565
id_33849,1550
id_33850,1531
id_33851,6229
id_33852,2365
id_33853,3182
id_33854,1974
id_33855,3423
id_33856,10456
id_33857,6725
id_33858,3428
id_33859,2742
id_33860,6342
id_33861,2219
id_33862,2871
id_33863,1844
id_33864,1500
id_33865,1080
id_33866,2838
id_33867,8387
id_33868,1310
id_33869,15682
id_33870,3035
id_33871,1674
id_33872,1477
id_33873,1766
id_33874,12969
id_33875,3021
id_33876,18904
id_33877,1504
id_33878,5603
id_33879,5750
id_33880,1764
id_33881,1908
id_33882,8210
id_33883,2838
id_33884,5512
id_33885,2709
id_33886,3250
id_33887,3605
id_33888,3223
id_33889,2430
id_33890,5821
id_33891,1876
id_33892,2698
id_33893,10024
id_33894,1664
id_33895,2663
id_33896,3049
id_33897,4927
id_33898,3081
id_33899,3872
id_33900,2355
id_33901,1443
id_33902,1553
id_33903,2248
id_33904,2279
id_33905,1316
id_33906,1180
id_33907,5753
id_33908,3185
id_33909,10559
id_33910,9711
id_33911,3173
id_33912,3752
id_33913,2988
id_33914,3623
id_33915,6829
id_33916,1258
id_33917,1881
id_33918,1279
id_33919,977
id_33920,21421
id_33921,6702
id_33922,1986
id_33923,2581
id_33924,1654
id_33925,6014
id_33926,1371
id_33927,3416
id_33928,1803
id_33929,2182
id_33930,6197
id_33931,6205
id_33932,5517
id_33933,2365
id_33934,3117
id_33935,1251
id_33936,2371
id_33937,5759
id_33938,3468
id_33939,1239
id_33940,6112
id_33941,2311
id_33942,22675
id_33943,12425
id_33944,3050
id_33945,2464
id_33946,8361
id_33947,3083
id_33948,7296
id_33949,1370
id_33950,3127
id_33951,5562
id_33952,4468
id_33953,4258
id_33954,3889
id_33955,1595
id_33956,2862
id_33957,1951
id_33958,1727
id_33959,1370
id_33960,5610
id_33961,9485
id_33962,9744
id_33963,5828
id_33964,6081
id_33965,1949
id_33966,6659
id_33967,2468
id_33968,9625
id_33969,1580
id_33970,3796
id_33971,5751
id_33972,5403
id_33973,3781
id_33974,2382
id_33975,4776
id_33976,2459
id_33977,2830
id_33978,2001
id_33979,1716
id_33980,2039
id_33981,5511
id_33982,1115
id_33983,3654
id_33984,1850
id_33985,1496
id_33986,5939
id_33987,4538
id_33988,2760
id_33989,3157
id_33990,11149
id_33991,3834
id_33992,11209
id_33993,2336
id_33994,1260
id_33995,37399
id_33996,2971
id_33997,2569
id_33998,1658
id_33999,1912
id_34000,1271
id_34001,2231
id_34002,10440
id_34003,7274
id_34004,2039
id_34005,2893
id_34006,2033
id_34007,1518
id_34008,18862
id_34009,5094
id_34010,7157
id_34011,12316
id_34012,2680
id_34013,7880
id_34014,2331
id_34015,3702
id_34016,5287
id_34017,2978
id_34018,943
id_34019,3381
id_34020,3295
id_34021,7109
id_34022,4315
id_34023,1783
id_34024,1916
id_34025,4347
id_34026,3394
id_34027,3479
id_34028,3887
id_34029,10841
id_34030,5333
id_34031,20041
id_34032,7012
id_34033,1278
id_34034,4501
id_34035,1671
id_34036,3133
id_34037,2608
id_34038,2322
id_34039,1291
id_34040,1393
id_34041,5609
id_34042,3500
id_34043,2927
id_34044,6707
id_34045,2451
id_34046,2646
id_34047,6629
id_34048,17791
id_34049,3819
id_34050,10290
id_34051,4955
id_34052,3738
id_34053,1592
id_34054,5364
id_34055,2324
id_34056,2199
id_34057,8534
id_34058,2069
id_34059,3658
id_34060,1177
id_34061,3104
id_34062,4207
id_34063,1217
id_34064,2759
id_34065,4837
id_34066,6801
id_34067,3907
id_34068,2498
id_34069,6410
id_34070,4711
id_34071,2875
id_34072,8897
id_34073,4999
id_34074,8649
id_34075,6725
id_34076,2085
id_34077,3340
id_34078,1176
id_34079,4336
id_34080,2952
id_34081,3647
id_34082,1344
id_34083,3530
id_34084,3372
id_34085,4710
id_34086,1295
id_34087,11932
id_34088,2094
id_34089,1069
id_34090,2496
id_34091,3530
id_34092,2523
id_34093,2630
id_34094,2946
id_34095,2840
id_34096,4207
id_34097,4459
id_34098,2245
id_34099,2297
id_34100,2620
id_34101,1268
id_34102,2518
id_34103,1535
id_34104,2549
id_34105,4670
id_34106,1731
id_34107,2591
id_34108,2037
id_34109,1769
id_34110,1502
id_34111,2608
id_34112,1653
id_34113,2703
id_34114,1821
id_34115,1749
id_34116,2204
id_34117,1868
id_34118,2361
id_34119,1775
id_34120,7063
id_34121,8434
id_34122,3192
id_34123,1654
id_34124,5955
id_34125,5399
id_34126,20865
id_34127,2513
id_34128,3673
id_34129,2508
id_34130,5177
id_34131,2190
id_34132,2214
id_34133,2003
id_34134,7653
id_34135,9795
id_34136,2229
id_34137,4446
id_34138,1311
id_34139,7165
id_34140,2213
id_34141,3741
id_34142,10235
id_34143,2163
id_34144,10235
id_34145,5510
id_34146,1254
id_34147,9634
id_34148,1827
id_34149,1419
id_34150,2253
id_34151,1462
id_34152,4385
id_34153,2400
id_34154,1392
id_34155,3728
id_34156,3456
id_34157,1584
id_34158,1127
id_34159,2660
id_34160,6259
id_34161,10671
id_34162,2996
id_34163,7303
id_34164,2928
id_34165,3319
id_34166,5673
id_34167,3333
id_34168,4686
id_34169,3336
id_34170,21166
id_34171,5050
id_34172,2208
id_34173,3324
id_34174,3249
id_34175,1655
id_34176,2013
id_34177,1391
id_34178,8291
id_34179,1310
id_34180,2174
id_34181,4088
id_34182,8328
id_34183,1102
id_34184,2009
id_34185,5537
id_34186,2837
id_34187,12727
id_34188,2191
id_34189,6973
id_34190,1269
id_34191,2585
id_34192,2853
id_34193,1710
id_34194,1404
id_34195,3656
id_34196,2524
id_34197,14084
id_34198,6077
id_34199,12680
id_34200,4112
id_34201,5341
id_34202,5976
id_34203,9037
id_34204,3820
id_34205,3866
id_34206,2569
id_34207,3214
id_34208,1473
id_34209,2795
id_34210,11935
id_34211,2072
id_34212,1176
id_34213,4153
id_34214,1707
id_34215,3177
id_34216,2681
id_34217,4929
id_34218,3159
id_34219,9381
id_34220,8898
id_34221,2880
id_34222,1560
id_34223,4205
id_34224,1305
id_34225,1726
id_34226,9984
id_34227,2162
id_34228,4746
id_34229,2732
id_34230,1902
id_34231,2153
id_34232,1045
id_34233,1197
id_34234,4391
id_34235,1978
id_34236,4931
id_34237,7119
id_34238,1303
id_34239,1893
id_34240,5645
id_34241,4123
id_34242,3058
id_34243,4563
id_34244,7137
id_34245,2833
id_34246,9889
id_34247,2238
id_34248,5609
id_34249,10851
id_34250,2509
id_34251,3468
id_34252,11261
id_34253,2519
id_34254,4864
id_34255,2607
id_34256,3650
id_34257,6036
id_34258,1770
id_34259,4396
id_34260,1388
id_34261,1115
id_34262,8992
id_34263,4237
id_34264,2159
id_34265,2453
id_34266,2133
id_34267,4198
id_34268,4345
id_34269,8224
id_34270,2044
id_34271,3244
id_34272,1701
id_34273,2565
id_34274,3578
id_34275,2031
id_34276,9609
id_34277,3755
id_34278,3185
id_34279,7251
id_34280,2208
id_34281,1668
id_34282,3390
id_34283,6105
id_34284,1183
id_34285,1560
id_34286,6602
id_34287,2074
id_34288,2484
id_34289,8298
id_34290,5763
id_34291,2179
id_34292,2895
id_34293,1490
id_34294,2188
id_34295,1625
id_34296,3342
id_34297,2868
id_34298,1971
id_34299,2647
id_34300,7554
id_34301,3948
id_34302,2929
id_34303,2218
id_34304,7759
id_34305,3667
id_34306,2806
id_34307,2707
id_34308,3573
id_34309,1782
id_34310,3220
id_34311,3078
id_34312,3754
id_34313,5071
id_34314,4670
id_34315,3158
id_34316,1372
id_34317,2252
id_34318,2476
id_34319,16784
id_34320,3244
id_34321,3053
id_34322,2550
id_34323,4053
id_34324,3431
id_34325,9045
id_34326,4570
id_34327,2412
id_34328,7161
id_34329,2058
id_34330,2337
id_34331,3440
id_34332,4543
id_34333,5202
id_34334,1634
id_34335,1458
id_34336,8309
id_34337,2355
id_34338,1884
id_34339,4116
id_34340,3051
id_34341,3465
id_34342,4146
id_34343,3647
id_34344,1918
id_34345,3531
id_34346,4412
id_34347,9057
id_34348,1925
id_34349,1554
id_34350,2675
id_34351,2101
id_34352,1790
id_34353,1516
id_34354,10628
id_34355,2074
id_34356,1463
id_34357,1655
id_34358,1799
id_34359,904
id_34360,2403
id_34361,1509
id_34362,8621
id_34363,2282
id_34364,2320
id_34365,2736
id_34366,3558
id_34367,5129
id_34368,7454
id_34369,3025
id_34370,2481
id_34371,11716
id_34372,3046
id_34373,1504
id_34374,6914
id_34375,2276
id_34376,4160
id_34377,1900
id_34378,2992
id_34379,1145
id_34380,1833
id_34381,3841
id_34382,1614
id_34383,1962
id_34384,9390
id_34385,1454
id_34386,4403
id_34387,1874
id_34388,6363
id_34389,3411
id_34390,2275
id_34391,2503
id_34392,4388
id_34393,9656
id_34394,9998
id_34395,11537
id_34396,12183
id_34397,1221
id_34398,1107
id_34399,2952
id_34400,1278
id_34401,2408
id_34402,6783
id_34403,4823
id_34404,1317
id_34405,2436
id_34406,7031
id_34407,2114
id_34408,8045
id_34409,4762
id_34410,8502
id_34411,3687
id_34412,912
id_34413,1415
id_34414,3114
id_34415,8488
id_34416,2208
id_34417,1109
id_34418,1114
id_34419,3504
id_34420,1673
id_34421,2530
id_34422,3561
id_34423,2873
id_34424,2285
id_34425,5104
id_34426,925
id_34427,2316
id_34428,4199
id_34429,2730
id_34430,2548
id_34431,7332
id_34432,2788
id_34433,2163
id_34434,8718
id_34435,5205
id_34436,2598
id_34437,8446
id_34438,2839
id_34439,1535
id_34440,2449
id_34441,4464
id_34442,1611
id_34443,1019
id_34444,2496
id_34445,1899
id_34446,856
id_34447,1577
id_34448,4058
id_34449,4404
id_34450,1991
id_34451,3844
id_34452,4669
id_34453,1241
id_34454,3211
id_34455,1700
id_34456,3335
id_34457,4227
id_34458,1669
id_34459,4467
id_34460,4677
id_34461,4355
id_34462,36704
id_34463,2330
id_34464,3353
id_34465,2413
id_34466,4372
id_34467,2712
id_34468,4904
id_34469,2169
id_34470,5340
id_34471,8603
id_34472,4306
id_34473,5048
id_34474,4547
id_34475,8492
id_34476,2577
id_34477,2414
id_34478,1764
id_34479,6164
id_34480,3170
id_34481,4355
id_34482,3073
id_34483,5821
id_34484,3928
id_34485,1708
id_34486,1717
id_34487,1259
id_34488,1972
id_34489,4752
id_34490,8809
id_34491,2114
id_34492,18129
id_34493,7334
id_34494,8141
id_34495,2665
id_34496,11455
id_34497,2667
id_34498,2850
id_34499,1278
id_34500,8803
id_34501,2089
id_34502,2351
id_34503,10427
id_34504,6204
id_34505,3225
id_34506,2617
id_34507,2642
id_34508,2190
id_34509,1716
id_34510,5460
id_34511,2774
id_34512,2259
id_34513,3953
id_34514,1551
id_34515,1937
id_34516,2316
id_34517,7920
id_34518,2473
id_34519,3145
id_34520,3700
id_34521,1646
id_34522,1484
id_34523,4007
id_34524,1219
id_34525,11432
id_34526,3526
id_34527,1873
id_34528,2501
id_34529,7523
id_34530,5138
id_34531,2972
id_34532,1296
id_34533,2836
id_34534,2418
id_34535,1973
id_34536,4752
id_34537,5857
id_34538,1685
id_34539,2688
id_34540,3132
id_34541,6286
id_34542,1884
id_34543,4698
id_34544,4768
id_34545,2439
id_34546,1304
id_34547,3342
id_34548,6673
id_34549,6998
id_34550,5158
id_34551,3925
id_34552,3554
id_34553,1669
id_34554,3247
id_34555,2478
id_34556,9622
id_34557,3804
id_34558,2974
id_34559,3546
id_34560,13438
id_34561,2444
id_34562,1017
id_34563,8211
id_34564,2950
id_34565,3096
id_34566,5672
id_34567,4386
id_34568,1631
id_34569,4413
id_34570,1615
id_34571,1510
id_34572,5233
id_34573,1813
id_34574,3188
id_34575,3840
id_34576,2392
id_34577,975
id_34578,5174
id_34579,2463
id_34580,3093
id_34581,8156
id_34582,8193
id_34583,4709
id_34584,3536
id_34585,5856
id_34586,7444
id_34587,5470
id_34588,11161
id_34589,2952
id_34590,2116
id_34591,5187
id_34592,3807
id_34593,2687
id_34594,1637
id_34595,4453
id_34596,4652
id_34597,1311
id_34598,4425
id_34599,3357
id_34600,1774
id_34601,5489
id_34602,3687
id_34603,6779
id_34604,6503
id_34605,3425
id_34606,3509
id_34607,3472
id_34608,4516
id_34609,1594
id_34610,2454
id_34611,2083
id_34612,1623
id_34613,1169
id_34614,4459
id_34615,10380
id_34616,2889
id_34617,2406
id_34618,2569
id_34619,11441
id_34620,2958
id_34621,2370
id_34622,1444
id_34623,7086
id_34624,5455
id_34625,5764
id_34626,2040
id_34627,4190
id_34628,1742
id_34629,2294
id_34630,42726
id_34631,6312
id_34632,1925
id_34633,4143
id_34634,2250
id_34635,1268
id_34636,2331
id_34637,6882
id_34638,1580
id_34639,9010
id_34640,1389
id_34641,2406
id_34642,19276
id_34643,2277
id_34644,3710
id_34645,3385
id_34646,3228
id_34647,939
id_34648,2873
id_34649,1964
id_34650,1976
id_34651,3543
id_34652,1262
id_34653,8523
id_34654,2592
id_34655,5193
id_34656,2707
id_34657,3001
id_34658,4199
id_34659,2340
id_34660,2382
id_34661,1506
id_34662,3313
id_34663,2017
id_34664,4215
id_34665,6673
id_34666,4839
id_34667,37214
id_34668,1581
id_34669,1736
id_34670,1371
id_34671,1407
id_34672,1773
id_34673,2870
id_34674,2877
id_34675,2264
id_34676,1607
id_34677,1960
id_34678,1986
id_34679,2508
id_34680,3165
id_34681,1530
id_34682,2291
id_34683,5788
id_34684,2231
id_34685,2306
id_34686,7170
id_34687,3665
id_34688,3540
id_34689,3655
id_34690,3578
id_34691,1891
id_34692,2175
id_34693,3438
id_34694,3818
id_34695,2959
id_34696,2617
id_34697,6732
id_34698,1421
id_34699,6510
id_34700,1455
id_34701,4905
id_34702,2408
id_34703,8370
id_34704,1964
id_34705,1434
id_34706,3496
id_34707,4870
id_34708,15213
id_34709,2839
id_34710,1894
id_34711,2132
id_34712,1950
id_34713,1848
id_34714,1363
id_34715,5385
id_34716,3168
id_34717,2315
id_34718,9059
id_34719,4195
id_34720,13263
id_34721,13629
id_34722,5852
id_34723,3709
id_34724,3310
id_34725,3338
id_34726,4907
id_34727,2897
id_34728,1478
id_34729,3775
id_34730,6439
id_34731,7749
id_34732,4433
id_34733,1197
id_34734,1956
id_34735,7002
id_34736,1959
id_34737,1332
id_34738,1677
id_34739,1236
id_34740,5354
id_34741,5443
id_34742,2683
id_34743,1375
id_34744,3214
id_34745,2096
id_34746,1614
id_34747,5621
id_34748,6326
id_34749,3184
id_34750,9004
id_34751,2318
id_34752,1882
id_34753,5637
id_34754,1518
id_34755,6166
id_34756,2332
id_34757,1223
id_34758,4197
id_34759,1871
id_34760,3248
id_34761,2220
id_34762,1168
id_34763,4690
id_34764,1947
id_34765,9139
id_34766,1842
id_34767,10628
id_34768,2081
id_34769,5324
id_34770,3812
id_34771,2220
id_34772,2334
id_34773,12891
id_34774,2447
id_34775,5905
id_34776,3012
id_34777,1354
id_34778,4218
id_34779,10441
id_34780,4623
id_34781,1497
id_34782,4104
id_34783,7324
id_34784,2563
id_34785,5188
id_34786,4086
id_34787,2107
id_34788,3465
id_34789,1566
id_34790,4790
id_34791,3092
id_34792,3330
id_34793,2775
id_34794,4584
id_34795,5709
id_34796,4828
id_34797,2325
id_34798,1742
id_34799,8925
id_34800,2891
id_34801,2809
id_34802,2962
id_34803,1919
id_34804,1790
id_34805,2278
id_34806,1519
id_34807,7622
id_34808,2357
id_34809,2451
id_34810,2344
id_34811,6118
id_34812,2336
id_34813,3954
id_34814,6054
id_34815,5896
id_34816,1867
id_34817,2560
id_34818,5114
id_34819,10389
id_34820,19638
id_34821,1263
id_34822,2430
id_34823,1998
id_34824,1254
id_34825,2375
id_34826,1281
id_34827,1316
id_34828,6471
id_34829,1662
id_34830,1651
id_34831,5982
id_34832,6394
id_34833,2589
id_34834,3413
id_34835,3775
id_34836,1472
id_34837,1910
id_34838,1532
id_34839,4497
id_34840,1878
id_34841,7023
id_34842,1429
id_34843,1283
id_34844,7026
id_34845,3841
id_34846,3737
id_34847,1419
id_34848,1966
id_34849,2449
id_34850,3282
id_34851,1666
id_34852,8631
id_34853,1791
id_34854,3689
id_34855,6396
id_34856,6711
id_34857,2460
id_34858,3210
id_34859,7577
id_34860,1834
id_34861,2924
id_34862,5025
id_34863,3960
id_34864,1691
id_34865,7065
id_34866,6269
id_34867,1837
id_34868,5074
id_34869,2117
id_34870,2114
id_34871,9982
id_34872,5451
id_34873,4471
id_34874,7570
id_34875,4483
id_34876,5452
id_34877,8788
id_34878,2736
id_34879,7851
id_34880,1759
id_34881,8451
id_34882,2677
id_34883,2099
id_34884,4057
id_34885,6191
id_34886,2091
id_34887,2731
id_34888,1626
id_34889,1307
id_34890,2308
id_34891,3063
id_34892,3748
id_34893,4023
id_34894,3477
id_34895,1819
id_34896,4084
id_34897,2764
id_34898,11444
id_34899,3933
id_34900,2425
id_34901,5380
id_34902,1526
id_34903,7399
id_34904,7387
id_34905,2367
id_34906,16274
id_34907,1856
id_34908,5364
id_34909,1539
id_34910,7150
id_34911,1376
id_34912,1693
id_34913,3074
id_34914,1689
id_34915,1697
id_34916,6198
id_34917,4436
id_34918,2625
id_34919,7057
id_34920,1961
id_34921,1852
id_34922,3061
id_34923,4113
id_34924,10294
id_34925,1984
id_34926,2486
id_34927,1749
id_34928,2724
id_34929,1303
id_34930,2015
id_34931,8676
id_34932,4238
id_34933,1647
id_34934,2943
id_34935,1629
id_34936,15069
id_34937,1501
id_34938,1783
id_34939,3989
id_34940,3781
id_34941,6271
id_34942,2967
id_34943,1817
id_34944,1157
id_34945,1333
id_34946,3919
id_34947,2575
id_34948,3167
id_34949,11168
id_34950,1724
id_34951,4035
id_34952,4826
id_34953,3497
id_34954,1566
id_34955,2788
id_34956,1960
id_34957,2715
id_34958,1523
id_34959,1099
id_34960,5499
id_34961,5104
id_34962,5355
id_34963,2275
id_34964,1746
id_34965,3165
id_34966,5919
id_34967,2749
id_34968,2839
id_34969,1150
id_34970,1339
id_34971,2380
id_34972,6368
id_34973,1737
id_34974,2144
id_34975,1610
id_34976,2380
id_34977,11545
id_34978,6015
id_34979,9207
id_34980,1566
id_34981,2947
id_34982,4534
id_34983,3083
id_34984,2499
id_34985,3993
id_34986,3194
id_34987,3530
id_34988,19330
id_34989,2008
id_34990,3626
id_34991,3372
id_34992,7860
id_34993,4873
id_34994,5314
id_34995,7017
id_34996,2755
id_34997,5241
id_34998,7816
id_34999,2025
id_35000,2295
id_35001,2527
id_35002,2860
id_35003,8679
id_35004,1309
id_35005,1985
id_35006,11291
id_35007,2299
id_35008,1463
id_35009,2474
id_35010,2414
id_35011,2009
id_35012,2886
id_35013,3112
id_35014,3226
id_35015,1258
id_35016,6910
id_35017,5920
id_35018,6786
id_35019,6760
id_35020,1976
id_35021,4803
id_35022,5736
id_35023,7390
id_35024,2032
id_35025,3195
id_35026,2883
id_35027,1229
id_35028,4498
id_35029,6741
id_35030,3659
id_35031,9531
id_35032,3699
id_35033,5167
id_35034,3267
id_35035,3986
id_35036,4599
id_35037,5565
id_35038,2924
id_35039,4515
id_35040,2369
id_35041,7013
id_35042,2895
id_35043,2823
id_35044,2819
id_35045,2030
id_35046,3003
id_35047,2595
id_35048,1957
id_35049,1862
id_35050,2243
id_35051,6304
id_35052,3276
id_35053,2577
id_35054,2219
id_35055,1336
id_35056,10038
id_35057,4820
id_35058,1373
id_35059,3902
id_35060,1067
id_35061,2358
id_35062,1833
id_35063,1938
id_35064,4551
id_35065,2891
id_35066,2705
id_35067,2153
id_35068,3762
id_35069,1419
id_35070,988
id_35071,1075
id_35072,4005
id_35073,1065
id_35074,2887
id_35075,3174
id_35076,4216
id_35077,1792
id_35078,2211
id_35079,2264
id_35080,1917
id_35081,3113
id_35082,1801
id_35083,2784
id_35084,2606
id_35085,6611
id_35086,5238
id_35087,1705
id_35088,13148
id_35089,7411
id_35090,3445
id_35091,2264
id_35092,1638
id_35093,4204
id_35094,7300
id_35095,17910
id_35096,1096
id_35097,3587
id_35098,3485
id_35099,5376
id_35100,2965
id_35101,4181
id_35102,2811
id_35103,1553
id_35104,1579
id_35105,3999
id_35106,4201
id_35107,4488
id_35108,6932
id_35109,4993
id_35110,2534
id_35111,2627
id_35112,1849
id_35113,3213
id_35114,12279
id_35115,19637
id_35116,2643
id_35117,6084
id_35118,5901
id_35119,5003
id_35120,1087
id_35121,5274
id_35122,1708
id_35123,2420
id_35124,2073
id_35125,1719
id_35126,2095
id_35127,2704
id_35128,1428
id_35129,1591
id_35130,1570
id_35131,4591
id_35132,2015
id_35133,3023
id_35134,2827
id_35135,2718
id_35136,1823
id_35137,2853
id_35138,1505
id_35139,6362
id_35140,10633
id_35141,2953
id_35142,1076
id_35143,7910
id_35144,3126
id_35145,2015
id_35146,4068
id_35147,1998
id_35148,2150
id_35149,1947
id_35150,3748
id_35151,7650
id_35152,1251
id_35153,3007
id_35154,1571
id_35155,2443
id_35156,2399
id_35157,1898
id_35158,1166
id_35159,2749
id_35160,5302
id_35161,2116
id_35162,1239
id_35163,1285
id_35164,2896
id_35165,2109
id_35166,4736
id_35167,1779
id_35168,2951
id_35169,2497
id_35170,2093
id_35171,2480
id_35172,5979
id_35173,7635
id_35174,3832
id_35175,1868
id_35176,7117
id_35177,3545
id_35178,3224
id_35179,1708
id_35180,6150
id_35181,1554
id_35182,2552
id_35183,1104
id_35184,2989
id_35185,1201
id_35186,1532
id_35187,969
id_35188,2152
id_35189,3556
id_35190,8122
id_35191,2411
id_35192,1638
id_35193,11001
id_35194,10914
id_35195,4167
id_35196,4486
id_35197,5213
id_35198,1223
id_35199,2874
id_35200,4304
id_35201,2974
id_35202,2409
id_35203,2377
id_35204,1748
id_35205,6821
id_35206,3572
id_35207,2029
id_35208,3380
id_35209,4119
id_35210,990
id_35211,11530
id_35212,2394
id_35213,32479
id_35214,1477
id_35215,2225
id_35216,10709
id_35217,2707
id_35218,2483
id_35219,3348
id_35220,2666
id_35221,2891
id_35222,1352
id_35223,1467
id_35224,3716
id_35225,2824
id_35226,1596
id_35227,1913
id_35228,2124
id_35229,1873
id_35230,2353
id_35231,2843
id_35232,7162
id_35233,1874
id_35234,8968
id_35235,2602
id_35236,3528
id_35237,2579
id_35238,2087
id_35239,4737
id_35240,5084
id_35241,1855
id_35242,4138
id_35243,2437
id_35244,2575
id_35245,1433
id_35246,2917
id_35247,1809
id_35248,2614
id_35249,2783
id_35250,1290
id_35251,2954
id_35252,8226
id_35253,1430
id_35254,880
id_35255,8619
id_35256,1595
id_35257,2794
id_35258,9623
id_35259,5509
id_35260,1865
id_35261,2933
id_35262,4846
id_35263,2109
id_35264,2093
id_35265,2574
id_35266,3942
id_35267,2689
id_35268,1596
id_35269,12338
id_35270,1223
id_35271,8111
id_35272,1320
id_35273,2506
id_35274,3054
id_35275,1451
id_35276,8537
id_35277,2667
id_35278,1093
id_35279,11477
id_35280,8446
id_35281,7953
id_35282,1186
id_35283,7024
id_35284,2285
id_35285,4860
id_35286,4832
id_35287,4274
id_35288,2216
id_35289,2606
id_35290,6649
id_35291,7796
id_35292,2787
id_35293,7225
id_35294,6391
id_35295,4182
id_35296,3811
id_35297,3726
id_35298,3177
id_35299,2207
id_35300,1674
id_35301,1898
id_35302,1477
id_35303,2245
id_35304,1113
id_35305,2537
id_35306,1700
id_35307,4150
id_35308,10804
id_35309,2618
id_35310,2611
id_35311,2744
id_35312,1599
id_35313,7736
id_35314,1693
id_35315,2586
id_35316,4151
id_35317,2084
id_35318,5782
id_35319,2925
id_35320,5081
id_35321,2167
id_35322,5129
id_35323,3845
id_35324,2658
id_35325,3693
id_35326,2722
id_35327,2113
id_35328,1862
id_35329,2520
id_35330,7471
id_35331,1431
id_35332,1215
id_35333,5807
id_35334,3302
id_35335,1637
id_35336,5929
id_35337,2681
id_35338,2700
id_35339,2517
id_35340,1675
id_35341,4215
id_35342,4414
id_35343,14024
id_35344,2365
id_35345,2380
id_35346,2353
id_35347,3317
id_35348,10278
id_35349,2474
id_35350,2562
id_35351,5259
id_35352,4711
id_35353,7774
id_35354,5456
id_35355,12531
id_35356,4606
id_35357,2597
id_35358,3073
id_35359,4842
id_35360,12167
id_35361,1761
id_35362,6653
id_35363,2799
id_35364,5571
id_35365,5455
id_35366,9546
id_35367,2284
id_35368,1497
id_35369,3524
id_35370,1230
id_35371,2648
id_35372,25940
id_35373,2400
id_35374,1961
id_35375,3791
id_35376,3483
id_35377,11023
id_35378,2425
id_35379,2133
id_35380,8556
id_35381,1424
id_35382,1480
id_35383,3216
id_35384,4599
id_35385,9170
id_35386,3011
id_35387,4731
id_35388,8760
id_35389,6388
id_35390,2975
id_35391,1973
id_35392,4287
id_35393,5850
id_35394,10349
id_35395,4038
id_35396,2876
id_35397,1068
id_35398,1324
id_35399,3826
id_35400,3955
id_35401,3141
id_35402,1760
id_35403,5553
id_35404,14847
id_35405,4574
id_35406,3747
id_35407,7938
id_35408,2721
id_35409,8562
id_35410,1455
id_35411,4360
id_35412,3877
id_35413,3645
id_35414,3057
id_35415,5141
id_35416,1764
id_35417,1796
id_35418,7326
id_35419,3110
id_35420,4492
id_35421,2152
id_35422,4977
id_35423,6251
id_35424,2746
id_35425,8544
id_35426,6363
id_35427,2776
id_35428,1671
id_35429,2537
id_35430,1224
id_35431,2245
id_35432,3195
id_35433,3105
id_35434,4983
id_35435,1993
id_35436,1387
id_35437,2565
id_35438,2377
id_35439,1864
id_35440,8484
id_35441,4171
id_35442,2192
id_35443,3575
id_35444,4622
id_35445,2470
id_35446,2281
id_35447,1453
id_35448,1317
id_35449,5680
id_35450,3015
id_35451,5025
id_35452,1073
id_35453,1487
id_35454,2052
id_35455,2997
id_35456,3352
id_35457,1697
id_35458,2270
id_35459,8397
id_35460,2683
id_35461,8816
id_35462,6206
id_35463,3551
id_35464,11928
id_35465,3279
id_35466,5216
id_35467,5717
id_35468,6117
id_35469,4409
id_35470,1421
id_35471,1542
id_35472,3895
id_35473,2848
id_35474,6580
id_35475,1374
id_35476,1505
id_35477,1219
id_35478,5046
id_35479,4136
id_35480,3287
id_35481,2732
id_35482,4028
id_35483,10568
id_35484,2447
id_35485,1437
id_35486,1786
id_35487,2882
id_35488,3346
id_35489,2926
id_35490,2121
id_35491,2209
id_35492,4122
id_35493,1061
id_35494,11009
id_35495,3313
id_35496,2772
id_35497,3850
id_35498,3486
id_35499,1818
id_35500,2781
id_35501,2183
id_35502,1112
id_35503,8733
id_35504,8459
id_35505,3336
id_35506,3464
id_35507,1680
id_35508,1684
id_35509,4202
id_35510,5021
id_35511,2038
id_35512,2561
id_35513,9355
id_35514,7000
id_35515,2339
id_35516,1619
id_35517,1856
id_35518,3558
id_35519,3333
id_35520,2514
id_35521,2028
id_35522,4600
id_35523,1702
id_35524,2720
id_35525,4480
id_35526,2302
id_35527,1339
id_35528,2683
id_35529,2508
id_35530,4466
id_35531,5140
id_35532,2253
id_35533,8190
id_35534,2572
id_35535,7310
id_35536,2677
id_35537,7867
id_35538,6475
id_35539,5574
id_35540,1268
id_35541,5083
id_35542,6369
id_35543,2550
id_35544,2844
id_35545,6055
id_35546,2351
id_35547,3947
id_35548,1560
id_35549,3028
id_35550,4266
id_35551,2201
id_35552,8616
id_35553,2156
id_35554,3269
id_35555,3800
id_35556,1557
id_35557,6608
id_35558,1672
id_35559,1509
id_35560,1910
id_35561,3646
id_35562,3575
id_35563,966
id_35564,937
id_35565,3677
id_35566,5101
id_35567,9394
id_35568,2039
id_35569,3966
id_35570,1366
id_35571,6810
id_35572,11586
id_35573,5068
id_35574,1072
id_35575,3283
id_35576,901
id_35577,3946
id_35578,5725
id_35579,5790
id_35580,9702
id_35581,1985
id_35582,2921
id_35583,4929
id_35584,1206
id_35585,3952
id_35586,3939
id_35587,2859
id_35588,6179
id_35589,2889
id_35590,2116
id_35591,2377
id_35592,1455
id_35593,11676
id_35594,1240
id_35595,3409
id_35596,2484
id_35597,1064
id_35598,1445
id_35599,1408
id_35600,3112
id_35601,1778
id_35602,1729
id_35603,2156
id_35604,2126
id_35605,1929
id_35606,1791
id_35607,1380
id_35608,1229
id_35609,4700
id_35610,2377
id_35611,3015
id_35612,1763
id_35613,8041
id_35614,2475
id_35615,2180
id_35616,3702
id_35617,1264
id_35618,3424
id_35619,5559
id_35620,2462
id_35621,9693
id_35622,2400
id_35623,2373
id_35624,1515
id_35625,3981
id_35626,3565
id_35627,3702
id_35628,4627
id_35629,1544
id_35630,4256
id_35631,5191
id_35632,2050
id_35633,2047
id_35634,3209
id_35635,6867
id_35636,1451
id_35637,5024
id_35638,6684
id_35639,2002
id_35640,3717
id_35641,1186
id_35642,5067
id_35643,2930
id_35644,2205
id_35645,2432
id_35646,1619
id_35647,2900
id_35648,3729
id_35649,4967
id_35650,3826
id_35651,3902
id_35652,12216
id_35653,1161
id_35654,4246
id_35655,1193
id_35656,3656
id_35657,1993
id_35658,5758
id_35659,5188
id_35660,3519
id_35661,6940
id_35662,3694
id_35663,2681
id_35664,5527
id_35665,2088
id_35666,1572
id_35667,2020
id_35668,1330
id_35669,2023
id_35670,3824
id_35671,4658
id_35672,3430
id_35673,4044
id_35674,1342
id_35675,1674
id_35676,4007
id_35677,8345
id_35678,1664
id_35679,1842
id_35680,7191
id_35681,2236
id_35682,1456
id_35683,19417
id_35684,1283
id_35685,4243
id_35686,1999
id_35687,1562
id_35688,1333
id_35689,11443
id_35690,6298
id_35691,2154
id_35692,7120
id_35693,7110
id_35694,4078
id_35695,2179
id_35696,1590
id_35697,1367
id_35698,3352
id_35699,3802
id_35700,36619
id_35701,5153
id_35702,2228
id_35703,2596
id_35704,4884
id_35705,10288
id_35706,2136
id_35707,2564
id_35708,1928
id_35709,1389
id_35710,4156
id_35711,2616
id_35712,1251
id_35713,1103
id_35714,2250
id_35715,3391
id_35716,2094
id_35717,5311
id_35718,2906
id_35719,1968
id_35720,1747
id_35721,2466
id_35722,4327
id_35723,1413
id_35724,3173
id_35725,2338
id_35726,2257
id_35727,2182
id_35728,4124
id_35729,3043
id_35730,7659
id_35731,6691
id_35732,4067
id_35733,1398
id_35734,1369
id_35735,4946
id_35736,2948
id_35737,1850
id_35738,1335
id_35739,5126
id_35740,1486
id_35741,9040
id_35742,2236
id_35743,1113
id_35744,2543
id_35745,2743
id_35746,23135
id_35747,3205
id_35748,2794
id_35749,3325
id_35750,7522
id_35751,2670
id_35752,3161
id_35753,3644
id_35754,2219
id_35755,1360
id_35756,877
id_35757,4722
id_35758,1901
id_35759,1281
id_35760,2640
id_35761,4321
id_35762,1838
id_35763,2072
id_35764,7188
id_35765,2591
id_35766,4968
id_35767,1464
id_35768,1967
id_35769,4591
id_35770,2742
id_35771,1158
id_35772,2825
id_35773,3300
id_35774,2243
id_35775,8971
id_35776,3122
id_35777,1136
id_35778,5807
id_35779,6777
id_35780,1726
id_35781,5151
id_35782,1647
id_35783,5450
id_35784,2640
id_35785,4125
id_35786,2340
id_35787,4178
id_35788,1926
id_35789,3469
id_35790,2264
id_35791,4008
id_35792,1846
id_35793,3890
id_35794,1289
id_35795,5254
id_35796,13152
id_35797,2107
id_35798,2056
id_35799,1793
id_35800,1422
id_35801,1874
id_35802,2370
id_35803,4627
id_35804,5149
id_35805,3671
id_35806,4477
id_35807,2634
id_35808,1792
id_35809,8130
id_35810,2019
id_35811,1970
id_35812,1705
id_35813,4911
id_35814,3666
id_35815,3718
id_35816,1333
id_35817,1402
id_35818,1622
id_35819,2514
id_35820,1279
id_35821,5616
id_35822,3956
id_35823,1872
id_35824,10879
id_35825,2910
id_35826,5827
id_35827,7358
id_35828,2175
id_35829,1238
id_35830,2218
id_35831,2989
id_35832,7125
id_35833,5799
id_35834,979
id_35835,5680
id_35836,2905
id_35837,2536
id_35838,2788
id_35839,1180
id_35840,5699
id_35841,1588
id_35842,8116
id_35843,1268
id_35844,3389
id_35845,3642
id_35846,3602
id_35847,3461
id_35848,3175
id_35849,7061
id_35850,15903
id_35851,2092
id_35852,12476
id_35853,4361
id_35854,3770
id_35855,1695
id_35856,7796
id_35857,2435
id_35858,2882
id_35859,4873
id_35860,3787
id_35861,3037
id_35862,3427
id_35863,1833
id_35864,4465
id_35865,1413
id_35866,2345
id_35867,5235
id_35868,1292
id_35869,1229
id_35870,2227
id_35871,1971
id_35872,3016
id_35873,2786
id_35874,2191
id_35875,3286
id_35876,2003
id_35877,2889
id_35878,4571
id_35879,3098
id_35880,4971
id_35881,8007
id_35882,2261
id_35883,3975
id_35884,6764
id_35885,3411
id_35886,3100
id_35887,3346
id_35888,1621
id_35889,1567
id_35890,1329
id_35891,2716
id_35892,2932
id_35893,2820
id_35894,4232
id_35895,2365
id_35896,6387
id_35897,3137
id_35898,2844
id_35899,1949
id_35900,2753
id_35901,3077
id_35902,1965
id_35903,2694
id_35904,6547
id_35905,4594
id_35906,3716
id_35907,1879
id_35908,1274
id_35909,3238
id_35910,1336
id_35911,5060
id_35912,2023
id_35913,37063
id_35914,2248
id_35915,3796
id_35916,7789
id_35917,1430
id_35918,5000
id_35919,10232
id_35920,1269
id_35921,2518
id_35922,3043
id_35923,4086
id_35924,2114
id_35925,3129
id_35926,3043
id_35927,5368
id_35928,3204
id_35929,2401
id_35930,7943
id_35931,1840
id_35932,1506
id_35933,3103
id_35934,2495
id_35935,1252
id_35936,4274
id_35937,2773
id_35938,1826
id_35939,2638
id_35940,1322
id_35941,3987
id_35942,1722
id_35943,4256
id_35944,2315
id_35945,4561
id_35946,915
id_35947,2539
id_35948,8949
id_35949,3229
id_35950,5660
id_35951,1482
id_35952,1040
id_35953,8716
id_35954,2089
id_35955,3401
id_35956,2518
id_35957,2132
id_35958,6525
id_35959,3892
id_35960,3182
id_35961,4723
id_35962,3735
id_35963,1660
id_35964,1744
id_35965,5095
id_35966,9243
id_35967,10241
id_35968,5526
id_35969,3316
id_35970,4021
id_35971,4407
id_35972,1847
id_35973,2933
id_35974,2466
id_35975,5230
id_35976,2064
id_35977,2638
id_35978,2721
id_35979,1876
id_35980,3284
id_35981,1919
id_35982,6532
id_35983,5912
id_35984,7990
id_35985,2280
id_35986,2886
id_35987,1364
id_35988,2040
id_35989,4218
id_35990,2459
id_35991,1583
id_35992,4195
id_35993,3412
id_35994,2995
id_35995,4667
id_35996,2475
id_35997,1833
id_35998,5254
id_35999,5069
id_36000,2295
id_36001,1618
id_36002,1732
id_36003,2866
id_36004,4406
id_36005,1684
id_36006,1928
id_36007,3130
id_36008,3747
id_36009,6422
id_36010,7682
id_36011,2033
id_36012,3881
id_36013,2952
id_36014,3564
id_36015,1346
id_36016,9005
id_36017,3306
id_36018,7942
id_36019,5319
id_36020,2737
id_36021,1295
id_36022,3352
id_36023,2060
id_36024,1160
id_36025,8521
id_36026,2388
id_36027,1454
id_36028,4788
id_36029,5408
id_36030,1439
id_36031,1297
id_36032,1621
id_36033,4049
id_36034,2446
id_36035,13432
id_36036,2287
id_36037,4660
id_36038,1894
id_36039,3395
id_36040,1750
id_36041,1393
id_36042,1747
id_36043,9793
id_36044,1335
id_36045,5083
id_36046,1120
id_36047,15924
id_36048,12675
id_36049,4500
id_36050,2226
id_36051,4645
id_36052,7982
id_36053,4827
id_36054,5536
id_36055,2440
id_36056,6060
id_36057,1245
id_36058,2853
id_36059,2909
id_36060,2410
id_36061,6251
id_36062,1188
id_36063,6753
id_36064,2657
id_36065,4465
id_36066,3056
id_36067,10532
id_36068,1789
id_36069,3967
id_36070,18670
id_36071,2360
id_36072,2593
id_36073,2322
id_36074,3927
id_36075,2701
id_36076,1564
id_36077,2028
id_36078,3371
id_36079,7482
id_36080,6874
id_36081,5222
id_36082,2047
id_36083,3000
id_36084,2034
id_36085,2667
id_36086,1999
id_36087,1947
id_36088,4452
id_36089,1520
id_36090,2069
id_36091,2114
id_36092,3409
id_36093,1215
id_36094,1518
id_36095,1895
id_36096,1593
id_36097,1943
id_36098,2880
id_36099,2253
id_36100,3396
id_36101,4040
id_36102,3044
id_36103,5731
id_36104,2000
id_36105,6854
id_36106,2059
id_36107,6430
id_36108,5254
id_36109,2932
id_36110,2636
id_36111,1304
id_36112,1918
id_36113,1004
id_36114,2060
id_36115,1643
id_36116,2573
id_36117,2750
id_36118,3749
id_36119,3822
id_36120,2073
id_36121,1575
id_36122,4075
id_36123,4231
id_36124,5045
id_36125,11656
id_36126,2002
id_36127,1211
id_36128,1869
id_36129,1626
id_36130,1467
id_36131,2756
id_36132,916
id_36133,9480
id_36134,963
id_36135,7296
id_36136,3820
id_36137,7496
id_36138,3591
id_36139,5613
id_36140,26391
id_36141,2994
id_36142,5166
id_36143,2958
id_36144,2288
id_36145,1805
id_36146,20666
id_36147,2902
id_36148,2873
id_36149,10310
id_36150,5136
id_36151,1945
id_36152,14122
id_36153,3007
id_36154,9907
id_36155,1673
id_36156,2312
id_36157,1869
id_36158,7707
id_36159,12259
id_36160,2653
id_36161,1419
id_36162,2618
id_36163,8351
id_36164,2193
id_36165,3199
id_36166,1657
id_36167,1153
id_36168,1419
id_36169,1835
id_36170,2971
id_36171,11797
id_36172,4111
id_36173,5502
id_36174,1393
id_36175,2584
id_36176,2492
id_36177,2211
id_36178,7652
id_36179,2982
id_36180,12300
id_36181,1441
id_36182,1748
id_36183,2405
id_36184,23586
id_36185,15302
id_36186,946
id_36187,5087
id_36188,2229
id_36189,4820
id_36190,2229
id_36191,3655
id_36192,3155
id_36193,2929
id_36194,5047
id_36195,3137
id_36196,1779
id_36197,2101
id_36198,2678
id_36199,1521
id_36200,12974
id_36201,2850
id_36202,3667
id_36203,1828
id_36204,5934
id_36205,8306
id_36206,1968
id_36207,2896
id_36208,2229
id_36209,2063
id_36210,1051
id_36211,2646
id_36212,2387
id_36213,8095
id_36214,2474
id_36215,2319
id_36216,3779
id_36217,3935
id_36218,5710
id_36219,2831
id_36220,2529
id_36221,2397
id_36222,3744
id_36223,2048
id_36224,3298
id_36225,3981
id_36226,2386
id_36227,1763
id_36228,8461
id_36229,3006
id_36230,7424
id_36231,9721
id_36232,1976
id_36233,1604
id_36234,1531
id_36235,10085
id_36236,8588
id_36237,3355
id_36238,2920
id_36239,2300
id_36240,10403
id_36241,4177
id_36242,2472
id_36243,1361
id_36244,5788
id_36245,6084
id_36246,2377
id_36247,4938
id_36248,1681
id_36249,2843
id_36250,5619
id_36251,3065
id_36252,3671
id_36253,5443
id_36254,7776
id_36255,3522
id_36256,3029
id_36257,3884
id_36258,2454
id_36259,5052
id_36260,4014
id_36261,6009
id_36262,16315
id_36263,2955
id_36264,5054
id_36265,2281
id_36266,7200
id_36267,9316
id_36268,1737
id_36269,3805
id_36270,2231
id_36271,1767
id_36272,6887
id_36273,1692
id_36274,2202
id_36275,2655
id_36276,5431
id_36277,13294
id_36278,7105
id_36279,2845
id_36280,7094
id_36281,39068
id_36282,2323
id_36283,3861
id_36284,2460
id_36285,1603
id_36286,1801
id_36287,4600
id_36288,2596
id_36289,7176
id_36290,9968
id_36291,4157
id_36292,1513
id_36293,6049
id_36294,3384
id_36295,3277
id_36296,2194
id_36297,4426
id_36298,4952
id_36299,1823
id_36300,5053
id_36301,3754
id_36302,5646
id_36303,1104
id_36304,3024
id_36305,2393
id_36306,2295
id_36307,10889
id_36308,2533
id_36309,1597
id_36310,1757
id_36311,2743
id_36312,1995
id_36313,3441
id_36314,7397
id_36315,2877
id_36316,3706
id_36317,2012
id_36318,7747
id_36319,1218
id_36320,2077
id_36321,2161
id_36322,2896
id_36323,1116
id_36324,4615
id_36325,3135
id_36326,3687
id_36327,1373
id_36328,3830
id_36329,8961
id_36330,7512
id_36331,10764
id_36332,3022
id_36333,7797
id_36334,2022
id_36335,1243
id_36336,1917
id_36337,1811
id_36338,1053
id_36339,11883
id_36340,1426
id_36341,3371
id_36342,2818
id_36343,2777
id_36344,3930
id_36345,17642
id_36346,2360
id_36347,2425
id_36348,1062
id_36349,3678
id_36350,3399
id_36351,2032
id_36352,1281
id_36353,2332
id_36354,1197
id_36355,2592
id_36356,1251
id_36357,12992
id_36358,5722
id_36359,2767
id_36360,2329
id_36361,5532
id_36362,2178
id_36363,1108
id_36364,1147
id_36365,1923
id_36366,1477
id_36367,2010
id_36368,8479
id_36369,1636
id_36370,2326
id_36371,3013
id_36372,2243
id_36373,2899
id_36374,3516
id_36375,4653
id_36376,2238
id_36377,1110
id_36378,3076
id_36379,3018
id_36380,5882
id_36381,1926
id_36382,3602
id_36383,2308
id_36384,2047
id_36385,5356
id_36386,4414
id_36387,1927
id_36388,1859
id_36389,3857
id_36390,8874
id_36391,1405
id_36392,3537
id_36393,11632
id_36394,3898
id_36395,2909
id_36396,3631
id_36397,2419
id_36398,16654
id_36399,14457
id_36400,5199
id_36401,1418
id_36402,3947
id_36403,3360
id_36404,8793
id_36405,2122
id_36406,3970
id_36407,2257
id_36408,3689
id_36409,2849
id_36410,2615
id_36411,2142
id_36412,2940
id_36413,2362
id_36414,2715
id_36415,5322
id_36416,1388
id_36417,1513
id_36418,2204
id_36419,4281
id_36420,3686
id_36421,2224
id_36422,2510
id_36423,4346
id_36424,3708
id_36425,1585
id_36426,8099
id_36427,3595
id_36428,1653
id_36429,4003
id_36430,1314
id_36431,4794
id_36432,2867
id_36433,2150
id_36434,9497
id_36435,4903
id_36436,2782
id_36437,2028
id_36438,8305
id_36439,12458
id_36440,2717
id_36441,2677
id_36442,1319
id_36443,9967
id_36444,2265
id_36445,6939
id_36446,3972
id_36447,1516
id_36448,2024
id_36449,3370
id_36450,3091
id_36451,2278
id_36452,6336
id_36453,1879
id_36454,2187
id_36455,4948
id_36456,11615
id_36457,2309
id_36458,6994
id_36459,3486
id_36460,1679
id_36461,8012
id_36462,9636
id_36463,8639
id_36464,2393
id_36465,1557
id_36466,2345
id_36467,2691
id_36468,9146
id_36469,2120
id_36470,2812
id_36471,2703
id_36472,3789
id_36473,2816
id_36474,1411
id_36475,2847
id_36476,2214
id_36477,1683
id_36478,2528
id_36479,1732
id_36480,5842
id_36481,1582
id_36482,3072
id_36483,7691
id_36484,2034
id_36485,1349
id_36486,3629
id_36487,1630
id_36488,2765
id_36489,2605
id_36490,9973
id_36491,9796
id_36492,5239
id_36493,2276
id_36494,1159
id_36495,3235
id_36496,5621
id_36497,4349
id_36498,5997
id_36499,3513
id_36500,2862
id_36501,6054
id_36502,7759
id_36503,2094
id_36504,2606
id_36505,1735
id_36506,1726
id_36507,3131
id_36508,4595
id_36509,2642
id_36510,1800
id_36511,8504
id_36512,6455
id_36513,4305
id_36514,3451
id_36515,1565
id_36516,4362
id_36517,9644
id_36518,1475
id_36519,4910
id_36520,1923
id_36521,5075
id_36522,8665
id_36523,2033
id_36524,7194
id_36525,2306
id_36526,2310
id_36527,1684
id_36528,4843
id_36529,1561
id_36530,2494
id_36531,1615
id_36532,3540
id_36533,7833
id_36534,2103
id_36535,9718
id_36536,4004
id_36537,9198
id_36538,2666
id_36539,3128
id_36540,1492
id_36541,1671
id_36542,5072
id_36543,7203
id_36544,2707
id_36545,2469
id_36546,2505
id_36547,12407
id_36548,5217
id_36549,3740
id_36550,1314
id_36551,2769
id_36552,2538
id_36553,2353
id_36554,1660
id_36555,1527
id_36556,6973
id_36557,4218
id_36558,4419
id_36559,3449
id_36560,1434
id_36561,6353
id_36562,6723
id_36563,9761
id_36564,2315
id_36565,3597
id_36566,1490
id_36567,5476
id_36568,3598
id_36569,3638
id_36570,2350
id_36571,1634
id_36572,9956
id_36573,2670
id_36574,1344
id_36575,2359
id_36576,2650
id_36577,2676
id_36578,5570
id_36579,4071
id_36580,13006
id_36581,6185
id_36582,6151
id_36583,1731
id_36584,2171
id_36585,4905
id_36586,3636
id_36587,3348
id_36588,5815
id_36589,1792
id_36590,2244
id_36591,1606
id_36592,3138
id_36593,1047
id_36594,7821
id_36595,3135
id_36596,1618
id_36597,2369
id_36598,6139
id_36599,8187
id_36600,2724
id_36601,1872
id_36602,3569
id_36603,2760
id_36604,2681
id_36605,2039
id_36606,2232
id_36607,5211
id_36608,1478
id_36609,12145
id_36610,8880
id_36611,2734
id_36612,1221
id_36613,1496
id_36614,5713
id_36615,3463
id_36616,2381
id_36617,1503
id_36618,2564
id_36619,1996
id_36620,1519
id_36621,5594
id_36622,2151
id_36623,3138
id_36624,6438
id_36625,3300
id_36626,5073
id_36627,8481
id_36628,5234
id_36629,1233
id_36630,3013
id_36631,2548
id_36632,2500
id_36633,4893
id_36634,8915
id_36635,4279
id_36636,2065
id_36637,1299
id_36638,13293
id_36639,1918
id_36640,1912
id_36641,1825
id_36642,9567
id_36643,2541
id_36644,4645
id_36645,2963
id_36646,2483
id_36647,1667
id_36648,3212
id_36649,4491
id_36650,2601
id_36651,9718
id_36652,1933
id_36653,5923
id_36654,5070
id_36655,4208
id_36656,2382
id_36657,21926
id_36658,6887
id_36659,6165
id_36660,8982
id_36661,1456
id_36662,3174
id_36663,2702
id_36664,6008
id_36665,965
id_36666,13152
id_36667,1576
id_36668,5470
id_36669,2618
id_36670,2812
id_36671,2813
id_36672,5013
id_36673,2097
id_36674,2705
id_36675,8375
id_36676,3382
id_36677,13259
id_36678,3256
id_36679,2465
id_36680,1603
id_36681,4557
id_36682,4927
id_36683,7877
id_36684,4565
id_36685,2406
id_36686,2997
id_36687,2483
id_36688,4812
id_36689,2525
id_36690,2804
id_36691,4623
id_36692,2155
id_36693,1027
id_36694,2065
id_36695,2541
id_36696,1679
id_36697,2852
id_36698,1116
id_36699,6284
id_36700,1837
id_36701,2732
id_36702,1633
id_36703,1408
id_36704,2383
id_36705,8883
id_36706,1376
id_36707,2369
id_36708,4529
id_36709,1983
id_36710,4010
id_36711,3082
id_36712,7459
id_36713,2346
id_36714,2139
id_36715,1161
id_36716,5754
id_36717,2773
id_36718,2429
id_36719,1022
id_36720,2145
id_36721,3357
id_36722,5984
id_36723,3029
id_36724,2261
id_36725,1099
id_36726,3566
id_36727,6516
id_36728,2962
id_36729,1105
id_36730,3417
id_36731,1627
id_36732,1988
id_36733,1301
id_36734,2166
id_36735,4974
id_36736,1711
id_36737,3187
id_36738,1304
id_36739,3441
id_36740,2582
id_36741,4180
id_36742,1925
id_36743,3046
id_36744,3962
id_36745,1781
id_36746,1361
id_36747,3530
id_36748,2613
id_36749,1581
id_36750,1883
id_36751,6150
id_36752,4385
id_36753,10950
id_36754,1615
id_36755,4422
id_36756,3298
id_36757,7412
id_36758,1954
id_36759,3974
id_36760,1422
id_36761,3014
id_36762,1408
id_36763,4296
id_36764,1545
id_36765,1650
id_36766,4378
id_36767,8750
id_36768,1107
id_36769,2921
id_36770,4290
id_36771,3843
id_36772,9909
id_36773,2263
id_36774,2315
id_36775,3240
id_36776,4476
id_36777,3989
id_36778,6883
id_36779,2639
id_36780,4168
id_36781,2776
id_36782,6031
id_36783,1689
id_36784,2809
id_36785,5791
id_36786,1849
id_36787,4339
id_36788,6652
id_36789,5585
id_36790,2007
id_36791,6081
id_36792,6245
id_36793,12101
id_36794,24115
id_36795,2103
id_36796,4110
id_36797,1096
id_36798,2956
id_36799,4195
id_36800,4587
id_36801,1586
id_36802,2249
id_36803,4535
id_36804,7521
id_36805,9803
id_36806,1928
id_36807,4836
id_36808,4900
id_36809,2018
id_36810,3666
id_36811,1767
id_36812,959
id_36813,2395
id_36814,1967
id_36815,6115
id_36816,2718
id_36817,1963
id_36818,2838
id_36819,2577
id_36820,2016
id_36821,2753
id_36822,1271
id_36823,3196
id_36824,9034
id_36825,2516
id_36826,3629
id_36827,3673
id_36828,2438
id_36829,5713
id_36830,2212
id_36831,2459
id_36832,5930
id_36833,3210
id_36834,6317
id_36835,1851
id_36836,3393
id_36837,3665
id_36838,1586
id_36839,3900
id_36840,3148
id_36841,1249
id_36842,3651
id_36843,2288
id_36844,1581
id_36845,5342
id_36846,4454
id_36847,2864
id_36848,2257
id_36849,4881
id_36850,2590
id_36851,3331
id_36852,1931
id_36853,2155
id_36854,2894
id_36855,4953
id_36856,2742
id_36857,2250
id_36858,3690
id_36859,4733
id_36860,3009
id_36861,2922
id_36862,3290
id_36863,4463
id_36864,3568
id_36865,2121
id_36866,27604
id_36867,4912
id_36868,2740
id_36869,2922
id_36870,9422
id_36871,9771
id_36872,2127
id_36873,2142
id_36874,2218
id_36875,10889
id_36876,8344
id_36877,2035
id_36878,1355
id_36879,1740
id_36880,1972
id_36881,6831
id_36882,4528
id_36883,2885
id_36884,6700
id_36885,4176
id_36886,2716
id_36887,1682
id_36888,4732
id_36889,2548
id_36890,1559
id_36891,1437
id_36892,9174
id_36893,8228
id_36894,2982
id_36895,2378
id_36896,4701
id_36897,3511
id_36898,5731
id_36899,7440
id_36900,2926
id_36901,4166
id_36902,1277
id_36903,1934
id_36904,3046
id_36905,16126
id_36906,1571
id_36907,1411
id_36908,1711
id_36909,1470
id_36910,4874
id_36911,1850
id_36912,10755
id_36913,1993
id_36914,6781
id_36915,2021
id_36916,3440
id_36917,2172
id_36918,3739
id_36919,2734
id_36920,9355
id_36921,4190
id_36922,1344
id_36923,2468
id_36924,3445
id_36925,11044
id_36926,4633
id_36927,2687
id_36928,3186
id_36929,2811
id_36930,3474
id_36931,2939
id_36932,1673
id_36933,1637
id_36934,4473
id_36935,2712
id_36936,3535
id_36937,2441
id_36938,2170
id_36939,2694
id_36940,7059
id_36941,3393
id_36942,1021
id_36943,1423
id_36944,1336
id_36945,2522
id_36946,3550
id_36947,4661
id_36948,5787
id_36949,6636
id_36950,2974
id_36951,4202
id_36952,4979
id_36953,3224
id_36954,8095
id_36955,4132
id_36956,2498
id_36957,24200
id_36958,3746
id_36959,1162
id_36960,2481
id_36961,3441
id_36962,1606
id_36963,4609
id_36964,5037
id_36965,2759
id_36966,12206
id_36967,3795
id_36968,3161
id_36969,2022
id_36970,3726
id_36971,8372
id_36972,4675
id_36973,2205
id_36974,1079
id_36975,3455
id_36976,2078
id_36977,2708
id_36978,1309
id_36979,2239
id_36980,5176
id_36981,4999
id_36982,3394
id_36983,5397
id_36984,2432
id_36985,3442
id_36986,2308
id_36987,1088
id_36988,1565
id_36989,2351
id_36990,2010
id_36991,1628
id_36992,3537
id_36993,4548
id_36994,3368
id_36995,2664
id_36996,1678
id_36997,3862
id_36998,4001
id_36999,3561
id_37000,2173
id_37001,1686
id_37002,2198
id_37003,5343
id_37004,4063
id_37005,1741
id_37006,2657
id_37007,4765
id_37008,3226
id_37009,6919
id_37010,2503
id_37011,3338
id_37012,2054
id_37013,2896
id_37014,1471
id_37015,3572
id_37016,1696
id_37017,4197
id_37018,1121
id_37019,4049
id_37020,4382
id_37021,2045
id_37022,9333
id_37023,1752
id_37024,2532
id_37025,1458
id_37026,8283
id_37027,2235
id_37028,2264
id_37029,4169
id_37030,3119
id_37031,1810
id_37032,7393
id_37033,2336
id_37034,3671
id_37035,6672
id_37036,3610
id_37037,1675
id_37038,1962
id_37039,2306
id_37040,2278
id_37041,7269
id_37042,2817
id_37043,7237
id_37044,2476
id_37045,3230
id_37046,1167
id_37047,3243
id_37048,2837
id_37049,3899
id_37050,3300
id_37051,5192
id_37052,2119
id_37053,1868
id_37054,2870
id_37055,1638
id_37056,1471
id_37057,4090
id_37058,2125
id_37059,3861
id_37060,6834
id_37061,1489
id_37062,6107
id_37063,2061
id_37064,4345
id_37065,3091
id_37066,2325
id_37067,4715
id_37068,1456
id_37069,2364
id_37070,2063
id_37071,27647
id_37072,1515
id_37073,3935
id_37074,1586
id_37075,5648
id_37076,2478
id_37077,4131
id_37078,2004
id_37079,6499
id_37080,3197
id_37081,7291
id_37082,2344
id_37083,8857
id_37084,1888
id_37085,2629
id_37086,3049
id_37087,2797
id_37088,1451
id_37089,2034
id_37090,10719
id_37091,2706
id_37092,3445
id_37093,3505
id_37094,2015
id_37095,8532
id_37096,2715
id_37097,5600
id_37098,7389
id_37099,4620
id_37100,6249
id_37101,5058
id_37102,4894
id_37103,2901
id_37104,1421
id_37105,2494
id_37106,6049
id_37107,4075
id_37108,1881
id_37109,2266
id_37110,1676
id_37111,3438
id_37112,1913
id_37113,1747
id_37114,13632
id_37115,5604
id_37116,1535
id_37117,1481
id_37118,2333
id_37119,4143
id_37120,2314
id_37121,2940
id_37122,6258
id_37123,1702
id_37124,8502
id_37125,5973
id_37126,5352
id_37127,2941
id_37128,7342
id_37129,1906
id_37130,1226
id_37131,1399
id_37132,1924
id_37133,3506
id_37134,9620
id_37135,2071
id_37136,2808
id_37137,1673
id_37138,6172
id_37139,9670
id_37140,1830
id_37141,1540
id_37142,2145
id_37143,6442
id_37144,2511
id_37145,2168
id_37146,3833
id_37147,6715
id_37148,4352
id_37149,1619
id_37150,2959
id_37151,3377
id_37152,4526
id_37153,2645
id_37154,2635
id_37155,3290
id_37156,1793
id_37157,1717
id_37158,2336
id_37159,1767
id_37160,3585
id_37161,3281
id_37162,4840
id_37163,1357
id_37164,1772
id_37165,2691
id_37166,1681
id_37167,6248
id_37168,5414
id_37169,2230
id_37170,1823
id_37171,9222
id_37172,3833
id_37173,2433
id_37174,3347
id_37175,1689
id_37176,3782
id_37177,1923
id_37178,3041
id_37179,1868
id_37180,4701
id_37181,2224
id_37182,3280
id_37183,1066
id_37184,2912
id_37185,2218
id_37186,1695
id_37187,2769
id_37188,1079
id_37189,4083
id_37190,4966
id_37191,2419
id_37192,1859
id_37193,1300
id_37194,2112
id_37195,3651
id_37196,3828
id_37197,2542
id_37198,2048
id_37199,3822
id_37200,2154
id_37201,1658
id_37202,10727
id_37203,1973
id_37204,4839
id_37205,3532
id_37206,1760
id_37207,1429
id_37208,2589
id_37209,6123
id_37210,3413
id_37211,10335
id_37212,3413
id_37213,19122
id_37214,2431
id_37215,2552
id_37216,6733
id_37217,2214
id_37218,1982
id_37219,2728
id_37220,2900
id_37221,1419
id_37222,2489
id_37223,1712
id_37224,3518
id_37225,2919
id_37226,1001
id_37227,5996
id_37228,2857
id_37229,3102
id_37230,3922
id_37231,3114
id_37232,2242
id_37233,2648
id_37234,4218
id_37235,7261
id_37236,9596
id_37237,4153
id_37238,2220
id_37239,2712
id_37240,2673
id_37241,3261
id_37242,8269
id_37243,5868
id_37244,1807
id_37245,2332
id_37246,2529
id_37247,6640
id_37248,2041
id_37249,2174
id_37250,2397
id_37251,2437
id_37252,1311
id_37253,1515
id_37254,2056
id_37255,1926
id_37256,2600
id_37257,1172
id_37258,2626
id_37259,1638
id_37260,2591
id_37261,2662
id_37262,4590
id_37263,1345
id_37264,3141
id_37265,1560
id_37266,2086
id_37267,2469
id_37268,1342
id_37269,1445
id_37270,840
id_37271,3688
id_37272,7026
id_37273,1546
id_37274,2086
id_37275,2673
id_37276,5258
id_37277,2604
id_37278,2339
id_37279,6759
id_37280,33743
id_37281,3897
id_37282,4153
id_37283,4236
id_37284,1831
id_37285,5780
id_37286,1511
id_37287,3230
id_37288,8136
id_37289,1966
id_37290,4883
id_37291,1334
id_37292,1547
id_37293,2123
id_37294,7717
id_37295,3254
id_37296,2373
id_37297,1873
id_37298,3527
id_37299,3739
id_37300,2079
id_37301,2219
id_37302,8214
id_37303,3265
id_37304,2544
id_37305,1939
id_37306,6994
id_37307,2386
id_37308,1544
id_37309,3163
id_37310,1403
id_37311,12296
id_37312,2754
id_37313,2132
id_37314,4753
id_37315,2811
id_37316,1950
id_37317,2035
id_37318,3979
id_37319,1665
id_37320,1018
id_37321,2128
id_37322,3027
id_37323,5030
id_37324,12264
id_37325,3075
id_37326,1585
id_37327,6458
id_37328,10269
id_37329,3601
id_37330,1597
id_37331,16742
id_37332,4632
id_37333,1614
id_37334,1954
id_37335,2880
id_37336,5923
id_37337,3426
id_37338,5225
id_37339,4907
id_37340,4374
id_37341,6261
id_37342,6728
id_37343,3414
id_37344,3828
id_37345,2868
id_37346,8485
id_37347,1457
id_37348,5735
id_37349,4123
id_37350,2856
id_37351,13899
id_37352,11786
id_37353,2180
id_37354,2522
id_37355,8274
id_37356,8085
id_37357,8817
id_37358,3171
id_37359,4029
id_37360,907
id_37361,1447
id_37362,1682
id_37363,2116
id_37364,27145
id_37365,2326
id_37366,2027
id_37367,1610
id_37368,2317
id_37369,2270
id_37370,8052
id_37371,3503
id_37372,1992
id_37373,4075
id_37374,2525
id_37375,2134
id_37376,2679
id_37377,2947
id_37378,1928
id_37379,3800
id_37380,1324
id_37381,2773
id_37382,1772
id_37383,2145
id_37384,4456
id_37385,5807
id_37386,3879
id_37387,1886
id_37388,1955
id_37389,12726
id_37390,4462
id_37391,7072
id_37392,4697
id_37393,9246
id_37394,1557
id_37395,2137
id_37396,1299
id_37397,1652
id_37398,8282
id_37399,1041
id_37400,999
id_37401,2083
id_37402,1805
id_37403,1347
id_37404,4911
id_37405,8289
id_37406,4669
id_37407,2158
id_37408,3463
id_37409,4037
id_37410,1947
id_37411,3786
id_37412,1734
id_37413,7338
id_37414,6001
id_37415,4433
id_37416,2476
id_37417,1907
id_37418,1502
id_37419,1937
id_37420,13768
id_37421,925
id_37422,3955
id_37423,1550
id_37424,2596
id_37425,3548
id_37426,6181
id_37427,2753
id_37428,7183
id_37429,1858
id_37430,2448
id_37431,7658
id_37432,3589
id_37433,4437
id_37434,2891
id_37435,3386
id_37436,2606
id_37437,2796
id_37438,1351
id_37439,2509
id_37440,5902
id_37441,2557
id_37442,1355
id_37443,1226
id_37444,4024
id_37445,2706
id_37446,1943
id_37447,2715
id_37448,2870
id_37449,2273
id_37450,1172
id_37451,968
id_37452,1928
id_37453,10889
id_37454,1671
id_37455,4106
id_37456,4379
id_37457,1803
id_37458,3123
id_37459,2540
id_37460,1209
id_37461,2030
id_37462,1222
id_37463,4770
id_37464,1479
id_37465,3294
id_37466,1723
id_37467,3588
id_37468,8790
id_37469,9669
id_37470,4003
id_37471,1378
id_37472,2086
id_37473,14405
id_37474,2746
id_37475,2822
id_37476,2628
id_37477,1355
id_37478,6211
id_37479,8603
id_37480,2724
id_37481,1738
id_37482,3476
id_37483,5096
id_37484,3959
id_37485,1768
id_37486,4745
id_37487,2762
id_37488,12224
id_37489,1819
id_37490,7278
id_37491,1139
id_37492,2919
id_37493,3627
id_37494,14640
id_37495,1273
id_37496,2275
id_37497,1454
id_37498,4003
id_37499,4665
id_37500,4579
id_37501,17267
id_37502,8255
id_37503,4029
id_37504,1468
id_37505,3482
id_37506,2768
id_37507,2904
id_37508,9202
id_37509,8331
id_37510,2945
id_37511,3308
id_37512,1946
id_37513,2192
id_37514,1498
id_37515,7946
id_37516,11371
id_37517,3871
id_37518,2022
id_37519,7924
id_37520,5286
id_37521,3102
id_37522,2682
id_37523,3805
id_37524,5522
id_37525,4465
id_37526,2338
id_37527,2483
id_37528,4128
id_37529,2923
id_37530,3088
id_37531,12571
id_37532,1129
id_37533,4045
id_37534,3269
id_37535,4045
id_37536,8114
id_37537,18741
id_37538,2497
id_37539,12662
id_37540,1197
id_37541,2014
id_37542,1427
id_37543,1492
id_37544,3771
id_37545,12662
id_37546,1907
id_37547,3461
id_37548,2961
id_37549,3903
id_37550,2667
id_37551,10533
id_37552,2038
id_37553,3754
id_37554,3464
id_37555,1684
id_37556,6166
id_37557,2969
id_37558,1955
id_37559,3417
id_37560,1969
id_37561,3316
id_37562,10477
id_37563,1386
id_37564,1988
id_37565,5296
id_37566,3453
id_37567,1093
id_37568,1470
id_37569,1651
id_37570,1332
id_37571,2485
id_37572,2826
id_37573,3378
id_37574,2709
id_37575,2121
id_37576,2717
id_37577,1450
id_37578,4369
id_37579,3307
id_37580,2087
id_37581,4300
id_37582,6475
id_37583,1625
id_37584,1745
id_37585,1651
id_37586,2189
id_37587,9534
id_37588,15193
id_37589,3170
id_37590,1214
id_37591,1715
id_37592,8962
id_37593,6121
id_37594,3108
id_37595,4135
id_37596,2030
id_37597,8252
id_37598,1831
id_37599,2500
id_37600,11769
id_37601,11966
id_37602,4337
id_37603,6235
id_37604,1947
id_37605,5096
id_37606,4988
id_37607,2955
id_37608,3044
id_37609,2205
id_37610,2147
id_37611,4316
id_37612,2031
id_37613,2738
id_37614,3740
id_37615,2229
id_37616,1931
id_37617,14386
id_37618,2366
id_37619,8850
id_37620,3289
id_37621,15297
id_37622,2929
id_37623,1536
id_37624,7608
id_37625,2420
id_37626,4162
id_37627,2305
id_37628,2111
id_37629,2050
id_37630,2008
id_37631,4056
id_37632,29489
id_37633,1924
id_37634,1230
id_37635,2885
id_37636,3545
id_37637,4001
id_37638,2401
id_37639,5220
id_37640,4035
id_37641,7064
id_37642,2302
id_37643,6456
id_37644,23776
id_37645,1736
id_37646,3132
id_37647,1540
id_37648,13174
id_37649,3830
id_37650,1564
id_37651,2364
id_37652,3980
id_37653,2454
id_37654,1924
id_37655,1306
id_37656,2796
id_37657,11895
id_37658,2353
id_37659,3498
id_37660,1808
id_37661,4058
id_37662,3452
id_37663,4940
id_37664,1413
id_37665,2779
id_37666,2870
id_37667,2013
id_37668,4126
id_37669,2469
id_37670,1490
id_37671,10718
id_37672,6840
id_37673,4454
id_37674,3636
id_37675,10979
id_37676,3712
id_37677,2826
id_37678,4626
id_37679,2536
id_37680,3761
id_37681,1893
id_37682,4895
id_37683,13109
id_37684,4617
id_37685,3536
id_37686,2611
id_37687,5297
id_37688,2802
id_37689,6969
id_37690,12677
id_37691,3724
id_37692,3600
id_37693,5011
id_37694,6315
id_37695,3460
id_37696,4063
id_37697,9408
id_37698,4711
id_37699,4144
id_37700,1876
id_37701,5371
id_37702,2667
id_37703,2704
id_37704,1967
id_37705,1233
id_37706,2312
id_37707,1756
id_37708,6572
id_37709,2406
id_37710,3768
id_37711,1897
id_37712,2709
id_37713,5166
id_37714,3143
id_37715,1213
id_37716,2582
id_37717,1765
id_37718,1338
id_37719,5804
id_37720,5074
id_37721,2494
id_37722,2967
id_37723,2285
id_37724,1513
id_37725,3392
id_37726,2729
id_37727,2269
id_37728,3566
id_37729,1113
id_37730,4676
id_37731,2543
id_37732,2807
id_37733,6049
id_37734,5110
id_37735,3452
id_37736,1913
id_37737,2586
id_37738,2495
id_37739,1547
id_37740,7735
id_37741,11693
id_37742,2700
id_37743,8781
id_37744,5468
id_37745,2448
id_37746,1955
id_37747,3923
id_37748,21151
id_37749,2528
id_37750,1939
id_37751,4269
id_37752,2321
id_37753,5312
id_37754,3712
id_37755,1778
id_37756,5906
id_37757,8610
id_37758,1732
id_37759,1076
id_37760,3125
id_37761,3622
id_37762,2215
id_37763,2784
id_37764,1699
id_37765,13599
id_37766,17638
id_37767,2747
id_37768,1700
id_37769,1178
id_37770,5548
id_37771,13756
id_37772,1884
id_37773,9439
id_37774,2241
id_37775,2406
id_37776,1864
id_37777,1750
id_37778,2696
id_37779,3936
id_37780,11080
id_37781,2861
id_37782,7014
id_37783,2524
id_37784,2157
id_37785,1808
id_37786,2378
id_37787,2800
id_37788,1565
id_37789,1915
id_37790,1250
id_37791,4955
id_37792,1995
id_37793,1863
id_37794,2446
id_37795,1282
id_37796,2264
id_37797,7930
id_37798,3207
id_37799,4283
id_37800,4139
id_37801,6862
id_37802,3435
id_37803,4581
id_37804,2478
id_37805,17489
id_37806,1859
id_37807,1842
id_37808,3835
id_37809,1665
id_37810,4403
id_37811,8996
id_37812,7700
id_37813,1710
id_37814,2122
id_37815,5437
id_37816,3444
id_37817,1289
id_37818,1716
id_37819,2607
id_37820,1922
id_37821,3824
id_37822,2312
id_37823,4855
id_37824,6055
id_37825,7159
id_37826,1754
id_37827,1175
id_37828,7069
id_37829,1161
id_37830,7444
id_37831,1955
id_37832,5693
id_37833,7555
id_37834,1369
id_37835,2399
id_37836,3203
id_37837,3368
id_37838,6173
id_37839,5196
id_37840,1324
id_37841,4588
id_37842,2476
id_37843,2059
id_37844,6101
id_37845,3817
id_37846,3713
id_37847,1720
id_37848,2043
id_37849,3415
id_37850,3441
id_37851,2336
id_37852,1692
id_37853,2786
id_37854,4450
id_37855,4245
id_37856,2152
id_37857,4579
id_37858,2361
id_37859,1025
id_37860,3381
id_37861,10979
id_37862,2161
id_37863,12796
id_37864,3547
id_37865,7198
id_37866,1865
id_37867,3153
id_37868,3104
id_37869,1966
id_37870,2385
id_37871,3081
id_37872,2252
id_37873,4496
id_37874,3443
id_37875,3596
id_37876,5774
id_37877,1868
id_37878,2524
id_37879,3436
id_37880,5358
id_37881,1708
id_37882,3649
id_37883,2700
id_37884,2774
id_37885,4196
id_37886,4432
id_37887,4565
id_37888,5515
id_37889,2500
id_37890,2142
id_37891,1460
id_37892,7737
id_37893,8133
id_37894,2313
id_37895,3340
id_37896,2677
id_37897,3623
id_37898,1278
id_37899,2021
id_37900,2508
id_37901,5738
id_37902,1473
id_37903,6153
id_37904,12688
id_37905,2721
id_37906,8272
id_37907,1164
id_37908,1309
id_37909,2027
id_37910,4698
id_37911,3078
id_37912,1120
id_37913,7731
id_37914,4515
id_37915,5128
id_37916,4439
id_37917,3470
id_37918,2202
id_37919,1851
id_37920,4024
id_37921,4363
id_37922,1599
id_37923,11228
id_37924,1990
id_37925,4160
id_37926,3653
id_37927,5378
id_37928,4291
id_37929,3401
id_37930,1767
id_37931,4505
id_37932,2812
id_37933,1559
id_37934,3105
id_37935,4418
id_37936,7842
id_37937,3893
id_37938,10906
id_37939,2470
id_37940,5144
id_37941,2641
id_37942,8526
id_37943,2017
id_37944,2327
id_37945,1818
id_37946,1573
id_37947,7222
id_37948,1286
id_37949,4948
id_37950,8470
id_37951,2830
id_37952,5527
id_37953,5224
id_37954,1450
id_37955,2240
id_37956,3553
id_37957,9303
id_37958,4092
id_37959,3967
id_37960,5808
id_37961,4954
id_37962,14457
id_37963,5062
id_37964,5960
id_37965,4391
id_37966,8616
id_37967,5264
id_37968,1831
id_37969,3337
id_37970,1941
id_37971,4297
id_37972,1780
id_37973,5491
id_37974,1761
id_37975,8260
id_37976,2684
id_37977,3638
id_37978,2778
id_37979,3580
id_37980,975
id_37981,1973
id_37982,3047
id_37983,1713
id_37984,1493
id_37985,1988
id_37986,2302
id_37987,3694
id_37988,1747
id_37989,6869
id_37990,7821
id_37991,1846
id_37992,2838
id_37993,9223
id_37994,2446
id_37995,2078
id_37996,1582
id_37997,11625
id_37998,2755
id_37999,6563
id_38000,1552
id_38001,2853
id_38002,1933
id_38003,1795
id_38004,1976
id_38005,1903
id_38006,1743
id_38007,2423
id_38008,3410
id_38009,2471
id_38010,2174
id_38011,2218
id_38012,1700
id_38013,2244
id_38014,1345
id_38015,2075
id_38016,1575
id_38017,1497
id_38018,4064
id_38019,1312
id_38020,1940
id_38021,4507
id_38022,4349
id_38023,1104
id_38024,2232
id_38025,1230
id_38026,2463
id_38027,1948
id_38028,1370
id_38029,1132
id_38030,2166
id_38031,1848
id_38032,5061
id_38033,2871
id_38034,1468
id_38035,5946
id_38036,6045
id_38037,2053
id_38038,1574
id_38039,3287
id_38040,1761
id_38041,1895
id_38042,1767
id_38043,3708
id_38044,1323
id_38045,2472
id_38046,1486
id_38047,1586
id_38048,1792
id_38049,3513
id_38050,5519
id_38051,2828
id_38052,2306
id_38053,3266
id_38054,3253
id_38055,2881
id_38056,1052
id_38057,4006
id_38058,5413
id_38059,3791
id_38060,12744
id_38061,15074
id_38062,4837
id_38063,1703
id_38064,1831
id_38065,2911
id_38066,1481
id_38067,4922
id_38068,6685
id_38069,5652
id_38070,2825
id_38071,2417
id_38072,2922
id_38073,2938
id_38074,2984
id_38075,3154
id_38076,3384
id_38077,3353
id_38078,1919
id_38079,7708
id_38080,1201
id_38081,2403
id_38082,2776
id_38083,2792
id_38084,1807
id_38085,2328
id_38086,1978
id_38087,1323
id_38088,2490
id_38089,2321
id_38090,2622
id_38091,2715
id_38092,5553
id_38093,7000
id_38094,1488
id_38095,1763
id_38096,1651
id_38097,3747
id_38098,2428
id_38099,3824
id_38100,3158
id_38101,3063
id_38102,4300
id_38103,1375
id_38104,1650
id_38105,1610
id_38106,3566
id_38107,3490
id_38108,1582
id_38109,7574
id_38110,3221
id_38111,1628
id_38112,2297
id_38113,3262
id_38114,2716
id_38115,2596
id_38116,1031
id_38117,4737
id_38118,4437
id_38119,2346
id_38120,1687
id_38121,28602
id_38122,2197
id_38123,4944
id_38124,4930
id_38125,3103
id_38126,1563
id_38127,21787
id_38128,2168
id_38129,3542
id_38130,2197
id_38131,2017
id_38132,2415
id_38133,6493
id_38134,6317
id_38135,2979
id_38136,1280
id_38137,3855
id_38138,5416
id_38139,942
id_38140,2284
id_38141,3218
id_38142,2291
id_38143,2268
id_38144,1097
id_38145,6917
id_38146,2279
id_38147,5863
id_38148,3768
id_38149,1730
id_38150,2717
id_38151,2509
id_38152,1864
id_38153,2660
id_38154,5380
id_38155,3650
id_38156,3130
id_38157,4913
id_38158,1173
id_38159,2653
id_38160,3024
id_38161,2128
id_38162,1054
id_38163,6528
id_38164,2356
id_38165,2542
id_38166,3958
id_38167,3609
id_38168,6713
id_38169,11285
id_38170,9718
id_38171,3582
id_38172,1770
id_38173,1760
id_38174,1432
id_38175,6259
id_38176,3606
id_38177,2048
id_38178,1952
id_38179,4744
id_38180,3156
id_38181,3953
id_38182,2532
id_38183,16119
id_38184,2058
id_38185,6279
id_38186,7638
id_38187,1507
id_38188,3855
id_38189,6881
id_38190,2621
id_38191,5014
id_38192,2172
id_38193,2370
id_38194,7454
id_38195,2134
id_38196,1622
id_38197,5551
id_38198,9463
id_38199,4116
id_38200,1758
id_38201,6416
id_38202,2143
id_38203,2507
id_38204,4902
id_38205,4432
id_38206,2235
id_38207,2340
id_38208,2662
id_38209,4844
id_38210,2942
id_38211,2149
id_38212,1854
id_38213,9539
id_38214,5243
id_38215,2188
id_38216,8202
id_38217,6895
id_38218,6263
id_38219,4155
id_38220,2055
id_38221,1613
id_38222,6345
id_38223,3018
id_38224,4823
id_38225,2601
id_38226,4748
id_38227,1572
id_38228,3328
id_38229,1819
id_38230,2352
id_38231,3077
id_38232,2682
id_38233,3228
id_38234,2312
id_38235,1844
id_38236,2759
id_38237,3360
id_38238,5851
id_38239,1444
id_38240,2524
id_38241,1982
id_38242,1930
id_38243,2131
id_38244,1542
id_38245,7124
id_38246,2363
id_38247,11119
id_38248,3039
id_38249,1617
id_38250,4094
id_38251,2318
id_38252,1976
id_38253,1166
id_38254,3656
id_38255,1919
id_38256,1323
id_38257,1463
id_38258,8237
id_38259,1913
id_38260,1658
id_38261,3107
id_38262,2630
id_38263,1867
id_38264,4436
id_38265,1403
id_38266,2442
id_38267,3984
id_38268,3007
id_38269,2336
id_38270,6008
id_38271,2684
id_38272,1143
id_38273,5355
id_38274,1385
id_38275,3214
id_38276,2876
id_38277,2570
id_38278,4991
id_38279,1883
id_38280,1277
id_38281,5982
id_38282,8661
id_38283,1266
id_38284,2867
id_38285,2901
id_38286,2072
id_38287,1656
id_38288,11586
id_38289,3486
id_38290,944
id_38291,1635
id_38292,4964
id_38293,3956
id_38294,16439
id_38295,1993
id_38296,1575
id_38297,9814
id_38298,1664
id_38299,1316
id_38300,6705
id_38301,3591
id_38302,3183
id_38303,2475
id_38304,4602
id_38305,6259
id_38306,1929
id_38307,1790
id_38308,982
id_38309,2534
id_38310,2945
id_38311,3506
id_38312,2633
id_38313,2462
id_38314,2186
id_38315,1860
id_38316,3286
id_38317,2202
id_38318,6753
id_38319,1468
id_38320,4152
id_38321,3088
id_38322,5401
id_38323,1994
id_38324,3953
id_38325,1824
id_38326,1853
id_38327,7497
id_38328,1933
id_38329,2537
id_38330,1884
id_38331,3420
id_38332,1605
id_38333,7690
id_38334,1286
id_38335,7689
id_38336,1910
id_38337,2808
id_38338,2048
id_38339,1751
id_38340,1749
id_38341,2998
id_38342,1846
id_38343,4560
id_38344,4935
id_38345,5059
id_38346,1960
id_38347,6481
id_38348,1550
id_38349,1727
id_38350,4423
id_38351,1719
id_38352,8422
id_38353,2314
id_38354,4814
id_38355,10836
id_38356,3158
id_38357,2005
id_38358,2689
id_38359,3670
id_38360,1060
id_38361,3312
id_38362,3779
id_38363,1541
id_38364,2528
id_38365,3490
id_38366,12554
id_38367,1717
id_38368,4526
id_38369,7133
id_38370,5978
id_38371,5861
id_38372,2470
id_38373,5615
id_38374,7578
id_38375,2112
id_38376,7873
id_38377,13301
id_38378,2700
id_38379,1569
id_38380,2682
id_38381,5300
id_38382,4474
id_38383,4934
id_38384,3453
id_38385,3139
id_38386,1602
id_38387,1981
id_38388,1959
id_38389,2761
id_38390,4827
id_38391,3073
id_38392,11889
id_38393,2545
id_38394,5298
id_38395,4999
id_38396,4627
id_38397,2344
id_38398,3598
id_38399,5190
id_38400,5761
id_38401,4405
id_38402,3162
id_38403,3768
id_38404,6758
id_38405,9705
id_38406,2544
id_38407,1440
id_38408,2546
id_38409,3629
id_38410,2010
id_38411,2194
id_38412,5257
id_38413,1937
id_38414,4678
id_38415,2464
id_38416,3981
id_38417,16078
id_38418,3826
id_38419,9430
id_38420,1430
id_38421,4627
id_38422,1704
id_38423,9924
id_38424,8121
id_38425,4416
id_38426,3651
id_38427,3348
id_38428,1414
id_38429,2427
id_38430,1964
id_38431,4136
id_38432,3733
id_38433,4068
id_38434,4767
id_38435,5896
id_38436,2372
id_38437,5075
id_38438,4075
id_38439,4912
id_38440,2946
id_38441,3494
id_38442,1712
id_38443,2790
id_38444,5632
id_38445,1772
id_38446,3563
id_38447,9798
id_38448,12123
id_38449,1475
id_38450,1798
id_38451,1012
id_38452,3444
id_38453,1885
id_38454,4263
id_38455,2416
id_38456,1977
id_38457,2523
id_38458,1310
id_38459,1964
id_38460,1683
id_38461,3097
id_38462,1684
id_38463,3667
id_38464,5675
id_38465,1411
id_38466,3242
id_38467,1729
id_38468,3523
id_38469,1744
id_38470,2043
id_38471,3891
id_38472,2621
id_38473,1873
id_38474,2669
id_38475,3438
id_38476,2623
id_38477,1930
id_38478,2826
id_38479,2883
id_38480,7193
id_38481,2209
id_38482,3202
id_38483,1687
id_38484,2045
id_38485,1601
id_38486,1893
id_38487,4131
id_38488,4656
id_38489,1881
id_38490,2764
id_38491,6228
id_38492,7088
id_38493,1488
id_38494,1893
id_38495,14669
id_38496,3053
id_38497,11709
id_38498,1570
id_38499,1777
id_38500,1183
id_38501,4316
id_38502,6119
id_38503,2566
id_38504,1312
id_38505,2028
id_38506,8520
id_38507,4144
id_38508,2467
id_38509,2851
id_38510,5050
id_38511,2167
id_38512,4636
id_38513,2933
id_38514,5405
id_38515,6454
id_38516,11317
id_38517,8670
id_38518,5287
id_38519,2511
id_38520,16141
id_38521,1171
id_38522,5930
id_38523,1950
id_38524,3098
id_38525,2346
id_38526,1433
id_38527,2015
id_38528,2342
id_38529,1985
id_38530,2753
id_38531,3141
id_38532,2750
id_38533,2809
id_38534,4965
id_38535,1987
id_38536,4037
id_38537,2017
id_38538,7013
id_38539,13086
id_38540,2373
id_38541,4524
id_38542,5059
id_38543,1403
id_38544,2944
id_38545,4172
id_38546,1991
id_38547,2081
id_38548,1542
id_38549,2329
id_38550,4779
id_38551,7597
id_38552,7465
id_38553,2873
id_38554,7027
id_38555,3328
id_38556,4771
id_38557,1717
id_38558,13478
id_38559,3064
id_38560,17810
id_38561,3089
id_38562,2182
id_38563,9421
id_38564,946
id_38565,6872
id_38566,4807
id_38567,1913
id_38568,1824
id_38569,5973
id_38570,5768
id_38571,2044
id_38572,1845
id_38573,1478
id_38574,1519
id_38575,5466
id_38576,4223
id_38577,4658
id_38578,2270
id_38579,2013
id_38580,8604
id_38581,4251
id_38582,7636
id_38583,1767
id_38584,2515
id_38585,1335
id_38586,3644
id_38587,2319
id_38588,3521
id_38589,1160
id_38590,2099
id_38591,2026
id_38592,6831
id_38593,6845
id_38594,5171
id_38595,850
id_38596,8604
id_38597,3049
id_38598,1370
id_38599,21832
id_38600,4514
id_38601,2674
id_38602,8055
id_38603,3314
id_38604,6065
id_38605,2200
id_38606,7051
id_38607,3823
id_38608,6639
id_38609,1812
id_38610,2804
id_38611,19867
id_38612,3377
id_38613,3583
id_38614,4506
id_38615,3726
id_38616,1043
id_38617,6642
id_38618,14579
id_38619,3844
id_38620,5480
id_38621,3754
id_38622,2048
id_38623,3258
id_38624,2344
id_38625,2491
id_38626,2381
id_38627,1848
id_38628,3105
id_38629,2263
id_38630,2184
id_38631,2061
id_38632,3805
id_38633,3247
id_38634,4437
id_38635,5458
id_38636,872
id_38637,10214
id_38638,3041
id_38639,14509
id_38640,2383
id_38641,2022
id_38642,7134
id_38643,2241
id_38644,6325
id_38645,1850
id_38646,1216
id_38647,3699
id_38648,1743
id_38649,2877
id_38650,1715
id_38651,2828
id_38652,1951
id_38653,1817
id_38654,1355
id_38655,2065
id_38656,1812
id_38657,3261
id_38658,13222
id_38659,1802
id_38660,33110
id_38661,1652
id_38662,4947
id_38663,5108
id_38664,1531
id_38665,5712
id_38666,2146
id_38667,4982
id_38668,1213
id_38669,2591
id_38670,10419
id_38671,1269
id_38672,1868
id_38673,5676
id_38674,2171
id_38675,7793
id_38676,3073
id_38677,1991
id_38678,2686
id_38679,4032
id_38680,7185
id_38681,1726
id_38682,1929
id_38683,7371
id_38684,1966
id_38685,1844
id_38686,5911
id_38687,2591
id_38688,3317
id_38689,6176
id_38690,1071
id_38691,3578
id_38692,14194
id_38693,1394
id_38694,5215
id_38695,2678
id_38696,2428
id_38697,2670
id_38698,3155
id_38699,1716
id_38700,4179
id_38701,1310
id_38702,1737
id_38703,2492
id_38704,8712
id_38705,2278
id_38706,1948
id_38707,1412
id_38708,2342
id_38709,2571
id_38710,2041
id_38711,4489
id_38712,1777
id_38713,1641
id_38714,1697
id_38715,3763
id_38716,5278
id_38717,3837
id_38718,1989
id_38719,3397
id_38720,4478
id_38721,2083
id_38722,2168
id_38723,6183
id_38724,9276
id_38725,3015
id_38726,1324
id_38727,3803
id_38728,3234
id_38729,7998
id_38730,1939
id_38731,1631
id_38732,2999
id_38733,2254
id_38734,5793
id_38735,1805
id_38736,7458
id_38737,4775
id_38738,1424
id_38739,1625
id_38740,5365
id_38741,1502
id_38742,4380
id_38743,1939
id_38744,2589
id_38745,1270
id_38746,1751
id_38747,4367
id_38748,2094
id_38749,1540
id_38750,4274
id_38751,3184
id_38752,3020
id_38753,1433
id_38754,4293
id_38755,2500
id_38756,1262
id_38757,7962
id_38758,1660
id_38759,2988
id_38760,8008
id_38761,9332
id_38762,3102
id_38763,2410
id_38764,3593
id_38765,913
id_38766,2632
id_38767,3030
id_38768,2175
id_38769,1244
id_38770,4209
id_38771,11026
id_38772,1522
id_38773,4242
id_38774,1899
id_38775,1910
id_38776,2832
id_38777,2701
id_38778,931
id_38779,14680
id_38780,1757
id_38781,2864
id_38782,18093
id_38783,4263
id_38784,12183
id_38785,2288
id_38786,11590
id_38787,7684
id_38788,1863
id_38789,2685
id_38790,4155
id_38791,1728
id_38792,1424
id_38793,4031
id_38794,2301
id_38795,2462
id_38796,1353
id_38797,6264
id_38798,7629
id_38799,2223
id_38800,897
id_38801,3520
id_38802,2956
id_38803,5172
id_38804,1946
id_38805,2862
id_38806,7629
id_38807,6290
id_38808,1461
id_38809,8882
id_38810,1397
id_38811,2917
id_38812,4126
id_38813,2232
id_38814,4312
id_38815,2671
id_38816,2740
id_38817,3497
id_38818,18600
id_38819,1687
id_38820,9613
id_38821,5281
id_38822,1841
id_38823,7429
id_38824,2338
id_38825,2002
id_38826,1975
id_38827,3484
id_38828,3251
id_38829,1713
id_38830,2661
id_38831,2353
id_38832,3335
id_38833,5183
id_38834,5777
id_38835,3145
id_38836,1681
id_38837,2005
id_38838,3296
id_38839,1031
id_38840,9400
id_38841,3210
id_38842,3870
id_38843,9988
id_38844,3929
id_38845,6963
id_38846,3010
id_38847,2045
id_38848,3985
id_38849,1542
id_38850,8335
id_38851,3404
id_38852,4524
id_38853,1372
id_38854,1448
id_38855,2368
id_38856,7913
id_38857,18249
id_38858,2183
id_38859,4254
id_38860,2158
id_38861,2289
id_38862,10821
id_38863,1280
id_38864,2406
id_38865,1907
id_38866,2834
id_38867,3483
id_38868,1943
id_38869,4448
id_38870,2220
id_38871,2573
id_38872,4315
id_38873,1890
id_38874,5503
id_38875,2443
id_38876,2204
id_38877,1609
id_38878,2969
id_38879,2800
id_38880,2890
id_38881,2379
id_38882,2488
id_38883,1916
id_38884,5837
id_38885,3621
id_38886,4145
id_38887,1178
id_38888,1764
id_38889,9980
id_38890,7297
id_38891,3273
id_38892,9978
id_38893,3143
id_38894,1620
id_38895,1990
id_38896,2093
id_38897,1558
id_38898,2032
id_38899,1072
id_38900,1690
id_38901,2744
id_38902,1909
id_38903,3307
id_38904,1750
id_38905,2817
id_38906,2353
id_38907,3958
id_38908,1411
id_38909,11976
id_38910,4135
id_38911,6827
id_38912,1317
id_38913,1903
id_38914,1403
id_38915,5557
id_38916,2511
id_38917,10870
id_38918,4724
id_38919,4084
id_38920,8902
id_38921,3294
id_38922,2812
id_38923,2616
id_38924,1193
id_38925,3321
id_38926,17409
id_38927,1634
id_38928,3776
id_38929,2189
id_38930,2196
id_38931,1490
id_38932,2900
id_38933,4248
id_38934,5338
id_38935,2739
id_38936,2735
id_38937,2993
id_38938,2240
id_38939,2263
id_38940,2568
id_38941,2274
id_38942,4525
id_38943,3929
id_38944,4914
id_38945,3949
id_38946,3810
id_38947,1291
id_38948,3704
id_38949,6189
id_38950,3210
id_38951,1873
id_38952,15705
id_38953,4657
id_38954,4676
id_38955,4860
id_38956,4345
id_38957,3397
id_38958,1774
id_38959,4433
id_38960,2396
id_38961,2704
id_38962,976
id_38963,2315
id_38964,2741
id_38965,11000
id_38966,4950
id_38967,5426
id_38968,1670
id_38969,2834
id_38970,4812
id_38971,1376
id_38972,2043
id_38973,1911
id_38974,7020
id_38975,1615
id_38976,3787
id_38977,1919
id_38978,5011
id_38979,2531
id_38980,1453
id_38981,1794
id_38982,1771
id_38983,4517
id_38984,2832
id_38985,4792
id_38986,2559
id_38987,2866
id_38988,2290
id_38989,2549
id_38990,6735
id_38991,3868
id_38992,13949
id_38993,2627
id_38994,1895
id_38995,1200
id_38996,2479
id_38997,8440
id_38998,1429
id_38999,3496
id_39000,2423
id_39001,1864
id_39002,2228
id_39003,1707
id_39004,2606
id_39005,2120
id_39006,2520
id_39007,4445
id_39008,4270
id_39009,1684
id_39010,1304
id_39011,6307
id_39012,2406
id_39013,4321
id_39014,2049
id_39015,1633
id_39016,4340
id_39017,8568
id_39018,6090
id_39019,2789
id_39020,5910
id_39021,8726
id_39022,1455
id_39023,2161
id_39024,11576
id_39025,11891
id_39026,2400
id_39027,2671
id_39028,7153
id_39029,1579
id_39030,5203
id_39031,3478
id_39032,2146
id_39033,1213
id_39034,8337
id_39035,2195
id_39036,5691
id_39037,2128
id_39038,3125
id_39039,3270
id_39040,2598
id_39041,2351
id_39042,2235
id_39043,1958
id_39044,3107
id_39045,11125
id_39046,2123
id_39047,1915
id_39048,4912
id_39049,2267
id_39050,4284
id_39051,2111
id_39052,2006
id_39053,2516
id_39054,3542
id_39055,9562
id_39056,1536
id_39057,6287
id_39058,3088
id_39059,2039
id_39060,1740
id_39061,7255
id_39062,6319
id_39063,2794
id_39064,2543
id_39065,1104
id_39066,8356
id_39067,2657
id_39068,2896
id_39069,2562
id_39070,2773
id_39071,2030
id_39072,2413
id_39073,3574
id_39074,1181
id_39075,6349
id_39076,2914
id_39077,1245
id_39078,1024
id_39079,3644
id_39080,1430
id_39081,2061
id_39082,1403
id_39083,2209
id_39084,3301
id_39085,1773
id_39086,4144
id_39087,6476
id_39088,1167
id_39089,7680
id_39090,3795
id_39091,3820
id_39092,1385
id_39093,3133
id_39094,1082
id_39095,21278
id_39096,10374
id_39097,12727
id_39098,3410
id_39099,2521
id_39100,14054
id_39101,3811
id_39102,3890
id_39103,2862
id_39104,5792
id_39105,2718
id_39106,1723
id_39107,2006
id_39108,3434
id_39109,1576
id_39110,1518
id_39111,3585
id_39112,3462
id_39113,4063
id_39114,9524
id_39115,5042
id_39116,4200
id_39117,2045
id_39118,1262
id_39119,3338
id_39120,17964
id_39121,1865
id_39122,2991
id_39123,1780
id_39124,2713
id_39125,3501
id_39126,5229
id_39127,5436
id_39128,3846
id_39129,5060
id_39130,1839
id_39131,4186
id_39132,1593
id_39133,3324
id_39134,1703
id_39135,5052
id_39136,1922
id_39137,4635
id_39138,2353
id_39139,2623
id_39140,17848
id_39141,1727
id_39142,2320
id_39143,1952
id_39144,9013
id_39145,12065
id_39146,1773
id_39147,2304
id_39148,3309
id_39149,2182
id_39150,1845
id_39151,2227
id_39152,2862
id_39153,2081
id_39154,13779
id_39155,2762
id_39156,11758
id_39157,2043
id_39158,3718
id_39159,2622
id_39160,1851
id_39161,2446
id_39162,6072
id_39163,8350
id_39164,3282
id_39165,15554
id_39166,2174
id_39167,4506
id_39168,13962
id_39169,2713
id_39170,4416
id_39171,4813
id_39172,2783
id_39173,1342
id_39174,7287
id_39175,2733
id_39176,1799
id_39177,2620
id_39178,3405
id_39179,1657
id_39180,6613
id_39181,2841
id_39182,2335
id_39183,2491
id_39184,3753
id_39185,3605
id_39186,2627
id_39187,8115
id_39188,1191
id_39189,9661
id_39190,1964
id_39191,2511
id_39192,3016
id_39193,795
id_39194,1115
id_39195,1658
id_39196,6802
id_39197,5449
id_39198,3915
id_39199,5289
id_39200,5096
id_39201,1004
id_39202,2120
id_39203,5043
id_39204,4938
id_39205,6734
id_39206,2185
id_39207,9968
id_39208,2434
id_39209,4659
id_39210,2125
id_39211,1237
id_39212,6322
id_39213,4251
id_39214,3992
id_39215,10641
id_39216,1027
id_39217,26251
id_39218,4456
id_39219,2101
id_39220,2991
id_39221,3104
id_39222,3052
id_39223,1825
id_39224,1320
id_39225,5005
id_39226,5938
id_39227,1631
id_39228,2915
id_39229,3812
id_39230,4285
id_39231,3332
id_39232,6664
id_39233,4856
id_39234,6827
id_39235,1424
id_39236,2481
id_39237,24645
id_39238,5184
id_39239,8139
id_39240,5980
id_39241,9156
id_39242,3006
id_39243,1798
id_39244,2141
id_39245,2364
id_39246,2486
id_39247,3411
id_39248,1386
id_39249,2453
id_39250,3531
id_39251,2698
id_39252,2022
id_39253,1494
id_39254,5932
id_39255,3204
id_39256,2044
id_39257,1781
id_39258,1895
id_39259,2682
id_39260,2961
id_39261,1552
id_39262,1884
id_39263,2847
id_39264,5568
id_39265,2430
id_39266,3497
id_39267,2168
id_39268,8102
id_39269,6177
id_39270,5991
id_39271,3558
id_39272,9866
id_39273,6188
id_39274,1380
id_39275,1459
id_39276,4461
id_39277,1776
id_39278,3485
id_39279,5060
id_39280,1402
id_39281,2069
id_39282,4112
id_39283,1565
id_39284,1704
id_39285,1691
id_39286,2539
id_39287,2224
id_39288,7930
id_39289,4486
id_39290,8456
id_39291,2129
id_39292,5242
id_39293,4141
id_39294,2490
id_39295,2314
id_39296,9163
id_39297,7907
id_39298,6216
id_39299,1441
id_39300,1159
id_39301,2533
id_39302,31203
id_39303,19514
id_39304,3429
id_39305,6795
id_39306,1166
id_39307,9257
id_39308,1779
id_39309,3015
id_39310,6539
id_39311,15651
id_39312,1027
id_39313,12894
id_39314,6148
id_39315,1549
id_39316,2955
id_39317,1181
id_39318,4279
id_39319,7422
id_39320,1871
id_39321,1207
id_39322,1902
id_39323,2536
id_39324,4248
id_39325,5349
id_39326,3140
id_39327,2334
id_39328,1380
id_39329,2698
id_39330,2309
id_39331,1898
id_39332,5621
id_39333,17197
id_39334,5498
id_39335,1483
id_39336,2163
id_39337,5311
id_39338,2121
id_39339,3037
id_39340,1931
id_39341,4034
id_39342,4632
id_39343,9536
id_39344,1592
id_39345,5097
id_39346,2514
id_39347,2419
id_39348,5625
id_39349,2328
id_39350,3062
id_39351,4395
id_39352,2546
id_39353,2245
id_39354,2998
id_39355,4681
id_39356,1375
id_39357,6299
id_39358,1464
id_39359,4942
id_39360,4736
id_39361,4779
id_39362,4629
id_39363,10170
id_39364,1602
id_39365,2614
id_39366,4228
id_39367,3708
id_39368,3836
id_39369,11303
id_39370,944
id_39371,2718
id_39372,12974
id_39373,7676
id_39374,2113
id_39375,3147
id_39376,2063
id_39377,15907
id_39378,8718
id_39379,2143
id_39380,5088
id_39381,2026
id_39382,5166
id_39383,13990
id_39384,5680
id_39385,4740
id_39386,5366
id_39387,2560
id_39388,7059
id_39389,2120
id_39390,5606
id_39391,9212
id_39392,2591
id_39393,2614
id_39394,3154
id_39395,1867
id_39396,1388
id_39397,3701
id_39398,1965
id_39399,1793
id_39400,2672
id_39401,1348
id_39402,3298
id_39403,1493
id_39404,4162
id_39405,4608
id_39406,1740
id_39407,2077
id_39408,2263
id_39409,1950
id_39410,7966
id_39411,1858
id_39412,8838
id_39413,1849
id_39414,3363
id_39415,6294
id_39416,4587
id_39417,4549
id_39418,3120
id_39419,1366
id_39420,3841
id_39421,1254
id_39422,2125
id_39423,3547
id_39424,7427
id_39425,8183
id_39426,6287
id_39427,5960
id_39428,2244
id_39429,2773
id_39430,2890
id_39431,6349
id_39432,3481
id_39433,3274
id_39434,1434
id_39435,4175
id_39436,1654
id_39437,4010
id_39438,6026
id_39439,4598
id_39440,2370
id_39441,1865
id_39442,4656
id_39443,1408
id_39444,4416
id_39445,2643
id_39446,3760
id_39447,9582
id_39448,1417
id_39449,3663
id_39450,4634
id_39451,9311
id_39452,2545
id_39453,3458
id_39454,3780
id_39455,2334
id_39456,2023
id_39457,5209
id_39458,2675
id_39459,1582
id_39460,1690
id_39461,1896
id_39462,2279
id_39463,2962
id_39464,11264
id_39465,18345
id_39466,5767
id_39467,8634
id_39468,2672
id_39469,5137
id_39470,7357
id_39471,1890
id_39472,1966
id_39473,13576
id_39474,2356
id_39475,7599
id_39476,1604
id_39477,1932
id_39478,14319
id_39479,3031
id_39480,16410
id_39481,8620
id_39482,1382
id_39483,2572
id_39484,1942
id_39485,1766
id_39486,7523
id_39487,3842
id_39488,5955
id_39489,8123
id_39490,2734
id_39491,27271
id_39492,2630
id_39493,1629
id_39494,1549
id_39495,2017
id_39496,2881
id_39497,4267
id_39498,2698
id_39499,1613
id_39500,1167
id_39501,3169
id_39502,1115
id_39503,3164
id_39504,2905
id_39505,2852
id_39506,1606
id_39507,2265
id_39508,3244
id_39509,3382
id_39510,3413
id_39511,1480
id_39512,2475
id_39513,2430
id_39514,10809
id_39515,6684
id_39516,2844
id_39517,2241
id_39518,2655
id_39519,2314
id_39520,5795
id_39521,3119
id_39522,3332
id_39523,2643
id_39524,2210
id_39525,2348
id_39526,5172
id_39527,4494
id_39528,9123
id_39529,2479
id_39530,2189
id_39531,4956
id_39532,1303
id_39533,3748
id_39534,1209
id_39535,8094
id_39536,12468
id_39537,13296
id_39538,6145
id_39539,2317
id_39540,1667
id_39541,2515
id_39542,1508
id_39543,4753
id_39544,3896
id_39545,2110
id_39546,10324
id_39547,1494
id_39548,5533
id_39549,2792
id_39550,2566
id_39551,903
id_39552,1565
id_39553,1857
id_39554,8282
id_39555,1561
id_39556,1416
id_39557,2094
id_39558,6323
id_39559,2440
id_39560,2219
id_39561,1661
id_39562,3164
id_39563,2374
id_39564,1938
id_39565,6603
id_39566,1172
id_39567,3167
id_39568,1342
id_39569,5455
id_39570,21598
id_39571,4887
id_39572,4305
id_39573,6804
id_39574,2930
id_39575,6271
id_39576,1295
id_39577,2908
id_39578,2050
id_39579,3671
id_39580,2680
id_39581,1549
id_39582,7073
id_39583,4262
id_39584,2582
id_39585,3017
id_39586,10243
id_39587,2007
id_39588,5319
id_39589,3819
id_39590,1376
id_39591,1550
id_39592,2385
id_39593,1364
id_39594,2377
id_39595,12088
id_39596,1191
id_39597,948
id_39598,3307
id_39599,4674
id_39600,9285
id_39601,2412
id_39602,7355
id_39603,10937
id_39604,8973
id_39605,1246
id_39606,1349
id_39607,2649
id_39608,7562
id_39609,10652
id_39610,4316
id_39611,5603
id_39612,1938
id_39613,8013
id_39614,3071
id_39615,1915
id_39616,3945
id_39617,1502
id_39618,3296
id_39619,3858
id_39620,3659
id_39621,2187
id_39622,2472
id_39623,1151
id_39624,3299
id_39625,1660
id_39626,5220
id_39627,34429
id_39628,6789
id_39629,2173
id_39630,2986
id_39631,4681
id_39632,7145
id_39633,2943
id_39634,3572
id_39635,7405
id_39636,2306
id_39637,16536
id_39638,5186
id_39639,1472
id_39640,2262
id_39641,2787
id_39642,1366
id_39643,5699
